2026-06-10 17:01:14 [INFO] ============== 成功加载 [国家卫生健康委员会] 解析器 ==============
2026-06-10 17:01:16 [INFO] [国家卫生健康委员会] 首页 warm-up 成功，已建立 Session/Cookie
2026-06-10 17:01:16 [INFO] 开始爬取：国家卫生健康委员会，共 4 个栏目
2026-06-10 17:01:16 [INFO] >>> 开始爬取栏目：规范性文件
2026-06-10 17:01:18 [INFO] 列表页请求成功：https://www.nhc.gov.cn/wjw/gfxwjj/list.shtml，状态码：200
2026-06-10 17:01:18 [INFO] 栏目 [规范性文件] 第 1 页解析到 24 条
2026-06-10 17:01:20 [INFO] 列表页请求成功：https://www.nhc.gov.cn/wjw/gfxwjj/list_2.shtml，状态码：200
2026-06-10 17:01:20 [INFO] 栏目 [规范性文件] 第 2 页解析到 24 条
2026-06-10 17:01:22 [INFO] 列表页请求成功：https://www.nhc.gov.cn/wjw/gfxwjj/list_3.shtml，状态码：200
2026-06-10 17:01:22 [INFO] 栏目 [规范性文件] 第 3 页解析到 24 条
2026-06-10 17:01:24 [INFO] 列表页请求成功：https://www.nhc.gov.cn/wjw/gfxwjj/list_4.shtml，状态码：200
2026-06-10 17:01:24 [INFO] 栏目 [规范性文件] 第 4 页解析到 24 条
2026-06-10 17:01:26 [INFO] 列表页请求成功：https://www.nhc.gov.cn/wjw/gfxwjj/list_5.shtml，状态码：200
2026-06-10 17:01:26 [INFO] 栏目 [规范性文件] 第 5 页解析到 24 条
2026-06-10 17:01:28 [INFO] 列表页请求成功：https://www.nhc.gov.cn/wjw/gfxwjj/list_6.shtml，状态码：200
2026-06-10 17:01:28 [INFO] 栏目 [规范性文件] 第 6 页解析到 24 条
2026-06-10 17:01:30 [INFO] 列表页请求成功：https://www.nhc.gov.cn/wjw/gfxwjj/list_7.shtml，状态码：200
2026-06-10 17:01:30 [INFO] 栏目 [规范性文件] 第 7 页解析到 24 条
2026-06-10 17:01:32 [INFO] 列表页请求成功：https://www.nhc.gov.cn/wjw/gfxwjj/list_8.shtml，状态码：200
2026-06-10 17:01:32 [INFO] 栏目 [规范性文件] 第 8 页解析到 24 条
2026-06-10 17:01:34 [INFO] 列表页请求成功：https://www.nhc.gov.cn/wjw/gfxwjj/list_9.shtml，状态码：200
2026-06-10 17:01:34 [INFO] 栏目 [规范性文件] 第 9 页解析到 24 条
2026-06-10 17:01:35 [INFO] 列表页请求成功：https://www.nhc.gov.cn/wjw/gfxwjj/list_10.shtml，状态码：200
2026-06-10 17:01:35 [INFO] 栏目 [规范性文件] 第 10 页解析到 24 条
2026-06-10 17:01:37 [INFO] 列表页请求成功：https://www.nhc.gov.cn/wjw/gfxwjj/list_11.shtml，状态码：200
2026-06-10 17:01:37 [INFO] 栏目 [规范性文件] 第 11 页解析到 24 条
2026-06-10 17:01:39 [INFO] 列表页请求成功：https://www.nhc.gov.cn/wjw/gfxwjj/list_12.shtml，状态码：200
2026-06-10 17:01:39 [INFO] 栏目 [规范性文件] 第 12 页解析到 24 条
2026-06-10 17:01:41 [INFO] 列表页请求成功：https://www.nhc.gov.cn/wjw/gfxwjj/list_13.shtml，状态码：200
2026-06-10 17:01:41 [INFO] 栏目 [规范性文件] 第 13 页解析到 24 条
2026-06-10 17:01:43 [INFO] 列表页请求成功：https://www.nhc.gov.cn/wjw/gfxwjj/list_14.shtml，状态码：200
2026-06-10 17:01:43 [INFO] 栏目 [规范性文件] 第 14 页解析到 24 条
2026-06-10 17:01:45 [INFO] 列表页请求成功：https://www.nhc.gov.cn/wjw/gfxwjj/list_15.shtml，状态码：200
2026-06-10 17:01:45 [INFO] 栏目 [规范性文件] 第 15 页解析到 24 条
2026-06-10 17:01:47 [INFO] 列表页请求成功：https://www.nhc.gov.cn/wjw/gfxwjj/list_16.shtml，状态码：200
2026-06-10 17:01:47 [INFO] 栏目 [规范性文件] 第 16 页解析到 24 条
2026-06-10 17:01:49 [INFO] 列表页请求成功：https://www.nhc.gov.cn/wjw/gfxwjj/list_17.shtml，状态码：200
2026-06-10 17:01:49 [INFO] 栏目 [规范性文件] 第 17 页解析到 24 条
2026-06-10 17:01:51 [INFO] 列表页请求成功：https://www.nhc.gov.cn/wjw/gfxwjj/list_18.shtml，状态码：200
2026-06-10 17:01:51 [INFO] 栏目 [规范性文件] 第 18 页解析到 24 条
2026-06-10 17:01:52 [INFO] 列表页请求成功：https://www.nhc.gov.cn/wjw/gfxwjj/list_19.shtml，状态码：200
2026-06-10 17:01:52 [INFO] 栏目 [规范性文件] 第 19 页解析到 24 条
2026-06-10 17:01:54 [INFO] 列表页请求成功：https://www.nhc.gov.cn/wjw/gfxwjj/list_20.shtml，状态码：200
2026-06-10 17:01:54 [INFO] 栏目 [规范性文件] 第 20 页解析到 24 条
2026-06-10 17:01:57 [INFO] 列表页请求成功：https://www.nhc.gov.cn/wjw/gfxwjj/list_21.shtml，状态码：200
2026-06-10 17:01:57 [INFO] 栏目 [规范性文件] 第 21 页解析到 24 条
2026-06-10 17:01:58 [INFO] 列表页请求成功：https://www.nhc.gov.cn/wjw/gfxwjj/list_22.shtml，状态码：200
2026-06-10 17:01:58 [INFO] 栏目 [规范性文件] 第 22 页解析到 24 条
2026-06-10 17:02:00 [INFO] 列表页请求成功：https://www.nhc.gov.cn/wjw/gfxwjj/list_23.shtml，状态码：200
2026-06-10 17:02:00 [INFO] 栏目 [规范性文件] 第 23 页解析到 24 条
2026-06-10 17:02:02 [INFO] 列表页请求成功：https://www.nhc.gov.cn/wjw/gfxwjj/list_24.shtml，状态码：200
2026-06-10 17:02:02 [INFO] 栏目 [规范性文件] 第 24 页解析到 24 条
2026-06-10 17:02:04 [INFO] 列表页请求成功：https://www.nhc.gov.cn/wjw/gfxwjj/list_25.shtml，状态码：200
2026-06-10 17:02:04 [INFO] 栏目 [规范性文件] 第 25 页解析到 24 条
2026-06-10 17:02:06 [INFO] 列表页请求成功：https://www.nhc.gov.cn/wjw/gfxwjj/list_26.shtml，状态码：200
2026-06-10 17:02:06 [INFO] 栏目 [规范性文件] 第 26 页解析到 24 条
2026-06-10 17:02:08 [INFO] 列表页请求成功：https://www.nhc.gov.cn/wjw/gfxwjj/list_27.shtml，状态码：200
2026-06-10 17:02:08 [INFO] 栏目 [规范性文件] 第 27 页解析到 24 条
2026-06-10 17:02:10 [INFO] 列表页请求成功：https://www.nhc.gov.cn/wjw/gfxwjj/list_28.shtml，状态码：200
2026-06-10 17:02:10 [INFO] 栏目 [规范性文件] 第 28 页解析到 24 条
2026-06-10 17:02:12 [INFO] 列表页请求成功：https://www.nhc.gov.cn/wjw/gfxwjj/list_29.shtml，状态码：200
2026-06-10 17:02:12 [INFO] 栏目 [规范性文件] 第 29 页解析到 24 条
2026-06-10 17:02:14 [INFO] 列表页请求成功：https://www.nhc.gov.cn/wjw/gfxwjj/list_30.shtml，状态码：200
2026-06-10 17:02:14 [INFO] 栏目 [规范性文件] 第 30 页解析到 24 条
2026-06-10 17:02:15 [INFO] 列表页请求成功：https://www.nhc.gov.cn/wjw/gfxwjj/list_31.shtml，状态码：200
2026-06-10 17:02:15 [INFO] 栏目 [规范性文件] 第 31 页解析到 24 条
2026-06-10 17:02:17 [INFO] 列表页请求成功：https://www.nhc.gov.cn/wjw/gfxwjj/list_32.shtml，状态码：200
2026-06-10 17:02:17 [INFO] 栏目 [规范性文件] 第 32 页解析到 24 条
2026-06-10 17:02:19 [INFO] 列表页请求成功：https://www.nhc.gov.cn/wjw/gfxwjj/list_33.shtml，状态码：200
2026-06-10 17:02:19 [INFO] 栏目 [规范性文件] 第 33 页解析到 24 条
2026-06-10 17:02:21 [INFO] 列表页请求成功：https://www.nhc.gov.cn/wjw/gfxwjj/list_34.shtml，状态码：200
2026-06-10 17:02:21 [INFO] 栏目 [规范性文件] 第 34 页解析到 24 条
2026-06-10 17:02:23 [INFO] 列表页请求成功：https://www.nhc.gov.cn/wjw/gfxwjj/list_35.shtml，状态码：200
2026-06-10 17:02:23 [INFO] 栏目 [规范性文件] 第 35 页解析到 24 条
2026-06-10 17:02:25 [INFO] 列表页请求成功：https://www.nhc.gov.cn/wjw/gfxwjj/list_36.shtml，状态码：200
2026-06-10 17:02:25 [INFO] 栏目 [规范性文件] 第 36 页解析到 24 条
2026-06-10 17:02:27 [INFO] 列表页请求成功：https://www.nhc.gov.cn/wjw/gfxwjj/list_37.shtml，状态码：200
2026-06-10 17:02:27 [INFO] 栏目 [规范性文件] 第 37 页解析到 24 条
2026-06-10 17:02:29 [INFO] 列表页请求成功：https://www.nhc.gov.cn/wjw/gfxwjj/list_38.shtml，状态码：200
2026-06-10 17:02:29 [INFO] 栏目 [规范性文件] 第 38 页解析到 24 条
2026-06-10 17:02:30 [INFO] 列表页请求成功：https://www.nhc.gov.cn/wjw/gfxwjj/list_39.shtml，状态码：200
2026-06-10 17:02:30 [INFO] 栏目 [规范性文件] 第 39 页解析到 24 条
2026-06-10 17:02:32 [INFO] 列表页请求成功：https://www.nhc.gov.cn/wjw/gfxwjj/list_40.shtml，状态码：200
2026-06-10 17:02:32 [INFO] 栏目 [规范性文件] 第 40 页解析到 24 条
2026-06-10 17:02:34 [INFO] 列表页请求成功：https://www.nhc.gov.cn/wjw/gfxwjj/list_41.shtml，状态码：200
2026-06-10 17:02:34 [INFO] 栏目 [规范性文件] 第 41 页解析到 24 条
2026-06-10 17:02:36 [INFO] 列表页请求成功：https://www.nhc.gov.cn/wjw/gfxwjj/list_42.shtml，状态码：200
2026-06-10 17:02:36 [INFO] 栏目 [规范性文件] 第 42 页解析到 24 条
2026-06-10 17:02:38 [INFO] 列表页请求成功：https://www.nhc.gov.cn/wjw/gfxwjj/list_43.shtml，状态码：200
2026-06-10 17:02:38 [INFO] 栏目 [规范性文件] 第 43 页解析到 24 条
2026-06-10 17:02:40 [INFO] 列表页请求成功：https://www.nhc.gov.cn/wjw/gfxwjj/list_44.shtml，状态码：200
2026-06-10 17:02:40 [INFO] 栏目 [规范性文件] 第 44 页解析到 24 条
2026-06-10 17:02:41 [INFO] 列表页请求成功：https://www.nhc.gov.cn/wjw/gfxwjj/list_45.shtml，状态码：200
2026-06-10 17:02:42 [INFO] 栏目 [规范性文件] 第 45 页解析到 24 条
2026-06-10 17:02:43 [INFO] 列表页请求成功：https://www.nhc.gov.cn/wjw/gfxwjj/list_46.shtml，状态码：200
2026-06-10 17:02:43 [INFO] 栏目 [规范性文件] 第 46 页解析到 24 条
2026-06-10 17:02:45 [INFO] 列表页请求成功：https://www.nhc.gov.cn/wjw/gfxwjj/list_47.shtml，状态码：200
2026-06-10 17:02:45 [INFO] 栏目 [规范性文件] 第 47 页解析到 24 条
2026-06-10 17:02:47 [INFO] 列表页请求成功：https://www.nhc.gov.cn/wjw/gfxwjj/list_48.shtml，状态码：200
2026-06-10 17:02:47 [INFO] 栏目 [规范性文件] 第 48 页解析到 24 条
2026-06-10 17:02:49 [INFO] 列表页请求成功：https://www.nhc.gov.cn/wjw/gfxwjj/list_49.shtml，状态码：200
2026-06-10 17:02:49 [INFO] 栏目 [规范性文件] 第 49 页解析到 24 条
2026-06-10 17:02:51 [INFO] 列表页请求成功：https://www.nhc.gov.cn/wjw/gfxwjj/list_50.shtml，状态码：200
2026-06-10 17:02:51 [INFO] 栏目 [规范性文件] 第 50 页解析到 24 条
2026-06-10 17:02:53 [INFO] 列表页请求成功：https://www.nhc.gov.cn/wjw/gfxwjj/list_51.shtml，状态码：200
2026-06-10 17:02:53 [INFO] 栏目 [规范性文件] 第 51 页解析到 24 条
2026-06-10 17:02:55 [INFO] 列表页请求成功：https://www.nhc.gov.cn/wjw/gfxwjj/list_52.shtml，状态码：200
2026-06-10 17:02:55 [INFO] 栏目 [规范性文件] 第 52 页解析到 24 条
2026-06-10 17:02:56 [INFO] 列表页请求成功：https://www.nhc.gov.cn/wjw/gfxwjj/list_53.shtml，状态码：200
2026-06-10 17:02:56 [INFO] 栏目 [规范性文件] 第 53 页解析到 24 条
2026-06-10 17:02:58 [INFO] 列表页请求成功：https://www.nhc.gov.cn/wjw/gfxwjj/list_54.shtml，状态码：200
2026-06-10 17:02:58 [INFO] 栏目 [规范性文件] 第 54 页解析到 24 条
2026-06-10 17:03:00 [INFO] 列表页请求成功：https://www.nhc.gov.cn/wjw/gfxwjj/list_55.shtml，状态码：200
2026-06-10 17:03:00 [INFO] 栏目 [规范性文件] 第 55 页解析到 24 条
2026-06-10 17:03:02 [INFO] 列表页请求成功：https://www.nhc.gov.cn/wjw/gfxwjj/list_56.shtml，状态码：200
2026-06-10 17:03:02 [INFO] 栏目 [规范性文件] 第 56 页解析到 24 条
2026-06-10 17:03:04 [INFO] 列表页请求成功：https://www.nhc.gov.cn/wjw/gfxwjj/list_57.shtml，状态码：200
2026-06-10 17:03:04 [INFO] 栏目 [规范性文件] 第 57 页解析到 24 条
2026-06-10 17:03:06 [INFO] 列表页请求成功：https://www.nhc.gov.cn/wjw/gfxwjj/list_58.shtml，状态码：200
2026-06-10 17:03:06 [INFO] 栏目 [规范性文件] 第 58 页解析到 24 条
2026-06-10 17:03:08 [INFO] 列表页请求成功：https://www.nhc.gov.cn/wjw/gfxwjj/list_59.shtml，状态码：200
2026-06-10 17:03:08 [INFO] 栏目 [规范性文件] 第 59 页解析到 24 条
2026-06-10 17:03:10 [INFO] 列表页请求成功：https://www.nhc.gov.cn/wjw/gfxwjj/list_60.shtml，状态码：200
2026-06-10 17:03:10 [INFO] 栏目 [规范性文件] 第 60 页解析到 24 条
2026-06-10 17:03:11 [INFO] 列表页请求成功：https://www.nhc.gov.cn/wjw/gfxwjj/list_61.shtml，状态码：200
2026-06-10 17:03:11 [INFO] 栏目 [规范性文件] 第 61 页解析到 24 条
2026-06-10 17:03:13 [INFO] 列表页请求成功：https://www.nhc.gov.cn/wjw/gfxwjj/list_62.shtml，状态码：200
2026-06-10 17:03:13 [INFO] 栏目 [规范性文件] 第 62 页解析到 24 条
2026-06-10 17:03:15 [INFO] 列表页请求成功：https://www.nhc.gov.cn/wjw/gfxwjj/list_63.shtml，状态码：200
2026-06-10 17:03:15 [INFO] 栏目 [规范性文件] 第 63 页解析到 12 条
2026-06-10 17:03:17 [INFO] 列表页请求成功：https://www.nhc.gov.cn/wjw/gfxwjj/list_64.shtml，状态码：200
2026-06-10 17:03:17 [INFO] 栏目 [规范性文件] 第 64 页解析到 0 条
2026-06-10 17:03:17 [INFO] 栏目 [规范性文件] 当前页未解析到任何数据，自动判断已达最后一页，停止翻页！
2026-06-10 17:03:28 [INFO] 正在下载正文附件: 1.紧密型县域医共体医学影像中心建设与服务指南（试行）
2026-06-10 17:03:32 [INFO] 正在下载正文附件: 2.紧密型县域医共体医学检验中心建设与服务指南（试行）
2026-06-10 17:03:35 [INFO] 正在下载正文附件: 3.紧密型县域医共体心电诊断中心建设与服务指南（试行）
2026-06-10 17:03:39 [INFO] 正在下载正文附件: 4.紧密型县域医共体消毒供应中心建设与服务指南（试行）
2026-06-10 17:03:47 [INFO] 正在下载正文附件: 牡丹籽油等7种新食品原料.unknown
2026-06-10 17:03:48 [INFO] 正在下载正文附件: 木聚糖酶等7种食品添加剂新品种.unknown
2026-06-10 17:03:50 [INFO] 正在下载正文附件: 乙烯醇均聚物等2种食品相关产品新品种.unknown
2026-06-10 17:03:54 [INFO] 正在下载正文附件: 基层血液透析室（中心）建设与服务指南（试行）.unknown
2026-06-10 17:04:27 [INFO] 正在下载正文附件: 1.全国生育友好城市评审标准（2026年版）
2026-06-10 17:04:28 [INFO] 正在下载正文附件: 2.全国生育友好单位评审标准（2026年版）
2026-06-10 17:04:36 [INFO] 正在下载正文附件: 生物医学新技术临床研究备案指导清单（第1版）.unknown
2026-06-10 17:04:46 [INFO] 正在下载正文附件: 1.生物医学新技术临床转化应用申请书
2026-06-10 17:04:46 [INFO] 正在下载正文附件: 2.生物医学新技术临床转化应用申请形式审查条件要求
2026-06-10 17:04:47 [INFO] 正在下载正文附件: 3.生物医学新技术临床转化应用优先审查审批申请表
2026-06-10 17:04:51 [INFO] 正在下载正文附件: WS_T 894—2026.unknown
2026-06-10 17:04:58 [INFO] 正在下载正文附件: WS_T 895—2026.unknown
2026-06-10 17:05:07 [INFO] 正在下载正文附件: 附件：基层医疗卫生机构医疗质量改善三年行动（2026—2028年）自查整改表.unknown
2026-06-10 17:05:12 [INFO] 正在下载正文附件: WS_T 891—2026.unknown
2026-06-10 17:05:13 [INFO] 正在下载正文附件: WS_T 892—2026.unknown
2026-06-10 17:05:15 [INFO] 正在下载正文附件: WS_T 893—2026.unknown
2026-06-10 17:05:30 [INFO] 正在下载正文附件: WS_T 875—2026.unknown
2026-06-10 17:05:32 [INFO] 正在下载正文附件: WS_T 876—2026.unknown
2026-06-10 17:05:33 [INFO] 正在下载正文附件: WS_T 877—2026.unknown
2026-06-10 17:05:35 [INFO] 正在下载正文附件: WS_T 878—2026.unknown
2026-06-10 17:05:37 [INFO] 正在下载正文附件: WS_T 887—2026.unknown
2026-06-10 17:05:40 [INFO] 正在下载正文附件: WS_T 888—2026.unknown
2026-06-10 17:05:42 [INFO] 正在下载正文附件: WS_T 889—2026.unknown
2026-06-10 17:05:48 [INFO] 正在下载正文附件: 1.2026年国家医疗质量安全改进目标
2026-06-10 17:05:50 [INFO] 正在下载正文附件: 2.2026年各专业质控工作改进目标
2026-06-10 17:05:56 [INFO] 正在下载正文附件: GBZ_T 210.4—2026
2026-06-10 17:05:58 [INFO] 正在下载正文附件: GBZ_T 300.1—2026
2026-06-10 17:06:00 [INFO] 正在下载正文附件: GBZ_T 343—2026.unknown
2026-06-10 17:06:06 [INFO] 正在下载正文附件: 1.居民死亡医学证明（电子证照）
2026-06-10 17:06:07 [INFO] 正在下载正文附件: 2.居民死亡医学证明（纸质版）
2026-06-10 17:06:08 [INFO] 正在下载正文附件: 3.居民死亡医学证明办理委托书
2026-06-10 17:06:09 [INFO] 正在下载正文附件: 4.居民死亡医学证明申报单
2026-06-10 17:06:20 [INFO] 正在下载正文附件: 1.放射卫生技术服务机构资质认可程序
2026-06-10 17:06:21 [INFO] 正在下载正文附件: 2.放射卫生技术服务机构资质认可技术评审准则
2026-06-10 17:06:23 [INFO] 正在下载正文附件: 3.放射卫生技术服务机构专业技术人员考核评估大纲
2026-06-10 17:06:31 [INFO] 正在下载正文附件: 国家基本药物目录管理办法.unknown
2026-06-10 17:06:36 [INFO] 正在下载正文附件: 全国健康城市和全国健康县评审标准.unknown
2026-06-10 17:06:37 [INFO] 正在下载正文附件: 全国健康乡镇评审标准.unknown
2026-06-10 17:06:46 [INFO] 正在下载正文附件: 栀子油等5种新食品原料.unknown
2026-06-10 17:06:47 [INFO] 正在下载正文附件: D-阿洛酮糖-3-差向异构酶等11种食品添加剂新品种.unknown
2026-06-10 17:06:49 [INFO] 正在下载正文附件: 硫酸钙等6种食品相关产品新品种.unknown
2026-06-10 17:06:52 [INFO] 正在下载正文附件: 附件1.突发事件创伤伤员医疗救治规范（2025年版）
2026-06-10 17:07:10 [INFO] 正在下载正文附件: 附件2.突发事件烧伤伤员医疗救治规范（2025年版）
2026-06-10 17:07:35 [INFO] 正在下载正文附件: WS_T 882—2013.unknown
2026-06-10 17:07:41 [INFO] 正在下载正文附件: 第四批鼓励仿制药品目录.unknown
2026-06-10 17:07:49 [INFO] 正在下载正文附件: WS_T547—2025.unknown
2026-06-10 17:07:50 [INFO] 正在下载正文附件: WS_T879—2025.unknown
2026-06-10 17:07:51 [INFO] 正在下载正文附件: WS_T880—2025.unknown
2026-06-10 17:08:03 [INFO] 正在下载正文附件: 1.重离子质子放射治疗系统准予许可名单
2026-06-10 17:08:28 [INFO] 正在下载正文附件: 2.高端放射治疗类设备准予许可名单
2026-06-10 17:09:05 [INFO] 正在下载正文附件: 临床用血技术规范（2025年版）.unknown
2026-06-10 17:09:11 [INFO] 正在下载正文附件: 1.健康企业建设优秀案例（模板）
2026-06-10 17:09:11 [INFO] 正在下载正文附件: 2.健康企业建设优秀案例提交表
2026-06-10 17:09:12 [INFO] 正在下载正文附件: 3.知情同意书
2026-06-10 17:09:17 [INFO] 正在下载正文附件: 2024年我国卫生健康事业发展统计公报.unknown
2026-06-10 17:09:23 [INFO] 正在下载正文附件: 1.全国防盲技术指导组成员名单
2026-06-10 17:09:24 [INFO] 正在下载正文附件: 2.全国防盲技术指导组章程
2026-06-10 17:09:35 [INFO] 正在下载正文附件: 威尼斯镰刀菌蛋白等3种新食品原料.unknown
2026-06-10 17:09:37 [INFO] 正在下载正文附件: 分支酶等8种食品添加剂新品种.unknown
2026-06-10 17:09:39 [INFO] 正在下载正文附件: C.I.颜料白21等3种食品相关产品新品种
2026-06-10 17:09:48 [INFO] 正在下载正文附件: 附件：基层慢性病健康管理服务能力建设指引.unknown
2026-06-10 17:09:58 [INFO] 正在下载正文附件: 1.劳动者作业基本情况调查表
2026-06-10 17:09:58 [INFO] 正在下载正文附件: 2.工作场所现场调查记录
2026-06-10 17:10:15 [INFO] 正在下载正文附件: 1.健康体检自测问卷（2025年版）
2026-06-10 17:10:16 [INFO] 正在下载正文附件: 2.基本体检项目（2025年版）
2026-06-10 17:10:16 [INFO] 正在下载正文附件: 3.慢性病风险筛查项目（2025年版）
2026-06-10 17:10:17 [INFO] 正在下载正文附件: 4.成人健康体检工作流程图（2025年版）
2026-06-10 17:10:17 [INFO] 正在下载正文附件: 5.常见慢性病风险评估指标（2025年版）
2026-06-10 17:11:04 [INFO] 正在下载正文附件: 2025年世界精神卫生日宣传公益海报.unknown
2026-06-10 17:11:19 [INFO] 正在下载正文附件: 1.第七批卫生健康行业经济管理领军人才（经济管理方向）培养学员名单
2026-06-10 17:11:19 [INFO] 正在下载正文附件: 2.第七批卫生健康行业经济管理领军人才（审计监督方向）培养学员名单
2026-06-10 17:11:20 [INFO] 正在下载正文附件: 3.拟录取诚信承诺书
2026-06-10 17:11:24 [INFO] 正在下载正文附件: WS_T 872—2025.unknown
2026-06-10 17:11:26 [INFO] 正在下载正文附件: WS_T 873—2025.unknown
2026-06-10 17:11:28 [INFO] 正在下载正文附件: WS_T 874—2025.unknown
2026-06-10 17:11:40 [INFO] 正在下载正文附件: GBZ 24—2025.unknown
2026-06-10 17:11:42 [INFO] 正在下载正文附件: GBZ 42—2025.unknown
2026-06-10 17:11:44 [INFO] 正在下载正文附件: GBZ 83—2025.unknown
2026-06-10 17:11:46 [INFO] 正在下载正文附件: GBZ_T 189.9—2025
2026-06-10 17:11:49 [INFO] 正在下载正文附件: GBZ_T 192.1—2025
2026-06-10 17:11:51 [INFO] 正在下载正文附件: GBZ_T 192.2—2025
2026-06-10 17:11:53 [INFO] 正在下载正文附件: GBZ_T 230—2025.unknown
2026-06-10 17:11:54 [INFO] 正在下载正文附件: GBZ_T 338—2025.unknown
2026-06-10 17:12:01 [INFO] 正在下载正文附件: GBZ 108—2025.unknown
2026-06-10 17:12:03 [INFO] 正在下载正文附件: GBZ 215—2025.unknown
2026-06-10 17:12:06 [INFO] 正在下载正文附件: GBZ 339—2025.unknown
2026-06-10 17:12:09 [INFO] 正在下载正文附件: WS 674—2025.unknown
2026-06-10 17:12:17 [INFO] 正在下载正文附件: WS_T 850—2025.unknown
2026-06-10 17:12:24 [INFO] 正在下载正文附件: 儿童肺炎支原体肺炎诊疗指南（2025年版）.unknown
2026-06-10 17:12:38 [INFO] 正在下载正文附件: 1.药事管理专业医疗质量控制指标（2025年版）
2026-06-10 17:12:41 [INFO] 正在下载正文附件: 药事管理专业医疗质量控制指标（2025年版）.pdf
2026-06-10 17:12:43 [INFO] 正在下载正文附件: 2.临床检验专业医疗质量控制指标（2025年版）
2026-06-10 17:12:44 [INFO] 正在下载正文附件: 3.核医学专业医疗质量控制指标（2025年版）
2026-06-10 17:12:54 [INFO] 正在下载正文附件: GBZ 188—2025.unknown
2026-06-10 17:12:58 [INFO] 正在下载正文附件: GBZ_T 196—2025.unknown
2026-06-10 17:13:00 [INFO] 正在下载正文附件: GBZ_T 229.1—2025
2026-06-10 17:13:02 [INFO] 正在下载正文附件: GBZ_T 229.2—2025
2026-06-10 17:13:04 [INFO] 正在下载正文附件: GBZ_T 229.3—2025
2026-06-10 17:13:08 [INFO] 正在下载正文附件: GBZ_T 300.166—2025
2026-06-10 17:13:12 [INFO] 正在下载正文附件: GBZT 340—2025.unknown
2026-06-10 17:13:18 [INFO] 正在下载正文附件: GBZT 341—2025.unknown
2026-06-10 17:13:21 [INFO] 正在下载正文附件: GBZ_T 342—2025.unknown
2026-06-10 17:13:27 [INFO] 正在下载正文附件: 2025年“全国爱牙日”宣传海报.unknown
2026-06-10 17:13:30 [INFO] 正在下载正文附件: 2025年“全国爱牙日”核心信息.pdf
2026-06-10 17:13:38 [INFO] 正在下载正文附件: 1.职业健康保护行动组织实施优秀案例（模板）
2026-06-10 17:13:39 [INFO] 正在下载正文附件: 2.“职业健康达人”优秀案例（模板）
2026-06-10 17:13:39 [INFO] 正在下载正文附件: 3.“职业健康达人”优秀案例知情同意书（模板）
2026-06-10 17:13:58 [INFO] 正在下载正文附件: 附件：安宁疗护实践指南（2025年版）.unknown
2026-06-10 17:14:03 [INFO] 正在下载正文附件: 无偿献血奉献奖获奖名单.unknown
2026-06-10 17:14:19 [INFO] 正在下载正文附件: 无偿献血促进奖获奖名单.unknown
2026-06-10 17:14:19 [INFO] 正在下载正文附件: 无偿献血志愿服务奖获奖名单.unknown
2026-06-10 17:14:20 [INFO] 正在下载正文附件: 无偿献血先进部队奖获奖名单.unknown
2026-06-10 17:14:20 [INFO] 正在下载正文附件: 无偿捐献造血干细胞奖获奖名单.unknown
2026-06-10 17:14:26 [INFO] 正在下载正文附件: 1.第七批卫生健康行业经济管理领军人才（经济管理班）选拔面试名单
2026-06-10 17:14:26 [INFO] 正在下载正文附件: 2.第七批卫生健康行业经济管理领军人才（审计监督班）选拔面试名单
2026-06-10 17:14:30 [INFO] 正在下载正文附件: WS_T 368-2025.unknown
2026-06-10 17:14:32 [INFO] 正在下载正文附件: WS_T 508-2025.unknown
2026-06-10 17:14:35 [INFO] 正在下载正文附件: WS_T 512-2025.unknown
2026-06-10 17:14:37 [INFO] 正在下载正文附件: WS_T 524-2025.unknown
2026-06-10 17:14:40 [INFO] 正在下载正文附件: WS_T 840-2025.unknown
2026-06-10 17:14:42 [INFO] 正在下载正文附件: WS_T 848-2025.unknown
2026-06-10 17:14:45 [INFO] 正在下载正文附件: WS_T 853-2025.unknown
2026-06-10 17:14:46 [INFO] 正在下载正文附件: WS_T 854-2025.unknown
2026-06-10 17:14:47 [INFO] 正在下载正文附件: WS_T 855-2025.unknown
2026-06-10 17:14:49 [INFO] 正在下载正文附件: WS_T 856-2025.unknown
2026-06-10 17:14:50 [INFO] 正在下载正文附件: WS_T 857-2025.unknown
2026-06-10 17:14:52 [INFO] 正在下载正文附件: WS_T 859-2025.unknown
2026-06-10 17:14:55 [INFO] 正在下载正文附件: WS_T 860-2025.unknown
2026-06-10 17:14:57 [INFO] 正在下载正文附件: WS_T 861-2025.unknown
2026-06-10 17:14:58 [INFO] 正在下载正文附件: WS_T 862-2025.unknown
2026-06-10 17:15:00 [INFO] 正在下载正文附件: WS_T 863-2025.unknown
2026-06-10 17:15:10 [INFO] 正在下载正文附件: 食品加工领域生物制造创新技术应用方向推荐表.unknown
2026-06-10 17:15:24 [INFO] 正在下载正文附件: 征求意见的食品安全国家标准目录.unknown
2026-06-10 17:15:40 [INFO] 正在下载正文附件: 附件-2025年国家医疗队巡回医疗地区分布表.unknown
2026-06-10 17:15:45 [INFO] 正在下载正文附件: 1.基层卫生健康综合试验区第二批改革创新典型经验
2026-06-10 17:15:50 [INFO] 正在下载正文附件: 2.基层卫生健康综合试验区典型案例
2026-06-10 17:15:59 [INFO] 正在下载正文附件: 2025年度食品安全国家标准立项计划.unknown
2026-06-10 17:16:03 [INFO] 正在下载正文附件: 1.2025年世界母乳喂养周海报（竖版）
2026-06-10 17:16:11 [INFO] 正在下载正文附件: 2.2025年世界母乳喂养周海报（横版）
2026-06-10 17:18:55 [INFO] 正在下载正文附件: WS_T 870-2025.unknown
2026-06-10 17:19:01 [INFO] 正在下载正文附件: WS_T 865—2025.unknown
2026-06-10 17:19:02 [INFO] 正在下载正文附件: WS_T 866—2025.unknown
2026-06-10 17:19:03 [INFO] 正在下载正文附件: WS_T 867—2025.unknown
2026-06-10 17:19:05 [INFO] 正在下载正文附件: WS_T 869—2025.unknown
2026-06-10 17:19:10 [INFO] 正在下载正文附件: 1.2025年第七批卫生健康行业经济管理领军人才（经济管理班）笔试人员名单
2026-06-10 17:19:11 [INFO] 正在下载正文附件: 1.2025年第七批卫生健康行业经济管理领军人才（经济管理班）笔试人员名单-20250718221128821.xls
2026-06-10 17:19:11 [INFO] 正在下载正文附件: 2.2025年第七批卫生健康行业经济管理领军人才（经济管理班）不符合报名条件人员名单
2026-06-10 17:19:12 [INFO] 正在下载正文附件: 2.2025年第七批卫生健康行业经济管理领军人才（经济管理班）不符合报名条件人员名单.xls
2026-06-10 17:19:12 [INFO] 正在下载正文附件: 3.2025年第七批卫生健康行业经济管理领军人才（审计监督班）笔试人员名单
2026-06-10 17:19:13 [INFO] 正在下载正文附件: 4.2025年第七批卫生健康行业经济管理领军人才（审计监督班）不符合报名条件人员名单
2026-06-10 17:19:19 [INFO] 正在下载正文附件: WS_T 868-2025.unknown
2026-06-10 17:19:25 [INFO] 正在下载正文附件: 86个罕见病病种诊疗指南（2025年版）.unknown
2026-06-10 17:20:10 [INFO] 正在下载正文附件: 1.职业病诊断医师培训大纲（2025年版）
2026-06-10 17:20:10 [INFO] 正在下载正文附件: 2.职业健康检查机构备案表（2025年版）
2026-06-10 17:20:11 [INFO] 正在下载正文附件: 3.职业健康检查机构备案变更表（2025年版）
2026-06-10 17:20:11 [INFO] 正在下载正文附件: 4.职业病诊断机构备案表（2025年版）
2026-06-10 17:20:11 [INFO] 正在下载正文附件: 5.职业病诊断机构备案变更表（2025年版）
2026-06-10 17:20:32 [INFO] 正在下载正文附件: D-阿洛酮糖等5种新食品原料.unknown
2026-06-10 17:20:34 [INFO] 正在下载正文附件: 氨基肽酶等9种食品添加剂新品种.unknown
2026-06-10 17:20:35 [INFO] 正在下载正文附件: 月桂酸铵等6种食品相关产品新品种.unknown
2026-06-10 17:20:41 [INFO] 正在下载正文附件: 国家卫生健康委及下属单位综合性涉企收费目录清单.unknown
2026-06-10 17:20:49 [INFO] 正在下载正文附件: 《国家三级公立医院绩效监测操作手册（2025版）》.unknown
2026-06-10 17:21:02 [INFO] 正在下载正文附件: 2022-2023年度全国平安医院建设表现突出地区名单.unknown
2026-06-10 17:21:03 [INFO] 正在下载正文附件: 2022-2023年度全国平安医院建设表现突出集体名单.unknown
2026-06-10 17:21:04 [INFO] 正在下载正文附件: 2022-2023年度全国平安医院建设表现突出个人名单.unknown
2026-06-10 17:21:18 [INFO] 正在下载正文附件: 《人间传染的高致病性病原微生物实验活动审批管理办法》（国家卫生健康委员会令第14号）.unknown
2026-06-10 17:21:24 [INFO] 正在下载正文附件: 《三级医院评审标准（2025年版）》.unknown
2026-06-10 17:21:57 [INFO] 正在下载正文附件: 1.甲类大型医用设备配置审批服务指南
2026-06-10 17:22:00 [INFO] 正在下载正文附件: 2.甲类大型医用设备配置许可申报须知
2026-06-10 17:22:01 [INFO] 正在下载正文附件: 3.甲类大型医用设备配置许可评审标准
2026-06-10 17:22:07 [INFO] 正在下载正文附件: 1.职业病危害工程防护先进适宜技术装备评估原则
2026-06-10 17:22:07 [INFO] 正在下载正文附件: 2.职业病危害工程防护先进适宜技术装备推荐汇总表
2026-06-10 17:22:08 [INFO] 正在下载正文附件: 3.职业病危害工程防护先进适宜技术装备申报书
2026-06-10 17:22:08 [INFO] 正在下载正文附件: 4.职业病危害工程防护技术装备应用示例表
2026-06-10 17:22:12 [INFO] 正在下载正文附件: 宣传海报参考样式.unknown
2026-06-10 17:24:19 [INFO] 正在下载正文附件: 智慧健康养老产品及服务推广目录（2024年版）.unknown
2026-06-10 17:24:29 [INFO] 正在下载正文附件: 1.卫生健康行业经济管理领军人才培养计划实施方案(2025版)
2026-06-10 17:24:31 [INFO] 正在下载正文附件: 2.第七批卫生健康行业经济管理领军人才培养申请表
2026-06-10 17:24:32 [INFO] 正在下载正文附件: 3.第七批卫生健康行业经济管理领军人才选拔考试报名汇总表
2026-06-10 17:24:32 [INFO] 正在下载正文附件: 4.第七批卫生健康行业经济管理领军人才推荐人选指标表
2026-06-10 17:24:37 [INFO] 正在下载正文附件: 医疗质量安全核心制度落实情况监测指标(2025年版).unknown
2026-06-10 17:24:47 [INFO] 正在下载正文附件: 医防管交叉复合型战略人才选拔方案.doc
2026-06-10 17:24:47 [INFO] 正在下载正文附件: 1.医防管交叉复合型战略人才选拔方案
2026-06-10 17:24:47 [INFO] 正在下载正文附件: 2.医防管交叉复合型战略人才培训方案
2026-06-10 17:25:01 [INFO] 正在下载正文附件: 健康素养提升行动标志及释义.unknown
2026-06-10 17:25:13 [INFO] 正在下载正文附件: 1.县医院医疗服务能力基本标准符合情况
2026-06-10 17:25:14 [INFO] 正在下载正文附件: 2.县医院医疗服务能力推荐标准符合情况
2026-06-10 17:25:15 [INFO] 正在下载正文附件: 3.“千县工程”县医院医疗服务能力推荐标准符合情况
2026-06-10 17:25:16 [INFO] 正在下载正文附件: 4.对口帮扶县医院医疗服务能力基本标准符合情况
2026-06-10 17:25:16 [INFO] 正在下载正文附件: 5.县医院各科室服务能力符合情况
2026-06-10 17:25:17 [INFO] 正在下载正文附件: 6.县医院各科室设置情况
2026-06-10 17:25:18 [INFO] 正在下载正文附件: 7.县医院电子病历系统应用水平分级评价情况
2026-06-10 17:25:40 [INFO] 正在下载正文附件: 附件：征求意见的食品安全国家标准目录.doc
2026-06-10 17:25:40 [INFO] 正在下载正文附件: 征求意见的食品安全国家标准目录.unknown
2026-06-10 17:25:46 [INFO] 正在下载正文附件: 健康科普作品主题.unknown
2026-06-10 17:25:47 [INFO] 正在下载正文附件: 健康科普作品要求.unknown
2026-06-10 17:25:47 [INFO] 正在下载正文附件: 3.
2026-06-10 17:25:47 [INFO] 正在下载正文附件: 健康科普作品线上报名流程.unknown
2026-06-10 17:25:48 [INFO] 正在下载正文附件: 4.
2026-06-10 17:25:48 [INFO] 正在下载正文附件: 健康科普作品线上审核流程.unknown
2026-06-10 17:25:48 [INFO] 正在下载正文附件: 健康科普作品报名表.unknown
2026-06-10 17:26:00 [INFO] 正在下载正文附件: 樱花多酚等2种新食品原料.unknown
2026-06-10 17:26:02 [INFO] 正在下载正文附件: 过氧化物酶等6种食品添加剂新品种.unknown
2026-06-10 17:26:03 [INFO] 正在下载正文附件: 二十二酰胺等3种食品相关产品新品种.unknown
2026-06-10 17:26:15 [INFO] 正在下载正文附件: 卫生健康行政处罚程序规定.unknown
2026-06-10 17:26:21 [INFO] 正在下载正文附件: WS_T 852-2025.unknown
2026-06-10 17:27:10 [INFO] 正在下载正文附件: WS 315—2025.unknown
2026-06-10 17:27:23 [INFO] 正在下载正文附件: 1.第四批健康企业建设行政推广优秀案例名单
2026-06-10 17:29:36 [INFO] 正在下载正文附件: 2.第四批健康企业建设优秀案例名单
2026-06-10 17:35:36 [ERROR] 正文附件下载失败: 2.第四批健康企业建设优秀案例名单, 目标链接: https://www.nhc.gov.cn/zyjks/c100153/202504/f23a89bb13b74bf0b2f45e37132872f4/files/1745999017417_13649.pdf
2026-06-10 17:35:54 [INFO] 正在下载正文附件: 1.产前筛查各类专业的人员能力
2026-06-10 17:35:55 [INFO] 正在下载正文附件: 2.产前筛查各类专业人员考核内容
2026-06-10 17:35:56 [INFO] 正在下载正文附件: 3.产前筛查机构基本条件
2026-06-10 17:35:56 [INFO] 正在下载正文附件: 4.申请开展产前筛查技术医疗机构提交材料清单
2026-06-10 17:35:57 [INFO] 正在下载正文附件: 5.血清学产前筛查知情同意书参考要点
2026-06-10 17:35:58 [INFO] 正在下载正文附件: 6.超声产前筛查知情同意书参考要点
2026-06-10 17:35:59 [INFO] 正在下载正文附件: 7.孕妇外周血胎儿游离DNA产前检测知情同意书参考要点
2026-06-10 17:36:03 [INFO] 正在下载正文附件: GBZ 336—2025.unknown
2026-06-10 17:36:04 [INFO] 正在下载正文附件: GBZ 337—2025.unknown
2026-06-10 17:36:12 [INFO] 正在下载正文附件: 2024年食品安全和营养健康高质量发展咨政项目验收名单.unknown
2026-06-10 17:36:17 [INFO] 正在下载正文附件: 项目立项建议表.unknown
2026-06-10 17:36:22 [INFO] 正在下载正文附件: 1.
2026-06-10 17:36:22 [INFO] 正在下载正文附件: 职业卫生技术服务信息报送卡.unknown
2026-06-10 17:36:24 [INFO] 正在下载正文附件: 2.
2026-06-10 17:36:24 [INFO] 正在下载正文附件: 放射卫生技术服务信息报送卡.unknown
2026-06-10 17:36:30 [INFO] 正在下载正文附件: 1.2025年《职业病防治法》宣传周推荐宣传用语
2026-06-10 17:36:31 [INFO] 正在下载正文附件: 2.2025年《职业病防治法》宣传周海报
2026-06-10 17:36:57 [INFO] 正在下载正文附件: 3.2025年《职业病防治法》宣传周活动情况统计表
2026-06-10 17:37:02 [INFO] 正在下载正文附件: 附件：家庭医生签约基本服务包清单（试行）.unknown
2026-06-10 17:37:08 [INFO] 正在下载正文附件: 2025年度食品安全国家标准立项计划（征求意见稿）.unknown
2026-06-10 17:37:12 [INFO] 正在下载正文附件: 全国职业健康职业技能竞赛命题大纲.unknown
2026-06-10 17:38:37 [INFO] 正在下载正文附件: 全国职业健康职业技能竞赛决赛具体安排.unknown
2026-06-10 17:38:37 [INFO] 正在下载正文附件: 全国职业健康职业技能竞赛地方组织工作考评细则.unknown
2026-06-10 17:38:49 [INFO] 正在下载正文附件: 健康体重管理行动.unknown
2026-06-10 17:38:50 [INFO] 正在下载正文附件: 健康乡村建设行动.unknown
2026-06-10 17:38:51 [INFO] 正在下载正文附件: 中医药健康促进行动.unknown
2026-06-10 17:39:08 [INFO] 正在下载正文附件: 1746697559646_40669.pdf
2026-06-10 17:39:10 [INFO] 正在下载正文附件: WS_T 843-2025.unknown
2026-06-10 17:39:16 [INFO] 正在下载正文附件: 2025年全国肿瘤防治宣传周宣传海报（横版）.unknown
2026-06-10 17:39:21 [INFO] 正在下载正文附件: 2025年全国肿瘤防治宣传周宣传海报（竖版）.unknown
2026-06-10 17:39:39 [INFO] 正在下载正文附件: 1.全国卫生健康系统先进集体名单
2026-06-10 17:39:40 [INFO] 正在下载正文附件: 2.全国卫生健康系统先进工作者名单
2026-06-10 17:39:42 [INFO] 正在下载正文附件: 3.全国卫生健康系统“白求恩奖章”获得者名单
2026-06-10 17:39:47 [INFO] 正在下载正文附件: 1743485556519_37790.doc
2026-06-10 17:39:47 [INFO] 正在下载正文附件: 1743485556942_70848.doc
2026-06-10 17:39:48 [INFO] 正在下载正文附件: 1.中国卫生经济学会卫生健康经济管理第二十六批研究课题项目表
2026-06-10 17:39:48 [INFO] 正在下载正文附件: 1743485558088_78306.doc
2026-06-10 17:39:49 [INFO] 正在下载正文附件: 2.中国卫生经济学会卫生健康经济管理研究课题申请书
2026-06-10 17:39:49 [INFO] 正在下载正文附件: 1743485557335_62022.doc
2026-06-10 17:39:50 [INFO] 正在下载正文附件: 3.课题申请书信息汇总表
2026-06-10 17:39:50 [INFO] 正在下载正文附件: 1743485558059_71495.doc
2026-06-10 17:39:50 [INFO] 正在下载正文附件: 4.课题组成员信息汇总表
2026-06-10 17:40:07 [INFO] 正在下载正文附件: WS_T 851—2025.unknown
2026-06-10 17:40:15 [INFO] 正在下载正文附件: 2025年国家医疗质量安全改进目标.unknown
2026-06-10 17:40:16 [INFO] 正在下载正文附件: 2025年各专业质控工作改进目标.unknown
2026-06-10 17:40:30 [INFO] 正在下载正文附件: 第37个爱国卫生月海报.unknown
2026-06-10 17:41:06 [INFO] 正在下载正文附件: 1.unknown
2026-06-10 17:41:06 [INFO] 正在下载正文附件: .重离子质子放射治疗系统准予许可名单
2026-06-10 17:41:07 [INFO] 正在下载正文附件: 2.unknown
2026-06-10 17:41:08 [INFO] 正在下载正文附件: .高端放射治疗类设备准予许可名单
2026-06-10 17:41:24 [INFO] 正在下载正文附件: 紧密型县域医共体信息化功能指引.unknown
2026-06-10 17:42:16 [INFO] 正在下载正文附件: 附件1：面试人员名单.unknown
2026-06-10 17:42:16 [INFO] 正在下载正文附件: 附件2：放弃面试资格声明.unknown
2026-06-10 17:42:16 [INFO] 正在下载正文附件: 附件3：人员信息表.unknown
2026-06-10 17:42:17 [INFO] 正在下载正文附件: 附件4：报名推荐表（社会在职人员）.unknown
2026-06-10 17:42:17 [INFO] 正在下载正文附件: 附件5：考场交通图.unknown
2026-06-10 17:42:36 [INFO] 正在下载正文附件: 5G+医疗健康应用试点全国优秀项目名单-v2.unknown
2026-06-10 17:42:38 [INFO] 正在下载正文附件: 5G+医疗健康应用试点通过验收项目名单-v2.unknown
2026-06-10 17:42:50 [INFO] 正在下载正文附件: 甜叶菊多酚等5种新食品原料.unknown
2026-06-10 17:42:54 [INFO] 正在下载正文附件: 二丁基羟基甲苯（BHT）等8种食品添加剂新品种.unknown
2026-06-10 17:42:55 [INFO] 正在下载正文附件: 聚异丁烯等7种食品相关产品新品种.unknown
2026-06-10 17:43:00 [INFO] 正在下载正文附件: 1.3岁以下婴幼儿营养喂养评估档案
2026-06-10 17:43:01 [INFO] 正在下载正文附件: 2.3岁以下婴幼儿年龄别体重标准差数值表
2026-06-10 17:43:02 [INFO] 正在下载正文附件: 3.3岁以下婴幼儿年龄别身长（身高）标准差数值表
2026-06-10 17:43:03 [INFO] 正在下载正文附件: 4.3岁以下婴幼儿身长（身高）别体重标准差数值表
2026-06-10 17:43:04 [INFO] 正在下载正文附件: 5.3岁以下婴幼儿年龄别体质指数（BMI）标准差数值表
2026-06-10 17:43:10 [INFO] 正在下载正文附件: 1.3岁以下婴幼儿养育风险评估表
2026-06-10 17:43:11 [INFO] 正在下载正文附件: 2.3岁以下婴幼儿养育风险咨询表
2026-06-10 17:43:13 [INFO] 正在下载正文附件: 3.婴幼儿亲子交流与玩耍要点
2026-06-10 17:43:15 [INFO] 正在下载正文附件: 4.3岁以下婴幼儿心理行为发育标志自评表
2026-06-10 17:43:16 [INFO] 正在下载正文附件: 5.养育照护小组活动主题一览表
2026-06-10 17:43:38 [INFO] 正在下载正文附件: 流行性感冒诊疗方案（2025年版）.unknown
2026-06-10 17:43:51 [INFO] 正在下载正文附件: 中医类别医师资格考试大纲（2025年版）.unknown
2026-06-10 17:45:23 [INFO] 正在下载正文附件: 附件：生育友好医院建设指南.unknown
2026-06-10 17:45:32 [INFO] 正在下载正文附件: 《国家卫生健康委主责国家重点研发计划重点专项管理实施细则》.unknown
2026-06-10 17:45:42 [INFO] 正在下载正文附件: 1.助产基本技术
2026-06-10 17:45:42 [INFO] 正在下载正文附件: 2.助产技术服务基本设备配备标准
2026-06-10 17:45:47 [INFO] 正在下载正文附件: 附件：儿童友好医院建设指南.unknown
2026-06-10 17:45:51 [INFO] 正在下载正文附件: 1.助产技术服务人员资格考核标准（医师版）
2026-06-10 17:45:52 [INFO] 正在下载正文附件: 2.助产技术服务人员资格考核标准（护士版）
2026-06-10 17:45:56 [INFO] 正在下载正文附件: 新型抗肿瘤药物临床应用指导原则（2024年版）.unknown
2026-06-10 17:46:19 [INFO] 正在下载正文附件: 脑血管病防治指南（2024年版）.unknown
2026-06-10 17:46:26 [INFO] 正在下载正文附件: 2024年新时代健康科普作品征集大赛表演类优秀及入围作品名单.unknown
2026-06-10 17:46:30 [INFO] 正在下载正文附件: 2024年新时代健康科普作品征集大赛视频类优秀及入围作品名单.unknown
2026-06-10 17:46:32 [INFO] 正在下载正文附件: 2024年新时代健康科普作品征集大赛音频类优秀及入围作品名单.unknown
2026-06-10 17:46:35 [INFO] 正在下载正文附件: 2024年新时代健康科普作品征集大赛图文类优秀及入围作品名单.unknown
2026-06-10 17:46:39 [INFO] 正在下载正文附件: 2024年新时代健康科普作品征集大赛网络账号类优秀及入围名单.unknown
2026-06-10 17:46:42 [INFO] 正在下载正文附件: 2024年新时代健康科普作品征集大赛优秀组织单位名单.unknown
2026-06-10 17:46:43 [INFO] 正在下载正文附件: 2024年新时代健康科普作品征集大赛特别贡献单位名单.unknown
2026-06-10 17:46:51 [INFO] 正在下载正文附件: 体重管理指导原则（2024年版）.unknown
2026-06-10 17:47:01 [INFO] 正在下载正文附件: 1.角膜屈光性透镜取出术操作规范（2024年版）
2026-06-10 17:47:03 [INFO] 正在下载正文附件: 2.有晶状体眼后房型人工晶状体植入术操作规范（2024年版）
2026-06-10 17:47:04 [INFO] 正在下载正文附件: 3.角膜塑形镜验配技术操作规范（2024年版）
2026-06-10 17:47:16 [INFO] 正在下载正文附件: 金花茶培养物新食品原料.unknown
2026-06-10 17:47:17 [INFO] 正在下载正文附件: 葡糖淀粉酶等8种食品添加剂新品种.unknown
2026-06-10 17:47:18 [INFO] 正在下载正文附件: 2种食品相关产品新品种.unknown
2026-06-10 17:47:28 [INFO] 正在下载正文附件: 2024年健康促进医院优秀案例名单.unknown
2026-06-10 17:47:34 [INFO] 正在下载正文附件: 健康中国建设揭榜攻关任务验收通过名单.unknown
2026-06-10 17:47:39 [INFO] 正在下载正文附件: 附件1临床医学人才需求预测研究竞争性磋商公告.unknown
2026-06-10 17:47:39 [INFO] 正在下载正文附件: 附件2国家卫生健康委科教司课题研究申报表.unknown
2026-06-10 17:47:47 [INFO] 正在下载正文附件: 医疗卫生机构与养老机构协议合作文本（参考）.unknown
2026-06-10 17:47:51 [INFO] 正在下载正文附件: 健康知识普及行动—2024年新时代健康科普作品征集大赛优秀及入围作品公示名单.unknown
2026-06-10 17:47:55 [INFO] 正在下载正文附件: 1.健康企业建设优秀案例（模板）
2026-06-10 17:47:56 [INFO] 正在下载正文附件: 2.健康企业建设优秀案例提交表
2026-06-10 17:47:56 [INFO] 正在下载正文附件: 3.知情同意书
2026-06-10 17:48:07 [INFO] 正在下载正文附件: WST 846.1—2024
2026-06-10 17:48:09 [INFO] 正在下载正文附件: WST 846.2—2024
2026-06-10 17:48:11 [INFO] 正在下载正文附件: WST 846.3—2024
2026-06-10 17:48:13 [INFO] 正在下载正文附件: WST 846.4—2024
2026-06-10 17:48:15 [INFO] 正在下载正文附件: WST 846.5—2024
2026-06-10 17:48:17 [INFO] 正在下载正文附件: WST 846.6—2024
2026-06-10 17:48:19 [INFO] 正在下载正文附件: WST 846.7—2024
2026-06-10 17:48:24 [INFO] 正在下载正文附件: WST 846.8—2024
2026-06-10 17:48:26 [INFO] 正在下载正文附件: WST 846.9—2024
2026-06-10 17:48:35 [INFO] 正在下载正文附件: WST 846.10—2024
2026-06-10 17:48:41 [INFO] 正在下载正文附件: WST 846.11—2024
2026-06-10 17:48:48 [INFO] 正在下载正文附件: WST 847—2024.unknown
2026-06-10 17:49:07 [INFO] 正在下载正文附件: 成人体外膜肺氧合技术操作规范（2024年版）.unknown
2026-06-10 17:49:16 [INFO] 正在下载正文附件: 省级慢性呼吸系统疾病防治技术牵头单位名单.unknown
2026-06-10 17:49:17 [INFO] 正在下载正文附件: 省级慢性呼吸系统疾病防治技术牵头单位主要职责.unknown
2026-06-10 17:49:23 [INFO] 正在下载正文附件: 附件：公立医院运营管理业财融合典型案例.unknown
2026-06-10 17:49:29 [INFO] 正在下载正文附件: 卫生健康行业人工智能应用场景参考指引.unknown
2026-06-10 17:49:35 [INFO] 正在下载正文附件: 卫生健康行业人工智能应用场景参考指引.unknown
2026-06-10 17:50:04 [INFO] 正在下载正文附件: 紧密型县域医疗卫生共同体监测指标体系（2024版）.unknown
2026-06-10 17:50:09 [INFO] 正在下载正文附件: 紧密型县域医疗卫生共同体监测指标体系（2024版）.unknown
2026-06-10 17:50:26 [INFO] 正在下载正文附件: 非新生儿破伤风诊疗规范（2024年版）.unknown
2026-06-10 17:51:09 [INFO] 正在下载正文附件: 1.职业病分类和目录（征求意见稿）
2026-06-10 17:51:10 [INFO] 正在下载正文附件: 2.《职业病分类和目录》调整前后对照表
2026-06-10 17:51:15 [INFO] 正在下载正文附件: 肥胖症诊疗指南（2024年版）.unknown
2026-06-10 17:51:24 [INFO] 正在下载正文附件: 拟薇球藻油等2种新食品原料.unknown
2026-06-10 17:51:25 [INFO] 正在下载正文附件: D-阿洛酮糖-3-差向异构酶等4种食品添加剂新品种.unknown
2026-06-10 17:51:27 [INFO] 正在下载正文附件: C.I.颜料黑7等6种食品相关产品新品种
2026-06-10 17:51:33 [INFO] 正在下载正文附件: 拟薇球藻油等2种新食品原料.unknown
2026-06-10 17:51:34 [INFO] 正在下载正文附件: D-阿洛酮糖-3-差向异构酶等4种食品添加剂新品种.unknown
2026-06-10 17:51:36 [INFO] 正在下载正文附件: C.I.颜料黑7等6种食品相关产品新品种
2026-06-10 17:51:41 [INFO] 正在下载正文附件: 征求意见的食品安全国家标准目录.unknown
2026-06-10 17:51:46 [INFO] 正在下载正文附件: 重点产品清单.unknown
2026-06-10 17:51:47 [INFO] 正在下载正文附件: 高端医疗装备推广应用项目申报书.unknown
2026-06-10 17:51:48 [INFO] 正在下载正文附件: 高端医疗装备推广应用项目推荐汇总表.unknown
2026-06-10 17:57:12 [INFO] 正在下载正文附件: 2024年世界精神卫生日宣传公益海报.unknown
2026-06-10 18:00:00 [INFO] 正在下载正文附件: 重症医学专业医疗质量控制指标（2024年版）.unknown
2026-06-10 18:00:17 [INFO] 正在下载正文附件: 疾病预防控制机构食品安全和营养健康工作细则.unknown
2026-06-10 18:00:22 [INFO] 正在下载正文附件: 准予许可名单.unknown
2026-06-10 18:00:26 [INFO] 正在下载正文附件: 准予许可名单.unknown
2026-06-10 18:00:48 [INFO] 正在下载正文附件: 《慢性阻塞性肺疾病患者健康服务规范（试行）》.unknown
2026-06-10 18:00:54 [INFO] 正在下载正文附件: 《慢性阻塞性肺疾病患者健康服务规范（试行）》.unknown
2026-06-10 18:01:00 [INFO] 正在下载正文附件: 《综合医院中医药工作指南2024版》.unknown
2026-06-10 18:01:09 [INFO] 正在下载正文附件: 附件：2024年国家医疗队巡回医疗地区分布表.unknown
2026-06-10 18:01:18 [INFO] 正在下载正文附件: 1733998016119_90275.doc
2026-06-10 18:01:18 [INFO] 正在下载正文附件: 第五批鼓励研发申报儿童药品清单.unknown
2026-06-10 18:01:23 [INFO] 正在下载正文附件: 门（急）诊诊疗信息页（通用示例）.unknown
2026-06-10 18:01:23 [INFO] 正在下载正文附件: 门（急）诊诊疗信息页数据采集质量与接口规范.unknown
2026-06-10 18:01:24 [INFO] 正在下载正文附件: 1733999862799_31093.xlsx
2026-06-10 18:01:29 [INFO] 正在下载正文附件: 1.甲类大型医用设备配置审批服务指南
2026-06-10 18:02:06 [INFO] 正在下载正文附件: 2.甲类大型医用设备配置许可申报须知
2026-06-10 18:02:38 [INFO] 正在下载正文附件: 3.甲类大型医用设备配置许可评审标准
2026-06-10 18:02:48 [INFO] 正在下载正文附件: 手术部规范GB50333-2013局部修订（征求意见稿）.unknown
2026-06-10 18:02:55 [INFO] 正在下载正文附件: 智慧健康养老产品及服务推广目录（2024年版）分类.unknown
2026-06-10 18:02:57 [INFO] 正在下载正文附件: 智慧健康养老产品及服务推广目录（2024年版）申报书.unknown
2026-06-10 18:03:02 [INFO] 正在下载正文附件: 2023年我国卫生健康事业发展统计公报.unknown
2026-06-10 18:03:10 [INFO] 正在下载正文附件: 地黄等4种新增按照传统既是食品又是中药材的物质目录.unknown
2026-06-10 18:03:16 [INFO] 正在下载正文附件: 地黄等4种新增按照传统既是食品又是中药材的物质目录.unknown
2026-06-10 18:03:25 [INFO] 正在下载正文附件: WS_T 844-2024.unknown
2026-06-10 18:03:27 [INFO] 正在下载正文附件: WS_T 845-2024.unknown
2026-06-10 18:03:33 [INFO] 正在下载正文附件: WS 329-2024.unknown
2026-06-10 18:03:36 [INFO] 正在下载正文附件: WS_T 307-2024.unknown
2026-06-10 18:03:38 [INFO] 正在下载正文附件: WS_T 389 -2024.unknown
2026-06-10 18:03:42 [INFO] 正在下载正文附件: WS_T 391-2024.unknown
2026-06-10 18:03:45 [INFO] 正在下载正文附件: WS_T 837-2024.unknown
2026-06-10 18:03:47 [INFO] 正在下载正文附件: WS_T 839-2024.unknown
2026-06-10 18:03:48 [INFO] 正在下载正文附件: WS_T 842-2024.unknown
2026-06-10 18:03:55 [INFO] 正在下载正文附件: 失能老年人健康服务内容（试行）.unknown
2026-06-10 18:04:04 [INFO] 正在下载正文附件: 阿拉伯木聚糖等３种新食品原料.unknown
2026-06-10 18:04:07 [INFO] 正在下载正文附件: 羟基酪醇等４种食品添加剂新品种.unknown
2026-06-10 18:04:09 [INFO] 正在下载正文附件: 1种食品相关产品新品种.unknown
2026-06-10 18:04:15 [INFO] 正在下载正文附件: 阿拉伯木聚糖等３种新食品原料.unknown
2026-06-10 18:04:17 [INFO] 正在下载正文附件: 羟基酪醇等４种食品添加剂新品种.unknown
2026-06-10 18:04:20 [INFO] 正在下载正文附件: 1种食品相关产品新品种.unknown
2026-06-10 18:04:33 [INFO] 正在下载正文附件: 1.门诊及收治住院基本病种
2026-06-10 18:04:34 [INFO] 正在下载正文附件: 2.中医医疗技术目录
2026-06-10 18:04:38 [INFO] 正在下载正文附件: 1.门诊及收治住院基本病种
2026-06-10 18:04:38 [INFO] 正在下载正文附件: 2.中医医疗技术目录
2026-06-10 18:04:42 [INFO] 正在下载正文附件: 2024年度食品安全国家标准立项计划.unknown
2026-06-10 18:04:59 [INFO] 正在下载正文附件: 2024年世界母乳喂养周宣传材料-主题海报.unknown
2026-06-10 18:05:17 [INFO] 正在下载正文附件: 县医院医疗服务能力基本标准符合情况.unknown
2026-06-10 18:05:18 [INFO] 正在下载正文附件: 县医院医疗服务能力推荐标准符合情况.unknown
2026-06-10 18:05:19 [INFO] 正在下载正文附件: “千县工程”县医院医疗服务能力推荐标准符合情况.unknown
2026-06-10 18:05:19 [INFO] 正在下载正文附件: 对口帮扶县医院医疗服务能力基本标准符合情况.unknown
2026-06-10 18:05:20 [INFO] 正在下载正文附件: 县医院各科室服务能力符合情况.unknown
2026-06-10 18:05:21 [INFO] 正在下载正文附件: 县医院各科室设置情况.unknown
2026-06-10 18:05:22 [INFO] 正在下载正文附件: 县医院电子病历系统应用水平分级评价情况.unknown
2026-06-10 18:11:30 [INFO] 正在下载正文附件: GBZ 6—2024.unknown
2026-06-10 18:11:32 [INFO] 正在下载正文附件: GBZ 10—2024.unknown
2026-06-10 18:11:33 [INFO] 正在下载正文附件: GBZ 15—2024.unknown
2026-06-10 18:11:35 [INFO] 正在下载正文附件: GBZ 23—2024.unknown
2026-06-10 18:11:37 [INFO] 正在下载正文附件: GBZ 27—2024.unknown
2026-06-10 18:11:39 [INFO] 正在下载正文附件: GBZ 37—2024.unknown
2026-06-10 18:11:41 [INFO] 正在下载正文附件: GBZ 40—2024.unknown
2026-06-10 18:11:43 [INFO] 正在下载正文附件: GBZ 89—2024.unknown
2026-06-10 18:11:44 [INFO] 正在下载正文附件: GBZ 331—2024.unknown
2026-06-10 18:11:53 [INFO] 正在下载正文附件: 1743410696519_33079.pdf
2026-06-10 18:12:04 [INFO] 正在下载正文附件: GBZT 332—2024.unknown
2026-06-10 18:12:07 [INFO] 正在下载正文附件: GBZ_T 333—2024.unknown
2026-06-10 18:12:09 [INFO] 正在下载正文附件: GBZ_T 334—2024.unknown
2026-06-10 18:12:15 [INFO] 正在下载正文附件: GBZ_T 335—2024.unknown
2026-06-10 18:12:17 [INFO] 正在下载正文附件: 《工作场所有害因素职业接触限值 第1部分：化学有害因素》（GBZ 2.1—2019）第2号修改单
2026-06-10 18:12:22 [INFO] 正在下载正文附件: WS_T 225—2024.unknown
2026-06-10 18:12:28 [INFO] 正在下载正文附件: WS_T 227—2024.unknown
2026-06-10 18:12:34 [INFO] 正在下载正文附件: WS_T 229—2024.unknown
2026-06-10 18:12:35 [INFO] 正在下载正文附件: WS_T 230—2024.unknown
2026-06-10 18:12:41 [INFO] 正在下载正文附件: WS_T 348—2024.unknown
2026-06-10 18:12:45 [INFO] 正在下载正文附件: WS_T 356—2024.unknown
2026-06-10 18:12:52 [INFO] 正在下载正文附件: WS_T 359—2024.unknown
2026-06-10 18:12:54 [INFO] 正在下载正文附件: WS_T 402—2024.unknown
2026-06-10 18:12:57 [INFO] 正在下载正文附件: WS_T 403—2024.unknown
2026-06-10 18:12:59 [INFO] 正在下载正文附件: WS_T 406—2024.unknown
2026-06-10 18:13:04 [INFO] 正在下载正文附件: WS_T 408—2024.unknown
2026-06-10 18:13:07 [INFO] 正在下载正文附件: WS_T 409—2024.unknown
2026-06-10 18:13:12 [INFO] 正在下载正文附件: WS_T 413—2024.unknown
2026-06-10 18:13:17 [INFO] 正在下载正文附件: WS_T 414—2024.unknown
2026-06-10 18:13:19 [INFO] 正在下载正文附件: WS_T 415—2024.unknown
2026-06-10 18:13:24 [INFO] 正在下载正文附件: WS_T 418—2024.unknown
2026-06-10 18:13:25 [INFO] 正在下载正文附件: WS_T 461—2024.unknown
2026-06-10 18:13:28 [INFO] 正在下载正文附件: WS_T 478—2024.unknown
2026-06-10 18:13:35 [INFO] 正在下载正文附件: WS_T 489—2024.unknown
2026-06-10 18:13:37 [INFO] 正在下载正文附件: WS_T 491—2024.unknown
2026-06-10 18:13:44 [INFO] 正在下载正文附件: GBZ 166—2024.unknown
2026-06-10 18:13:49 [INFO] 正在下载正文附件: GBZ_T 181—2024.unknown
2026-06-10 18:13:51 [INFO] 正在下载正文附件: GBZ_T 216—2024.unknown
2026-06-10 18:13:53 [INFO] 正在下载正文附件: GBZ_T 256—2024.unknown
2026-06-10 18:13:55 [INFO] 正在下载正文附件: WS_T 830—2024.unknown
2026-06-10 18:14:01 [INFO] 正在下载正文附件: WS_T 831—2024.unknown
2026-06-10 18:14:11 [INFO] 正在下载正文附件: 征求意见的食品安全国家标准目录.unknown
2026-06-10 18:14:18 [INFO] 正在下载正文附件: 附件：居民电子健康档案首页基本内容（试行）.unknown
2026-06-10 18:14:23 [INFO] 正在下载正文附件: 附件：居民电子健康档案首页基本内容（试行）.unknown
2026-06-10 18:14:50 [INFO] 正在下载正文附件: 1.医疗机构人体器官移植诊疗科目登记服务指南
2026-06-10 18:14:51 [INFO] 正在下载正文附件: 2.医疗机构人体器官移植诊疗科目登记申报表
2026-06-10 18:15:22 [INFO] 正在下载正文附件: 健康素养提升行动标志及释义.unknown
2026-06-10 18:15:41 [INFO] 正在下载正文附件: 附件：人体器官移植医师培训基地基本要求.unknown
2026-06-10 18:16:09 [INFO] 正在下载正文附件: 2024年全国“爱眼日”宣传教育周公益海报（可用于印刷）.unknown
2026-06-10 18:17:27 [INFO] 正在下载正文附件: 急诊医学专业医疗质量控制指标（2024年版）.unknown
2026-06-10 18:17:33 [INFO] 正在下载正文附件: 脑损伤评价医疗质量控制指标（2024年版）.unknown
2026-06-10 18:17:37 [INFO] 正在下载正文附件: 病理专业医疗质量控制指标（2024年版）.unknown
2026-06-10 18:17:43 [INFO] 正在下载正文附件: 放射影像专业医疗质量控制指标（2024年版）.unknown
2026-06-10 18:17:48 [INFO] 正在下载正文附件: 门诊管理医疗质量控制指标（2024年版）.unknown
2026-06-10 18:17:51 [INFO] 正在下载正文附件: 医院感染管理医疗质量控制指标（2024年版）.unknown
2026-06-10 18:18:01 [INFO] 正在下载正文附件: 1.第三届职业健康传播作品征集活动图文类优秀作品名单
2026-06-10 18:18:04 [INFO] 正在下载正文附件: 2.第三届职业健康传播作品征集活动视频类优秀作品名单
2026-06-10 18:18:07 [INFO] 正在下载正文附件: 3.第三届职业健康传播作品征集活动网络账号类优秀作品名单
2026-06-10 18:18:07 [INFO] 正在下载正文附件: 4.第三届职业健康传播作品征集活动最佳组织单位、优秀组织单位和组织贡献单位名单
2026-06-10 18:18:08 [INFO] 正在下载正文附件: 5.第三届职业健康传播作品征集活动优秀个人名单
2026-06-10 18:18:12 [INFO] 正在下载正文附件: WS_T 841—2024.unknown
2026-06-10 18:18:22 [INFO] 正在下载正文附件: 1.全国社会心理服务体系建设专家工作组工作机制
2026-06-10 18:18:23 [INFO] 正在下载正文附件: 2.全国社会心理服务体系建设专家工作组工作职责
2026-06-10 18:18:23 [INFO] 正在下载正文附件: 3.全国社会心理服务体系建设专家工作组名单
2026-06-10 18:18:31 [INFO] 正在下载正文附件: 1.职业病危害项目申报扩面行动（2024-2025年）工作方案
2026-06-10 18:18:32 [INFO] 正在下载正文附件: 2.中小微企业职业健康帮扶行动（2024-2025年）工作方案
2026-06-10 18:18:32 [INFO] 正在下载正文附件: 3.职业病防治机构提质合规行动（2024-2025年）工作方案
2026-06-10 18:18:49 [INFO] 正在下载正文附件: 1.第三批健康企业建设行政推广优秀案例名单
2026-06-10 18:19:52 [INFO] 正在下载正文附件: 2.第三批健康企业建设优秀案例名单
2026-06-10 18:29:54 [ERROR] 正文附件下载失败: 2.第三批健康企业建设优秀案例名单, 目标链接: https://www.nhc.gov.cn/zyjks/c100153/202405/54bb72427dff4dd286746959907330a4/files/1733126715287_22188.pdf
2026-06-10 18:29:59 [INFO] 正在下载正文附件: 1.职业卫生技术服务机构资质认可程序
2026-06-10 18:30:02 [INFO] 正在下载正文附件: 2.职业卫生技术服务机构资质认可技术评审准则
2026-06-10 18:30:16 [INFO] 正在下载正文附件: WS_T 835-2024.unknown
2026-06-10 18:30:17 [INFO] 正在下载正文附件: WS_T 836-2024.unknown
2026-06-10 18:30:46 [INFO] 正在下载正文附件: 1733224083958_76224.pdf
2026-06-10 18:30:50 [INFO] 正在下载正文附件: 1.
2026-06-10 18:30:55 [INFO] 正在下载正文附件: 甲类大型医用设备配置审批服务指南.unknown
2026-06-10 18:31:00 [INFO] 正在下载正文附件: 2.甲类大型医用设备配置许可申报须知
2026-06-10 18:31:01 [INFO] 正在下载正文附件: 3.甲类大型医用设备配置许可评审标准目录
2026-06-10 18:31:07 [INFO] 正在下载正文附件: 网络安全技能主题赛决赛推荐数量分配表.unknown
2026-06-10 18:31:12 [INFO] 正在下载正文附件: 网络安全技能主题赛决赛推荐数量分配表.unknown
2026-06-10 18:31:16 [INFO] 正在下载正文附件: 附件：原发性肝癌诊疗指南（2024年版）.unknown
2026-06-10 18:31:27 [INFO] 正在下载正文附件: 2024年《职业病防治法》宣传周海报（印刷版）.unknown
2026-06-10 18:32:07 [INFO] 正在下载正文附件: 1.2024年《职业病防治法》宣传周推荐宣传用语
2026-06-10 18:32:08 [INFO] 正在下载正文附件: 2.2024年《职业病防治法》宣传周活动情况统计表
2026-06-10 18:32:08 [INFO] 正在下载正文附件: 3.2024年《职业病防治法》宣传周海报
2026-06-10 18:32:37 [INFO] 正在下载正文附件: 《中国公民健康素养—基本知识与技能（2024年版）》（征求意见稿）.unknown
2026-06-10 18:32:39 [INFO] 正在下载正文附件: 《中国公民健康素养—基本知识与技能释义（2024年版）》（征求意见稿）.unknown
2026-06-10 18:32:55 [INFO] 正在下载正文附件: 征集承担单位的标准项目目录（103项）.unknown
2026-06-10 18:33:02 [INFO] 正在下载正文附件: 国家健康科普专家库成员名单（2024年版）.unknown
2026-06-10 18:33:17 [INFO] 正在下载正文附件: 1.2024年公共卫生国家随机监督抽查计划
2026-06-10 18:33:18 [INFO] 正在下载正文附件: 2.2024年职业卫生和放射卫生国家随机监督抽查计划
2026-06-10 18:33:19 [INFO] 正在下载正文附件: 3.2024年医疗卫生机构传染病防治国家随机监督抽查计划
2026-06-10 18:33:20 [INFO] 正在下载正文附件: 4.2024年消毒产品国家随机监督抽查计划
2026-06-10 18:33:21 [INFO] 正在下载正文附件: 5.2024年医疗国家随机监督抽查计划
2026-06-10 18:33:22 [INFO] 正在下载正文附件: 6.2024年血液国家随机监督抽查计划
2026-06-10 18:33:26 [INFO] 正在下载正文附件: 2024年度食品安全国家标准立项计划（征求意见稿）.unknown
2026-06-10 18:33:32 [INFO] 正在下载正文附件: WS_T 833-2024.unknown
2026-06-10 18:33:40 [INFO] 正在下载正文附件: WS_T 832-2024.unknown
2026-06-10 18:33:45 [INFO] 正在下载正文附件: GBZ 59—2024.unknown
2026-06-10 18:33:47 [INFO] 正在下载正文附件: GBZ 76—2024.unknown
2026-06-10 18:33:48 [INFO] 正在下载正文附件: GBZ 82—2024.unknown
2026-06-10 18:33:50 [INFO] 正在下载正文附件: GBZ 185—2024.unknown
2026-06-10 18:33:53 [INFO] 正在下载正文附件: GBZ 237—2024.unknown
2026-06-10 18:33:55 [INFO] 正在下载正文附件: GBZ_T 300.165—2024
2026-06-10 18:33:58 [INFO] 正在下载正文附件: GBZ_T 329—2024.unknown
2026-06-10 18:33:59 [INFO] 正在下载正文附件: GBZ_T 330—2024.unknown
2026-06-10 18:34:06 [INFO] 正在下载正文附件: 《国家二级公立医院绩效考核操作手册（2024版）》.unknown
2026-06-10 18:34:16 [INFO] 正在下载正文附件: 《国家三级公立医院绩效考核操作手册（2024版）》.unknown
2026-06-10 18:34:36 [INFO] 正在下载正文附件: 第36个爱国卫生月海报.unknown
2026-06-10 18:35:39 [INFO] 正在下载正文附件: 第36个爱国卫生月海报.unknown
2026-06-10 18:36:34 [INFO] 正在下载正文附件: 全国罕见病诊疗协作网成员医院名单.unknown
2026-06-10 18:36:35 [INFO] 正在下载正文附件: 2.全国罕见病诊疗协作网办公室人员名单
2026-06-10 18:36:39 [INFO] 正在下载正文附件: 常用临床医学名词（2023年版）.unknown
2026-06-10 18:46:42 [ERROR] 正文附件下载失败: 常用临床医学名词（2023年版）.unknown, 目标链接: https://www.nhc.gov.cn/yzygj/c100068/202403/83455f24ebd54015b5d14532e072a833/files/1732871486652_60974.pdf
2026-06-10 18:46:54 [INFO] 正在下载正文附件: 关于石斛原球茎等23种“三新食品”的公告.unknown
2026-06-10 18:47:00 [INFO] 正在下载正文附件: 关于石斛原球茎等23种“三新食品”的公告.unknown
2026-06-10 18:47:08 [INFO] 正在下载正文附件: 附件：国家临床专科能力评估通用指标.unknown
2026-06-10 18:47:39 [INFO] 正在下载正文附件: 成人高尿酸血症与痛风食养指南（2024年版）.unknown
2026-06-10 18:48:31 [INFO] 正在下载正文附件: 成人高尿酸血症与痛风食养指南（2024年版）问答.unknown
2026-06-10 18:48:32 [INFO] 正在下载正文附件: 成人肥胖食养指南（2024年版）.unknown
2026-06-10 18:49:31 [INFO] 正在下载正文附件: 成人肥胖食养指南（2024年版）问答.unknown
2026-06-10 18:49:32 [INFO] 正在下载正文附件: 儿童青少年肥胖食养指南（2024年版）.unknown
2026-06-10 18:50:28 [INFO] 正在下载正文附件: 儿童青少年肥胖食养指南（2024年版）问答.unknown
2026-06-10 18:50:29 [INFO] 正在下载正文附件: 成人慢性肾脏病食养指南（2024年版）.unknown
2026-06-10 18:50:35 [INFO] 正在下载正文附件: 成人慢性肾脏病食养指南（2024年版）问答.unknown
2026-06-10 18:50:40 [INFO] 正在下载正文附件: 第二十五次全国爱耳日宣传教育活动宣传口号.unknown
2026-06-10 18:50:56 [INFO] 正在下载正文附件: 1.重离子质子放射治疗系统准予许可名单
2026-06-10 18:50:56 [INFO] 正在下载正文附件: 2.高端放射治疗类设备准予许可名单
2026-06-10 18:51:01 [INFO] 正在下载正文附件: 1.重离子质子放射治疗系统准予许可名单
2026-06-10 18:51:02 [INFO] 正在下载正文附件: 2.高端放射治疗类设备准予许可名单
2026-06-10 18:51:14 [INFO] 正在下载正文附件: 6个重点专项介绍.unknown
2026-06-10 18:51:15 [INFO] 正在下载正文附件: 项目立项建议表.unknown
2026-06-10 18:51:21 [INFO] 正在下载正文附件: 1.2024年国家医疗质量安全改进目标
2026-06-10 18:51:22 [INFO] 正在下载正文附件: 1733999813406_78499.pdf
2026-06-10 18:51:24 [INFO] 正在下载正文附件: 2.2024年各专业质控工作改进目标
2026-06-10 18:51:31 [INFO] 正在下载正文附件: 附件：2023年度“优质服务基层行”活动达到推荐标准机构名单.unknown
2026-06-10 18:51:38 [INFO] 正在下载正文附件: 附件：2023年度“优质服务基层行”活动达到推荐标准机构名单.unknown
2026-06-10 18:51:51 [INFO] 正在下载正文附件: 宣布失效的第五批委文件目录.unknown
2026-06-10 18:52:11 [INFO] 正在下载正文附件: 全国医养结合示范县（市、区）名单.unknown
2026-06-10 18:52:12 [INFO] 正在下载正文附件: 全国医养结合示范机构名单.unknown
2026-06-10 18:52:40 [INFO] 正在下载正文附件: 2023年全国示范性老年友好型社区名单.unknown
2026-06-10 18:52:55 [INFO] 正在下载正文附件: 拟补充提名项目.unknown
2026-06-10 18:53:38 [INFO] 正在下载正文附件: 儿童医疗卫生服务高质量发展主要指标.unknown
2026-06-10 18:53:43 [INFO] 正在下载正文附件: 《传染病医院建筑设计规范》（局部修订征求意见稿）.unknown
2026-06-10 18:53:52 [INFO] 正在下载正文附件: 1.2023年新时代健康科普作品征集大赛表演类优秀及入围作品名单
2026-06-10 18:53:56 [INFO] 正在下载正文附件: 2.2023年新时代健康科普作品征集大赛视频类优秀及入围作品名单
2026-06-10 18:54:00 [INFO] 正在下载正文附件: 3.2023年新时代健康科普作品征集大赛音频类优秀及入围作品名单
2026-06-10 18:54:05 [INFO] 正在下载正文附件: 4.2023年新时代健康科普作品征集大赛图文类优秀及入围作品名单
2026-06-10 18:54:08 [INFO] 正在下载正文附件: 5.2023年新时代健康科普作品征集大赛网络账号类优秀及入围作品名单
2026-06-10 18:54:12 [INFO] 正在下载正文附件: 1733220372923_52389.pdf
2026-06-10 18:54:13 [INFO] 正在下载正文附件: 6.2023年新时代健康科普作品征集大赛优秀组织单位名单
2026-06-10 18:54:14 [INFO] 正在下载正文附件: 7.2023年新时代健康科普作品征集大赛特别贡献单位名单
2026-06-10 18:54:20 [INFO] 正在下载正文附件: 附件：危重孕产妇救治体系技术评估指标（2023年版）.unknown
2026-06-10 18:54:26 [INFO] 正在下载正文附件: 2023年智慧健康养老应用试点示范名单.unknown
2026-06-10 18:54:26 [ERROR] 正文附件下载失败: 2023年智慧健康养老应用试点示范名单.unknown, 目标链接: https://www.nhc.gov.cn/lljks/c100158/202401/e9a317898a1f41e4a3f7e5b4dff1fb46/files/1733127601056_70927.xlsx
2026-06-10 18:54:26 [INFO] 正在下载正文附件: 2017-2019年（前三批）智慧健康养老应用试点示范通过复核名单.unknown
2026-06-10 18:54:27 [ERROR] 正文附件下载失败: 2017-2019年（前三批）智慧健康养老应用试点示范通过复核名单.unknown, 目标链接: https://www.nhc.gov.cn/lljks/c100158/202401/e9a317898a1f41e4a3f7e5b4dff1fb46/files/1733127601097_10195.xlsx
2026-06-10 18:54:31 [INFO] 正在下载正文附件: 新型抗肿瘤药物临床应用指导原则（2023年版）.unknown
2026-06-10 18:55:16 [INFO] 正在下载正文附件: 第三批鼓励仿制药品目录.unknown
2026-06-10 18:55:25 [INFO] 正在下载正文附件: 附件：产前筛查和产前诊断质量控制指标.unknown
2026-06-10 18:55:30 [INFO] 正在下载正文附件: 1.乡镇卫生院服务能力评价指南（2023版）
2026-06-10 18:55:36 [INFO] 正在下载正文附件: 2.社区卫生服务中心服务能力评价指南（2023版）
2026-06-10 18:55:47 [INFO] 正在下载正文附件: 1.乡镇卫生院服务能力评价指南（2023版）
2026-06-10 18:55:55 [INFO] 正在下载正文附件: 2.社区卫生服务中心服务能力评价指南（2023版）
2026-06-10 18:56:04 [INFO] 正在下载正文附件: WS_T 828-2023.unknown
2026-06-10 18:56:20 [INFO] 正在下载正文附件: 2023年健康促进医院优秀案例名单.unknown
2026-06-10 18:56:35 [INFO] 正在下载正文附件: 1.全国援外医疗工作先进集体名单
2026-06-10 18:56:35 [INFO] 正在下载正文附件: 1733193349061_62624.doc
2026-06-10 18:56:36 [INFO] 正在下载正文附件: 2.全国援外医疗工作先进个人名单
2026-06-10 18:57:07 [INFO] 正在下载正文附件: 医师资格考试大纲（2024年版）.unknown
2026-06-10 18:57:17 [INFO] 正在下载正文附件: 1.成人高尿酸血症与痛风食养指南（征求意见稿）
2026-06-10 18:58:15 [INFO] 正在下载正文附件: 2.成人高尿酸血症与痛风食养指南编制说明
2026-06-10 18:58:18 [INFO] 正在下载正文附件: 3.成人肥胖食养指南（征求意见稿）
2026-06-10 18:59:22 [INFO] 正在下载正文附件: 4.成人肥胖食养指南编制说明
2026-06-10 18:59:23 [INFO] 正在下载正文附件: 5.儿童青少年肥胖食养指南（征求意见稿）
2026-06-10 19:00:20 [INFO] 正在下载正文附件: 6.儿童青少年肥胖食养指南编制说明
2026-06-10 19:00:22 [INFO] 正在下载正文附件: 7.成人慢性肾脏病食养指南（征求意见稿）
2026-06-10 19:01:29 [ERROR] 正文附件下载失败: 7.成人慢性肾脏病食养指南（征求意见稿）, 目标链接: https://www.nhc.gov.cn/sps/c100088/202312/3fbdf286857a4235be5749ca7a7b2ac9/files/1732845040404_96165.pdf
2026-06-10 19:01:29 [INFO] 正在下载正文附件: 8.成人慢性肾脏病食养指南编制说明
2026-06-10 19:01:31 [INFO] 正在下载正文附件: 9.意见反馈表
2026-06-10 19:01:47 [INFO] 正在下载正文附件: 1.公立医院成本核算指导手册
2026-06-10 19:10:41 [INFO] 正在下载正文附件: 2.省（区、市）推进公立医院成本核算工作情况的报告
2026-06-10 19:11:05 [INFO] 正在下载正文附件: 巴拉圭冬青叶（马黛茶叶）等9种“三新食品”的公告文本.unknown
2026-06-10 19:11:11 [INFO] 正在下载正文附件: 巴拉圭冬青叶（马黛茶叶）等9种“三新食品”的公告文本.unknown
2026-06-10 19:11:16 [INFO] 正在下载正文附件: 食品营养强化剂氨基酸使用的有关要求.unknown
2026-06-10 19:11:25 [INFO] 正在下载正文附件: 食品营养强化剂氨基酸使用的有关要求.unknown
2026-06-10 19:11:40 [INFO] 正在下载正文附件: 卫生健康统计工作管理办法（国家卫生健康委员会令第12号）.unknown
2026-06-10 19:12:08 [INFO] 正在下载正文附件: 关于修改《职业卫生技术服务机构管理办法》的决定（国家卫生健康委员会令第11号）.unknown
2026-06-10 19:13:09 [INFO] 正在下载正文附件: 食品安全标准管理办法（国家卫生健康委员会令第10号）.unknown
2026-06-10 19:13:46 [INFO] 正在下载正文附件: 国家卫生健康委关于废止部分部门规章的决定（国家卫生健康委员会令第9号）.unknown
2026-06-10 19:13:58 [INFO] 正在下载正文附件: 1.健康中国行动知行大赛家庭专场赛程设置
2026-06-10 19:13:58 [INFO] 正在下载正文附件: 2.健康中国行动知行大赛全国题库建设要求
2026-06-10 19:13:59 [INFO] 正在下载正文附件: 3.健康中国行动知行大赛家庭专场战队选拔要求
2026-06-10 19:14:04 [INFO] 正在下载正文附件: 1.健康中国行动知行大赛家庭专场赛程设置
2026-06-10 19:14:05 [INFO] 正在下载正文附件: 2.健康中国行动知行大赛全国题库建设要求
2026-06-10 19:14:06 [INFO] 正在下载正文附件: 3.健康中国行动知行大赛家庭专场战队选拔要求
2026-06-10 19:14:15 [INFO] 正在下载正文附件: 1.卫生健康行业内部审计基本指引（试行）
2026-06-10 19:14:16 [INFO] 正在下载正文附件: 2.大型医用设备绩效专项审计指引（试行）
2026-06-10 19:14:17 [INFO] 正在下载正文附件: 3.高值医用耗材专项审计指引（试行）
2026-06-10 19:14:19 [INFO] 正在下载正文附件: 4.采购管理专项审计指引（试行）
2026-06-10 19:14:21 [INFO] 正在下载正文附件: 5.建设项目专项审计指引（试行）
2026-06-10 19:14:25 [INFO] 正在下载正文附件: 6.合同管理专项审计指引（试行）
2026-06-10 19:14:27 [INFO] 正在下载正文附件: 7.内部控制评价工作指引（试行）
2026-06-10 19:14:34 [INFO] 正在下载正文附件: 健康知识普及行动-2023年新时代健康科普作品征集大赛优秀及入围作品公示名单.unknown
2026-06-10 19:14:44 [INFO] 正在下载正文附件: 党参等9种新增按照传统既是食品又是中药材的物质目录.unknown
2026-06-10 19:14:51 [INFO] 正在下载正文附件: 党参等9种新增按照传统既是食品又是中药材的物质目录.unknown
2026-06-10 19:15:07 [INFO] 正在下载正文附件: 1.全国援外医疗工作先进集体拟表彰对象名单
2026-06-10 19:15:07 [INFO] 正在下载正文附件: 2.全国援外医疗工作先进个人拟表彰对象名单
2026-06-10 19:15:17 [INFO] 正在下载正文附件: 附件：康复治疗专业人员培训大纲（2023年版）.unknown
2026-06-10 19:15:22 [INFO] 正在下载正文附件: 1.感染性疾病专业医疗质量控制指标（2023年版）
2026-06-10 19:15:27 [INFO] 正在下载正文附件: 2.健康体检与管理专业医疗质量控制指标（2023年版）
2026-06-10 19:15:34 [INFO] 正在下载正文附件: 3.疼痛专业医疗质量控制指标（2023年版）
2026-06-10 19:15:36 [INFO] 正在下载正文附件: 4.整形美容专业医疗质量控制指标（2023年版）
2026-06-10 19:15:50 [INFO] 正在下载正文附件: 改善就医感受提升患者体验评估操作手册（2023年版）.unknown
2026-06-10 19:15:56 [INFO] 正在下载正文附件: WS_T 821-2023.unknown
2026-06-10 19:16:11 [INFO] 正在下载正文附件: WS_T 363.1—2023
2026-06-10 19:16:12 [INFO] 正在下载正文附件: WS_T 363.2—2023
2026-06-10 19:16:13 [INFO] 正在下载正文附件: WS_T 363.3—2023
2026-06-10 19:16:16 [INFO] 正在下载正文附件: WS_T 363.4—2023
2026-06-10 19:16:18 [INFO] 正在下载正文附件: WS_T 363.5—2023
2026-06-10 19:16:20 [INFO] 正在下载正文附件: WS_T 363.6—2023
2026-06-10 19:16:22 [INFO] 正在下载正文附件: WS_T 363.7—2023
2026-06-10 19:16:26 [INFO] 正在下载正文附件: WS_T 363.8—2023
2026-06-10 19:16:29 [INFO] 正在下载正文附件: WS_T 363.9—2023
2026-06-10 19:16:32 [INFO] 正在下载正文附件: WS_T 363.10—2023
2026-06-10 19:16:34 [INFO] 正在下载正文附件: WS_T 363.11—2023
2026-06-10 19:16:38 [INFO] 正在下载正文附件: WS_T 363.12—2023
2026-06-10 19:16:41 [INFO] 正在下载正文附件: WS_T 363.13—2023
2026-06-10 19:16:43 [INFO] 正在下载正文附件: WS_T 363.14—2023
2026-06-10 19:16:47 [INFO] 正在下载正文附件: WS_T 363.15—2023
2026-06-10 19:16:49 [INFO] 正在下载正文附件: WS_T 363.16—2023
2026-06-10 19:16:52 [INFO] 正在下载正文附件: WS_T 363.17—2023
2026-06-10 19:16:55 [INFO] 正在下载正文附件: WS_T 364.1—2023
2026-06-10 19:16:58 [INFO] 正在下载正文附件: WS_T 364.2—2023
2026-06-10 19:17:00 [INFO] 正在下载正文附件: WS_T 364.3—2023
2026-06-10 19:17:01 [INFO] 正在下载正文附件: WS_T 364.4—2023
2026-06-10 19:17:03 [INFO] 正在下载正文附件: WS_T 364.5—2023
2026-06-10 19:17:05 [INFO] 正在下载正文附件: WS_T 364.6—2023
2026-06-10 19:17:08 [INFO] 正在下载正文附件: WS_T 364.7—2023
2026-06-10 19:17:10 [INFO] 正在下载正文附件: WS_T 364.8—2023
2026-06-10 19:17:11 [INFO] 正在下载正文附件: WS_T 364.9—2023
2026-06-10 19:17:13 [INFO] 正在下载正文附件: WS_T 364.10—2023
2026-06-10 19:17:17 [INFO] 正在下载正文附件: WS_T 364.11—2023
2026-06-10 19:17:19 [INFO] 正在下载正文附件: WS_T 364.12—2023
2026-06-10 19:17:21 [INFO] 正在下载正文附件: WS_T 364.13—2023
2026-06-10 19:17:22 [INFO] 正在下载正文附件: WS_T 364.14—2023
2026-06-10 19:17:23 [INFO] 正在下载正文附件: WS_T 364.15—2023
2026-06-10 19:17:24 [INFO] 正在下载正文附件: WST 364.16—2023
2026-06-10 19:17:26 [INFO] 正在下载正文附件: WST 364.17—2023
2026-06-10 19:17:32 [INFO] 正在下载正文附件: 《生物安全实验室建筑技术规范》（局部修订征求意见稿）.unknown
2026-06-10 19:17:54 [INFO] 正在下载正文附件: 1.健康企业建设优秀案例（模板）
2026-06-10 19:17:55 [INFO] 正在下载正文附件: 2.健康企业建设优秀案例提交表
2026-06-10 19:17:55 [INFO] 正在下载正文附件: 3.知情同意书
2026-06-10 19:18:01 [INFO] 正在下载正文附件: 1.股骨颈骨折闭合复位内固定术加速康复临床路径（2023年版）
2026-06-10 19:18:04 [INFO] 正在下载正文附件: 2.Pilon骨折切开复位内固定术加速康复临床路径（2023年版）
2026-06-10 19:18:08 [INFO] 正在下载正文附件: 3.股骨转子间骨折闭合复位内固定术加速康复临床路径（2023年版）
2026-06-10 19:18:12 [INFO] 正在下载正文附件: 4.经皮椎体成形术／经皮椎体后凸成形术加速康复临床路径（2023年版）
2026-06-10 19:18:15 [INFO] 正在下载正文附件: 5.颈椎前路椎间盘切除减压融合术加速康复临床路径（2023年版）
2026-06-10 19:18:18 [INFO] 正在下载正文附件: 6.全踝关节置换术加速康复临床路径（2023年版）
2026-06-10 19:18:20 [INFO] 正在下载正文附件: 7.全髋关节置换术加速康复临床路径（2023年版）
2026-06-10 19:18:22 [INFO] 正在下载正文附件: 8.全膝关节置换术加速康复临床路径（2023年版）
2026-06-10 19:18:25 [INFO] 正在下载正文附件: 9.三踝骨折切开复位内固定术加速康复临床路径（2023年版）
2026-06-10 19:18:27 [INFO] 正在下载正文附件: 10.腰椎后路短节段减压融合术加速康复临床路径（2023年版）
2026-06-10 19:18:31 [INFO] 正在下载正文附件: 11.肿瘤半髋／全髋关节置换术加速康复临床路径（2023年版）
2026-06-10 19:18:37 [INFO] 正在下载正文附件: 12.肿瘤膝关节置换术加速康复临床路径（2023年版）
2026-06-10 19:18:55 [INFO] 正在下载正文附件: 2022年我国卫生健康事业发展统计公报.unknown
2026-06-10 19:18:57 [INFO] 正在下载正文附件: 1734002358800_13240.pdf
2026-06-10 19:19:04 [INFO] 正在下载正文附件: 1.患者安全专项行动监测指标
2026-06-10 19:19:05 [INFO] 正在下载正文附件: 2.医疗质量安全不良事件分级分类标准
2026-06-10 19:19:06 [INFO] 正在下载正文附件: 3.患者安全专项行动年度工作汇总表
2026-06-10 19:19:21 [INFO] 正在下载正文附件: 桃胶等15种“三新食品”的公告文本.unknown
2026-06-10 19:19:33 [INFO] 正在下载正文附件: 桃胶等15种“三新食品”的公告文本.unknown
2026-06-10 19:19:49 [INFO] 正在下载正文附件: 卫生健康统计工作高质量发展攻关任务研究报告（格式）.unknown
2026-06-10 19:19:53 [INFO] 正在下载正文附件: 卫生健康统计工作高质量发展攻关任务研究报告（格式）.unknown
2026-06-10 19:19:58 [INFO] 正在下载正文附件: 甲类大型医用设备配置审批服务指南.unknown
2026-06-10 19:20:07 [INFO] 正在下载正文附件: 甲类大型医用设备配置许可申报须知.unknown
2026-06-10 19:20:09 [INFO] 正在下载正文附件: 甲类大型医用设备配置许可评审标准.unknown
2026-06-10 19:20:16 [INFO] 正在下载正文附件: WS_T 813—2023 手术部位标识标准.unknown
2026-06-10 19:20:19 [INFO] 正在下载正文附件: WS_T 814—2023 患者体验调查与评价术语标准.unknown
2026-06-10 19:20:22 [INFO] 正在下载正文附件: WS_T 815—2023 严重创伤院前与院内信息链接标准.unknown
2026-06-10 19:20:29 [INFO] 正在下载正文附件: WS 399—2023 血液储存标准（代替WS 399—2012）.unknown
2026-06-10 19:20:32 [INFO] 正在下载正文附件: WS 400—2023 血液运输标准（代替WS_T 400—2012）.unknown
2026-06-10 19:20:34 [INFO] 正在下载正文附件: WS.unknown
2026-06-10 19:20:36 [INFO] 正在下载正文附件: _.unknown
2026-06-10 19:20:37 [INFO] 正在下载正文附件: WS.unknown
2026-06-10 19:20:40 [INFO] 正在下载正文附件: 附件_第六批卫生健康行业经济管理领军人才培养学员名单.unknown
2026-06-10 19:20:45 [INFO] 正在下载正文附件: 附件：1.脱盐乳清产品供给能力提升任务揭榜申请指南
2026-06-10 19:20:46 [INFO] 正在下载正文附件: 2.脱盐乳清产品供给能力提升任务揭榜单位申请材料
2026-06-10 19:20:47 [INFO] 正在下载正文附件: 3.脱盐乳清产品供给能力提升任务揭榜单位推荐表
2026-06-10 19:20:51 [INFO] 正在下载正文附件: 附件：医疗服务项目相关财务归集口径规范.unknown
2026-06-10 19:24:16 [INFO] 正在下载正文附件: 1743471174207_63273.pdf
2026-06-10 19:25:21 [ERROR] 正文附件下载失败: 1743471174207_63273.pdf, 目标链接: https://www.nhc.gov.cn/caiwusi/c100043/202309/b22604883d9a4ca58e82bc61b57cd4fd/files/1743471174207_63273.pdf
2026-06-10 19:25:21 [INFO] 正在下载正文附件: 全国医疗服务项目技术规范（2023年版）.unknown
2026-06-10 19:25:51 [ERROR] 正文附件下载失败: 全国医疗服务项目技术规范（2023年版）.unknown, 目标链接: https://www.nhc.gov.cn/caiwusi/c100043/202309/b22604883d9a4ca58e82bc61b57cd4fd/files/1743471174883_42587.pdf
2026-06-10 19:25:59 [INFO] 正在下载正文附件: 新食品原料审批行政许可事项实施规范.unknown
2026-06-10 19:25:59 [INFO] 正在下载正文附件: 新食品原料审批办事指南.unknown
2026-06-10 19:26:00 [INFO] 正在下载正文附件: 食品添加剂新品种行政许可事项实施规范.unknown
2026-06-10 19:26:01 [INFO] 正在下载正文附件: 食品添加剂新品种审批办事指南.unknown
2026-06-10 19:26:01 [INFO] 正在下载正文附件: 食品相关产品新品种行政许可事项实施规范.unknown
2026-06-10 19:26:02 [INFO] 正在下载正文附件: 食品相关产品新品种审批办事指南.unknown
2026-06-10 19:26:13 [INFO] 正在下载正文附件: 第二批罕见病目录.unknown
2026-06-10 19:26:19 [INFO] 正在下载正文附件: 智慧老年健康和智慧托育优秀案例申报书（2023年）.unknown
2026-06-10 19:26:25 [INFO] 正在下载正文附件: 智慧老年健康和智慧托育优秀案例申报书（2023年）.unknown
2026-06-10 19:26:42 [INFO] 正在下载正文附件: 医疗机构人体器官移植诊疗科目登记实施规范.unknown
2026-06-10 19:26:44 [INFO] 正在下载正文附件: 医疗机构人体器官移植诊疗科目登记办事指南.unknown
2026-06-10 19:26:50 [INFO] 正在下载正文附件: 人体器官移植执业医师注册实施规范.unknown
2026-06-10 19:26:52 [INFO] 正在下载正文附件: 人体器官移植执业医师注册办事指南.unknown
2026-06-10 19:26:58 [INFO] 正在下载正文附件: WS_T 431—2023.unknown
2026-06-10 19:26:59 [INFO] 正在下载正文附件: WS_T 433—2023.unknown
2026-06-10 19:27:08 [INFO] 正在下载正文附件: WS_T 827—2023.unknown
2026-06-10 19:27:20 [INFO] 正在下载正文附件: WS_T 311—2023.unknown
2026-06-10 19:27:26 [INFO] 正在下载正文附件: WS_T 312—2023.unknown
2026-06-10 19:27:28 [INFO] 正在下载正文附件: WS_T 826—2023.unknown
2026-06-10 19:27:40 [INFO] 正在下载正文附件: 高致病性或疑似高致病性病原微生物实验活动审批行政许可事项实施规范.unknown
2026-06-10 19:27:43 [INFO] 正在下载正文附件: 从事四级生物安全实验室进行的或者本实验室权限外的高致病性或疑似高致病性病原.unknown
2026-06-10 19:27:45 [INFO] 正在下载正文附件: 从事我国尚未发现或者宣布消灭的病原微生物实验活动审批办事指南.unknown
2026-06-10 19:27:46 [INFO] 正在下载正文附件: 高致病性病原微生物运输审批行政许可事项实施规范.unknown
2026-06-10 19:27:48 [INFO] 正在下载正文附件: 跨省级行政区域或向国外运输高致病性病原微生物审批办事指南.unknown
2026-06-10 19:27:53 [INFO] 正在下载正文附件: 1.手术质量安全提升行动监测指标
2026-06-10 19:27:54 [INFO] 正在下载正文附件: 2.医疗机构手术质量安全管理示意图
2026-06-10 19:28:05 [INFO] 正在下载正文附件: 人间传染的病原微生物目录.unknown
2026-06-10 19:28:22 [INFO] 正在下载正文附件: WS_T 303—2023.unknown
2026-06-10 19:28:24 [INFO] 正在下载正文附件: WS_T 304—2023.unknown
2026-06-10 19:28:33 [INFO] 正在下载正文附件: WS_T 305—2023.unknown
2026-06-10 19:28:35 [INFO] 正在下载正文附件: WS_T 306—2023.unknown
2026-06-10 19:28:44 [INFO] 正在下载正文附件: 第四批鼓励研发申报儿童药品清单.unknown
2026-06-10 19:28:44 [INFO] 正在下载正文附件: 1733998010166_76898.docx
2026-06-10 19:28:50 [INFO] 正在下载正文附件: 附件：2023年第六批卫生健康行业经济管理领军人才选拔面试名单.unknown
2026-06-10 19:28:54 [INFO] 正在下载正文附件: WS_T 819—2023 县级综合医院设备配置标准.unknown
2026-06-10 19:29:13 [INFO] 正在下载正文附件: 儿童保健与婴幼儿养育照护科普作品征集评选活动参赛作品推荐表.unknown
2026-06-10 19:29:13 [INFO] 正在下载正文附件: 儿童保健与婴幼儿养育照护科普作品征集评选活动参赛作品汇总表.unknown
2026-06-10 19:29:14 [INFO] 正在下载正文附件: 儿童保健与婴幼儿养育照护科普作品征集评选活动联络员信息登记表.unknown
2026-06-10 19:29:21 [INFO] 正在下载正文附件: 文冠果种仁等8种“三新食品”的公告文本.unknown
2026-06-10 19:29:28 [INFO] 正在下载正文附件: 文冠果种仁等8种“三新食品”的公告文本.unknown
2026-06-10 19:29:38 [INFO] 正在下载正文附件: 2023年世界母乳喂养周宣传材料-主题海报.unknown
2026-06-10 19:30:49 [INFO] 正在下载正文附件: “启明行动”——防控儿童青少年近视健康促进活动宣传海报.unknown
2026-06-10 19:31:00 [INFO] 正在下载正文附件: 全国妇幼健康职业技能竞赛决赛具体安排.unknown
2026-06-10 19:31:01 [INFO] 正在下载正文附件: 全国妇幼健康职业技能竞赛地方组织工作考评细则.unknown
2026-06-10 19:31:14 [INFO] 正在下载正文附件: 副秘书长联系专业委员会分工.unknown
2026-06-10 19:31:19 [INFO] 正在下载正文附件: 国家高原病医学中心设置标准.unknown
2026-06-10 19:31:41 [INFO] 正在下载正文附件: 1.2022年度健康县区建设优秀案例
2026-06-10 19:32:11 [ERROR] 正文附件下载失败: 1.2022年度健康县区建设优秀案例, 目标链接: https://www.nhc.gov.cn/xcs/c100123/202307/41239d73d186438a830feb3299494f22/files/1733220124619_17720.pdf
2026-06-10 19:32:11 [INFO] 正在下载正文附件: 2.2022年度健康县区建设典型经验
2026-06-10 19:33:00 [INFO] 正在下载正文附件: 附件_1.2023年第六批卫生健康行业经济管理领军人才笔试人员名单
2026-06-10 19:33:01 [INFO] 正在下载正文附件: 2.2023年第六批卫生健康行业经济管理领军人才不符合报名条件人员名单
2026-06-10 19:33:14 [INFO] 正在下载正文附件: WS_T 823—2023.unknown
2026-06-10 19:33:22 [INFO] 正在下载正文附件: WS_T 822-2023.unknown
2026-06-10 19:33:36 [INFO] 正在下载正文附件: 智慧健康养老产品及服务推广目录（2022年版）.unknown
2026-06-10 19:33:41 [INFO] 正在下载正文附件: 2023年度食品安全国家标准立项计划.unknown
2026-06-10 19:33:52 [INFO] 正在下载正文附件: 1.“十四五”大型医用设备配置规划数
2026-06-10 19:33:54 [INFO] 正在下载正文附件: 2.甲类大型医用设备配置准入标准
2026-06-10 19:33:56 [INFO] 正在下载正文附件: 3.乙类大型医用设备配置标准指引
2026-06-10 19:34:39 [INFO] 正在下载正文附件: 附件：2022年向全国老年人推荐优秀出版物活动推荐书目.unknown
2026-06-10 19:34:44 [INFO] 正在下载正文附件: 1733126760807_28516.doc
2026-06-10 19:34:45 [INFO] 正在下载正文附件: 1.第一批职业健康保护行动组织实施优秀案例名单
2026-06-10 19:35:02 [INFO] 正在下载正文附件: 2.第一批“职业健康达人”优秀案例名单
2026-06-10 19:36:20 [ERROR] 正文附件下载失败: 2.第一批“职业健康达人”优秀案例名单, 目标链接: https://www.nhc.gov.cn/zyjks/c100153/202306/dd125e53ddf843659c62758da1d26c54/files/1733126760877_72866.pdf
2026-06-10 19:36:20 [INFO] 正在下载正文附件: 1733126761281_37334.doc
2026-06-10 19:36:22 [INFO] 正在下载正文附件: 3.第二批健康企业建设行政推广优秀案例名单
2026-06-10 19:36:52 [ERROR] 正文附件下载失败: 3.第二批健康企业建设行政推广优秀案例名单, 目标链接: https://www.nhc.gov.cn/zyjks/c100153/202306/dd125e53ddf843659c62758da1d26c54/files/1733126767720_56861.pdf
2026-06-10 19:36:52 [INFO] 正在下载正文附件: 1733126760850_87443.doc
2026-06-10 19:36:53 [INFO] 正在下载正文附件: 4.第二批健康企业建设优秀案例名单
2026-06-10 19:37:24 [ERROR] 正文附件下载失败: 4.第二批健康企业建设优秀案例名单, 目标链接: https://www.nhc.gov.cn/zyjks/c100153/202306/dd125e53ddf843659c62758da1d26c54/files/1733126761416_10223.pdf
2026-06-10 19:37:37 [INFO] 正在下载正文附件: 2022年度“优质服务基层行”活动达到推荐标准机构名单.unknown
2026-06-10 19:37:47 [INFO] 正在下载正文附件: 2022年度“优质服务基层行”活动达到推荐标准机构名单.unknown
2026-06-10 19:38:41 [INFO] 正在下载正文附件: 疫苗生产车间生物安全标准（征求意见稿）.unknown
2026-06-10 19:38:54 [INFO] 正在下载正文附件: 附件：各省行动效果监测指标体系.unknown
2026-06-10 19:39:07 [INFO] 正在下载正文附件: 智慧健康养老产品及服务推广目录（2022年版）拟入选名单.unknown
2026-06-10 19:40:49 [INFO] 正在下载正文附件: 2023年全国“爱眼日”宣传海报（可用于印刷）.unknown
2026-06-10 19:43:29 [INFO] 正在下载正文附件: 1733999328120_89369.zip
2026-06-10 19:44:47 [ERROR] 正文附件下载失败: 1733999328120_89369.zip, 目标链接: https://www.nhc.gov.cn/yzygj/c100068/202305/3cc9327d95aa4e2ab552ecec31fe8381/files/1733999328120_89369.zip
2026-06-10 19:44:51 [INFO] 正在下载正文附件: 国家卫生健康委百万减残工程专家委员会名单.unknown
2026-06-10 19:45:21 [ERROR] 正文附件下载失败: 国家卫生健康委百万减残工程专家委员会名单.unknown, 目标链接: https://www.nhc.gov.cn/yzygj/c100068/202305/10a2fe1288ca47f589078f9888e4442a/files/1732871283014_23096.pdf
2026-06-10 19:45:30 [INFO] 正在下载正文附件: 2023年世界无烟日主题海报.unknown
2026-06-10 19:46:31 [INFO] 正在下载正文附件: 2023年世界无烟日主题海报.unknown
2026-06-10 19:47:01 [ERROR] 正文附件下载失败: 2023年世界无烟日主题海报.unknown, 目标链接: https://www.nhc.gov.cn/wjw/c100175/202305/b0b750996b5a46fb962e9183897b99f1/files/1733226712664_20715.zip
2026-06-10 19:47:12 [INFO] 正在下载正文附件: 健康科普作品线上报名流程.unknown
2026-06-10 19:47:12 [INFO] 正在下载正文附件: 健康科普作品线上审核流程.unknown
2026-06-10 19:47:13 [INFO] 正在下载正文附件: 健康科普作品（非网络账号类）推荐表.unknown
2026-06-10 19:47:14 [INFO] 正在下载正文附件: 健康科普作品（网络账号类）推荐表.unknown
2026-06-10 19:47:28 [INFO] 正在下载正文附件: 县医院医疗服务能力基本标准符合情况排名.unknown
2026-06-10 19:47:28 [INFO] 正在下载正文附件: 县医院医疗服务能力推荐标准符合情况排名.unknown
2026-06-10 19:47:29 [INFO] 正在下载正文附件: 县医院各科室服务能力符合情况.unknown
2026-06-10 19:47:29 [INFO] 正在下载正文附件: 县医院各科室设置情况.unknown
2026-06-10 19:47:30 [INFO] 正在下载正文附件: 县医院电子病历系统应用水平分级评价情况.unknown
2026-06-10 19:47:36 [INFO] 正在下载正文附件: 专家推荐表.unknown
2026-06-10 19:47:37 [INFO] 正在下载正文附件: 专家入库及信息填报更新说明.unknown
2026-06-10 19:47:38 [INFO] 正在下载正文附件: 专家汇总表.unknown
2026-06-10 19:47:39 [INFO] 正在下载正文附件: 专家所在单位联系人基本信息表.unknown
2026-06-10 19:48:09 [INFO] 正在下载正文附件: “三新食品”目录及适用的食品安全标准.unknown
2026-06-10 19:48:18 [INFO] 正在下载正文附件: “三新食品”目录及适用的食品安全标准.unknown
2026-06-10 19:48:29 [INFO] 正在下载正文附件: 征求意见的食品安全国家标准目录.unknown
2026-06-10 19:48:31 [ERROR] 正文附件下载失败: 征求意见的食品安全国家标准目录.unknown, 目标链接: https://www.nhc.gov.cn/sps/c100088/202305/839936b7eea4450ebccec12e55a476ef/files/1732845043265_22694.doc
2026-06-10 19:48:36 [INFO] 正在下载正文附件: 体细胞临床研究工作指引（公开征求意见稿）.unknown
2026-06-10 19:48:59 [INFO] 正在下载正文附件: 蓝莓花色苷等14种“三新食品”的公告文本.unknown
2026-06-10 19:49:13 [INFO] 正在下载正文附件: 蓝莓花色苷等14种“三新食品”的公告文本.unknown
2026-06-10 19:49:24 [INFO] 正在下载正文附件: 1.数字健康典型案例汇总表
2026-06-10 19:49:25 [INFO] 正在下载正文附件: 2.数字健康典型案例申报表
2026-06-10 19:49:25 [INFO] 正在下载正文附件: 3.案例内容
2026-06-10 19:49:30 [INFO] 正在下载正文附件: 1.数字健康典型案例汇总表
2026-06-10 19:49:31 [INFO] 正在下载正文附件: 2.数字健康典型案例申报表
2026-06-10 19:49:31 [INFO] 正在下载正文附件: 3.案例内容
2026-06-10 19:49:37 [INFO] 正在下载正文附件: WST+820—2023.unknown
2026-06-10 19:49:58 [INFO] 正在下载正文附件: 加速康复外科相关工作评价指标.unknown
2026-06-10 19:50:05 [INFO] 正在下载正文附件: 国家卫生健康委儿童血液病、恶性肿瘤专家委员会名单.unknown
2026-06-10 19:50:38 [INFO] 正在下载正文附件: 国家二级公立医院绩效考核操作手册（2023版）.unknown
2026-06-10 19:51:08 [ERROR] 正文附件下载失败: 国家二级公立医院绩效考核操作手册（2023版）.unknown, 目标链接: https://www.nhc.gov.cn/yzygj/c100068/202304/c6e8a133f2e5444ab9fac128d7053ea3/files/1732873687913_55591.pdf
2026-06-10 19:51:13 [INFO] 正在下载正文附件: 1.甲类大型医用设备配置准入标准（征求意见稿）
2026-06-10 19:51:14 [INFO] 正在下载正文附件: 2.乙类大型医用设备配置标准指引（征求意见稿）
2026-06-10 19:51:42 [INFO] 正在下载正文附件: 2023年《职业病防治法》宣传周海报（印刷版）.unknown
2026-06-10 19:52:12 [ERROR] 正文附件下载失败: 2023年《职业病防治法》宣传周海报（印刷版）.unknown, 目标链接: https://www.nhc.gov.cn/zyjks/c100153/202304/e66163424a4f4a9ba0911e926fed3af8/files/1733126654251_49276.zip
2026-06-10 19:52:17 [INFO] 正在下载正文附件: 2023年《职业病防治法》宣传周推荐宣传用语.unknown
2026-06-10 19:52:18 [INFO] 正在下载正文附件: 2023年《职业病防治法》宣传周活动情况统计表.unknown
2026-06-10 19:52:18 [INFO] 正在下载正文附件: 2023年《职业病防治法》宣传周海报.unknown
2026-06-10 19:52:48 [ERROR] 正文附件下载失败: 2023年《职业病防治法》宣传周海报.unknown, 目标链接: https://www.nhc.gov.cn/zyjks/c100153/202304/cbfcce34212044aaa490a406ed09d970/files/1733126737119_81710.zip
2026-06-10 19:52:54 [INFO] 正在下载正文附件: 国家级医疗质量控制中心名单.unknown
2026-06-10 19:53:03 [INFO] 正在下载正文附件: 各国家级医疗质量控制中心专家委员会委员名单.unknown
2026-06-10 19:53:33 [ERROR] 正文附件下载失败: 各国家级医疗质量控制中心专家委员会委员名单.unknown, 目标链接: https://www.nhc.gov.cn/yzygj/c100068/202304/4eaeed7462fe408daf496419c3afd614/files/1732873088654_44321.pdf
2026-06-10 19:53:45 [INFO] 正在下载正文附件: 1.2023年公共卫生国家随机监督抽查计划
2026-06-10 19:53:50 [INFO] 正在下载正文附件: 2.2023年职业卫生放射卫生国家随机监督抽查计划
2026-06-10 19:53:52 [INFO] 正在下载正文附件: 3.2023年医疗卫生机构传染病防治国家随机监督抽查计划
2026-06-10 19:53:54 [INFO] 正在下载正文附件: 4.2023年消毒产品国家随机监督抽查计划
2026-06-10 19:53:58 [INFO] 正在下载正文附件: 5.2023年医疗卫生国家随机监督抽查计划
2026-06-10 19:54:07 [INFO] 正在下载正文附件: 1.出生医学证明（第七版）样证式样
2026-06-10 19:54:13 [INFO] 正在下载正文附件: 2.全年“母婴三证”申领计划表
2026-06-10 19:54:13 [INFO] 正在下载正文附件: 3.“母婴三证”申领单
2026-06-10 19:54:14 [INFO] 正在下载正文附件: 4.《出生医学证明》季度配发表
2026-06-10 19:54:20 [INFO] 正在下载正文附件: 1733999856480_86513.pdf
2026-06-10 19:54:50 [ERROR] 正文附件下载失败: 1733999856480_86513.pdf, 目标链接: https://www.nhc.gov.cn/yzygj/c100068/202303/8378e4604a67468eaad39e752fcb4863/files/1733999856480_86513.pdf
2026-06-10 19:54:50 [INFO] 正在下载正文附件: 肿瘤专业质量控制指标(2023年版).unknown
2026-06-10 19:55:20 [ERROR] 正文附件下载失败: 肿瘤专业质量控制指标(2023年版).unknown, 目标链接: https://www.nhc.gov.cn/yzygj/c100068/202303/8378e4604a67468eaad39e752fcb4863/files/1733999857188_84136.pdf
2026-06-10 19:55:30 [INFO] 正在下载正文附件: GBZ 115—2023.unknown
2026-06-10 19:55:39 [INFO] 正在下载正文附件: GBZ_T 328—2023.unknown
2026-06-10 19:55:48 [INFO] 正在下载正文附件: WS 816—2023.unknown
2026-06-10 19:56:06 [INFO] 正在下载正文附件: WS 817—2023.unknown
2026-06-10 19:56:22 [INFO] 正在下载正文附件: WS 818—2023.unknown
2026-06-10 19:56:53 [INFO] 正在下载正文附件: 1.唐氏综合征防治健康教育核心信息及知识要点宣传手册
2026-06-10 19:57:23 [ERROR] 正文附件下载失败: 1.唐氏综合征防治健康教育核心信息及知识要点宣传手册, 目标链接: https://www.nhc.gov.cn/fys/c100078/202303/6e0bc367699f43e29c99f33d9a226d29/files/1733998314506_91760.pdf
2026-06-10 19:57:23 [INFO] 正在下载正文附件: 2.血友病防治健康教育核心信息及知识要点宣传手册
2026-06-10 19:57:53 [ERROR] 正文附件下载失败: 2.血友病防治健康教育核心信息及知识要点宣传手册, 目标链接: https://www.nhc.gov.cn/fys/c100078/202303/6e0bc367699f43e29c99f33d9a226d29/files/1733998313238_78353.pdf
2026-06-10 19:57:53 [INFO] 正在下载正文附件: 3.地中海贫血防治健康教育核心信息及知识要点宣传手册
2026-06-10 19:58:24 [ERROR] 正文附件下载失败: 3.地中海贫血防治健康教育核心信息及知识要点宣传手册, 目标链接: https://www.nhc.gov.cn/fys/c100078/202303/6e0bc367699f43e29c99f33d9a226d29/files/1733998310250_86293.pdf
2026-06-10 19:58:24 [INFO] 正在下载正文附件: 4.世界唐氏综合征日主题宣传标语口号
2026-06-10 19:58:24 [INFO] 正在下载正文附件: 5.世界血友病日主题宣传标语口号
2026-06-10 19:58:24 [INFO] 正在下载正文附件: 6.世界地贫日主题宣传标语口号
2026-06-10 19:58:29 [INFO] 正在下载正文附件: 1732845671727_70195.doc
2026-06-10 19:58:34 [INFO] 正在下载正文附件: 1732845671333_86512.doc
2026-06-10 19:59:04 [ERROR] 正文附件下载失败: 1732845671333_86512.doc, 目标链接: https://www.nhc.gov.cn/fys/c100078/202303/16ff7447257a4d21b096a67299e85672/files/1732845671333_86512.doc
2026-06-10 19:59:04 [INFO] 正在下载正文附件: 1732845670872_72917.doc
2026-06-10 19:59:34 [ERROR] 正文附件下载失败: 1732845670872_72917.doc, 目标链接: https://www.nhc.gov.cn/fys/c100078/202303/16ff7447257a4d21b096a67299e85672/files/1732845670872_72917.doc
2026-06-10 19:59:34 [INFO] 正在下载正文附件: 附件：出生医学证明（第七版）样证式样.unknown
2026-06-10 20:00:05 [ERROR] 正文附件下载失败: 附件：出生医学证明（第七版）样证式样.unknown, 目标链接: https://www.nhc.gov.cn/fys/c100078/202303/16ff7447257a4d21b096a67299e85672/files/1732845670466_27304.doc
2026-06-10 20:00:10 [INFO] 正在下载正文附件: 1732845671727_70195.doc
2026-06-10 20:00:13 [INFO] 正在下载正文附件: 1732845671333_86512.doc
2026-06-10 20:00:44 [ERROR] 正文附件下载失败: 1732845671333_86512.doc, 目标链接: https://www.nhc.gov.cn/wjw/c100175/202303/8f4d983e206d4969bff3fbfff5146358/files/1732845671333_86512.doc
2026-06-10 20:00:44 [INFO] 正在下载正文附件: 1732845670872_72917.doc
2026-06-10 20:01:14 [ERROR] 正文附件下载失败: 1732845670872_72917.doc, 目标链接: https://www.nhc.gov.cn/wjw/c100175/202303/8f4d983e206d4969bff3fbfff5146358/files/1732845670872_72917.doc
2026-06-10 20:01:14 [INFO] 正在下载正文附件: 附件：出生医学证明（第七版）样证式样.unknown
2026-06-10 20:01:44 [ERROR] 正文附件下载失败: 附件：出生医学证明（第七版）样证式样.unknown, 目标链接: https://www.nhc.gov.cn/wjw/c100175/202303/8f4d983e206d4969bff3fbfff5146358/files/1732845670466_27304.doc
2026-06-10 20:02:00 [INFO] 正在下载正文附件: 第35个爱国卫生月海报.unknown
2026-06-10 20:02:30 [ERROR] 正文附件下载失败: 第35个爱国卫生月海报.unknown, 目标链接: https://www.nhc.gov.cn/guihuaxxs/c100133/202303/426825c28bef48d98e478f136c18e4ab/files/1743474588700_97798.zip
2026-06-10 20:02:35 [INFO] 正在下载正文附件: 第35个爱国卫生月海报.unknown
2026-06-10 20:03:05 [ERROR] 正文附件下载失败: 第35个爱国卫生月海报.unknown, 目标链接: https://www.nhc.gov.cn/wjw/c100175/202303/604dad47a08b4ead817d4d3150ac5793/files/1733226704225_28495.zip
2026-06-10 20:03:26 [INFO] 正在下载正文附件: 中山大学附属第一医院东院区改扩建工程招标投标事项核准意见.unknown
2026-06-10 20:03:32 [INFO] 正在下载正文附件: 中山大学附属第一医院东院区改扩建工程招标投标事项核准意见.unknown
2026-06-10 20:03:39 [INFO] 正在下载正文附件: 2023年度食品安全国家标准立项计划（征求意见稿）.unknown
2026-06-10 20:03:59 [INFO] 正在下载正文附件: 假肠膜明串珠菌等28种“三新食品”的公告文本.unknown
2026-06-10 20:04:12 [INFO] 正在下载正文附件: 假肠膜明串珠菌等28种“三新食品”的公告文本.unknown
2026-06-10 20:04:30 [INFO] 正在下载正文附件: 2023年国家医疗质量安全改进目标.unknown
2026-06-10 20:04:37 [INFO] 正在下载正文附件: 2023年各专业质控工作改进目标.unknown
2026-06-10 20:04:57 [INFO] 正在下载正文附件: 国家三级公立医院绩效考核操作手册（2023版）.unknown
2026-06-10 20:05:27 [ERROR] 正文附件下载失败: 国家三级公立医院绩效考核操作手册（2023版）.unknown, 目标链接: https://www.nhc.gov.cn/yzygj/c100068/202302/b5c59120f3924607ac2aa6767944ab95/files/1732873638226_29599.pdf
2026-06-10 20:05:39 [INFO] 正在下载正文附件: 首批规划设置的质控中心清单.unknown
2026-06-10 20:05:42 [INFO] 正在下载正文附件: 医疗质量控制中心申请表.unknown
2026-06-10 20:05:54 [INFO] 正在下载正文附件: 公立医院改革与高质量发展示范项目实施方案编制提纲.unknown
2026-06-10 20:06:05 [INFO] 正在下载正文附件: 1.
2026-06-10 20:06:05 [INFO] 正在下载正文附件: 2023年全国示范性老年友好型社区申报名额分配表.unknown
2026-06-10 20:06:05 [INFO] 正在下载正文附件: 2.
2026-06-10 20:06:06 [INFO] 正在下载正文附件: 全国示范性老年友好型社区申请表.unknown
2026-06-10 20:06:06 [INFO] 正在下载正文附件: 3.
2026-06-10 20:06:06 [INFO] 正在下载正文附件: 2023年全国示范性老年友好型社区推荐汇总表.unknown
2026-06-10 20:06:16 [INFO] 正在下载正文附件: 附件1：中西医协同“旗舰”医院试点单位建议名单.unknown
2026-06-10 20:06:16 [INFO] 正在下载正文附件: 附件2：中西医协同“旗舰”医院试点项目建设单位建议名单.unknown
2026-06-10 20:06:22 [INFO] 正在下载正文附件: 儿童肺炎支原体肺炎诊疗指南（2023年版）.unknown
2026-06-10 20:06:28 [INFO] 正在下载正文附件: 2022年卫生援外工作表现突出集体名单.unknown
2026-06-10 20:06:32 [INFO] 正在下载正文附件: 征求意见的食品安全国家标准目录.unknown
2026-06-10 20:06:38 [INFO] 正在下载正文附件: 心血管内科常见病种入出院参考标准和转诊指导原则（试行）.unknown
2026-06-10 20:06:50 [INFO] 正在下载正文附件: 紧密型城市医疗集团建设评判标准.unknown
2026-06-10 20:06:51 [INFO] 正在下载正文附件: 试点城市推荐表.unknown
2026-06-10 20:07:00 [INFO] 正在下载正文附件: 1.2022年全国敬老养老助老公益广告作品征集暨展播活动广播类扶持作品名单
2026-06-10 20:07:00 [INFO] 正在下载正文附件: 2.2022年全国敬老养老助老公益广告作品征集暨展播活动电视类扶持作品名单
2026-06-10 20:07:12 [INFO] 正在下载正文附件: 国家血液病医学中心设置标准.unknown
2026-06-10 20:07:13 [INFO] 正在下载正文附件: 国家血液病区域医疗中心设置标准.unknown
2026-06-10 20:07:19 [INFO] 正在下载正文附件: 成人高脂血症食养指南（2023年版）.unknown
2026-06-10 20:07:25 [INFO] 正在下载正文附件: 成人高脂血症食养指南（2023年版）问答.unknown
2026-06-10 20:07:27 [INFO] 正在下载正文附件: 成人高血压食养指南（2023年版）.unknown
2026-06-10 20:07:35 [INFO] 正在下载正文附件: 成人高血压食养指南（2023年版）问答.unknown
2026-06-10 20:07:37 [INFO] 正在下载正文附件: 儿童青少年生长迟缓食养指南（2023年版）.unknown
2026-06-10 20:07:42 [INFO] 正在下载正文附件: 儿童青少年生长迟缓食养指南（2023年版）问答.unknown
2026-06-10 20:07:44 [INFO] 正在下载正文附件: 成人糖尿病食养指南（2023年版）.unknown
2026-06-10 20:07:50 [INFO] 正在下载正文附件: 成人糖尿病食养指南（2023年版）问答.unknown
2026-06-10 20:08:25 [INFO] 正在下载正文附件: WST+404.10—2022 临床常用生化检验项目参考区间第10部分：血清三碘甲状腺原氨酸、甲状腺素、游离三碘甲状腺原氨酸、游离甲状腺素、促甲状腺激素
2026-06-10 20:08:33 [INFO] 正在下载正文附件: 附件1.全国老龄系统先进集体名单
2026-06-10 20:08:33 [INFO] 正在下载正文附件: 附件2.全国老龄系统先进工作者名单
2026-06-10 20:08:56 [INFO] 正在下载正文附件: 北京市卫生健康委员会北京市医疗保障局关于进一步提升重症救治服务能力的通知.unknown
2026-06-10 20:09:09 [INFO] 正在下载正文附件: 北京市卫生健康委员会北京市医疗保障局关于进一步提升重症救治服务能力的通知.unknown
2026-06-10 20:09:39 [INFO] 正在下载正文附件: 附件1：消除艾滋病、梅毒和乙肝母婴传播评估流程及主要指标.unknown
2026-06-10 20:09:40 [INFO] 正在下载正文附件: 附件2：国家级评估申请材料（式样）.unknown
2026-06-10 20:09:45 [INFO] 正在下载正文附件: 新型抗肿瘤药物临床应用指导原则(2022年版).unknown
2026-06-10 20:09:58 [INFO] 正在下载正文附件: 老年髋部骨折诊疗与管理指南（2022年版）.unknown
2026-06-10 20:10:05 [INFO] 正在下载正文附件: 附件1健康中国建设揭榜攻关单位报名表.unknown
2026-06-10 20:10:05 [INFO] 正在下载正文附件: 附件2健康中国建设揭榜攻关单位申报材料.unknown
2026-06-10 20:10:10 [INFO] 正在下载正文附件: 附件1健康中国建设揭榜攻关单位报名表.unknown
2026-06-10 20:10:11 [INFO] 正在下载正文附件: 附件2健康中国建设揭榜攻关单位申报材料.unknown
2026-06-10 20:10:28 [INFO] 正在下载正文附件: 用人单位职业健康培训大纲.unknown
2026-06-10 20:10:43 [INFO] 正在下载正文附件: 1.爱国卫生运动70周年先进集体表彰名单
2026-06-10 20:10:44 [INFO] 正在下载正文附件: 2.爱国卫生运动70周年先进个人表彰名单
2026-06-10 20:10:52 [INFO] 正在下载正文附件: 1.爱国卫生运动70周年先进集体表彰名单
2026-06-10 20:10:53 [INFO] 正在下载正文附件: 2.爱国卫生运动70周年先进个人表彰名单
2026-06-10 20:11:00 [INFO] 正在下载正文附件: 国家罕见病医学中心设置标准.unknown
2026-06-10 20:11:09 [INFO] 正在下载正文附件: 健康知识普及行动——2022年新时代健康科普作品征集大赛优秀及入围作品名单.unknown
2026-06-10 20:11:18 [INFO] 正在下载正文附件: WS_T 808—2022.unknown
2026-06-10 20:11:29 [INFO] 正在下载正文附件: WS_T 809—2022.unknown
2026-06-10 20:11:33 [INFO] 正在下载正文附件: WS_T 810—2022.unknown
2026-06-10 20:11:39 [INFO] 正在下载正文附件: 公立医院高质量发展评价指标（试行）操作手册（2022版）.unknown
2026-06-10 20:12:38 [INFO] 正在下载正文附件: 1733220381006_73432.docx
2026-06-10 20:12:39 [INFO] 正在下载正文附件: 2022年健康促进医院优秀案例名单.unknown
2026-06-10 20:13:01 [INFO] 正在下载正文附件: 三级医院评审标准(2022年版).unknown
2026-06-10 20:13:03 [INFO] 正在下载正文附件: 三级医院评审标准（2022年版）实施细则.unknown
2026-06-10 20:13:46 [INFO] 正在下载正文附件: 居民抗原自测须知.unknown
2026-06-10 20:13:53 [INFO] 正在下载正文附件: 新冠肺炎相关健康风险评估标准.unknown
2026-06-10 20:13:57 [INFO] 正在下载正文附件: 北京协和医院近期疫情防控工作做法参考.unknown
2026-06-10 20:14:07 [INFO] 正在下载正文附件: 健康知识普及行动—2022年新时代健康科普作品征集大赛优秀及入围作品公示名单.unknown
2026-06-10 20:14:15 [INFO] 正在下载正文附件: 1.在线报名流程
2026-06-10 20:14:16 [INFO] 正在下载正文附件: 2.作品报名表
2026-06-10 20:14:16 [INFO] 正在下载正文附件: 3.在线审核流程
2026-06-10 20:14:17 [INFO] 正在下载正文附件: 4.作品报送汇总表
2026-06-10 20:14:17 [INFO] 正在下载正文附件: 5.征集活动联络员信息登记表
2026-06-10 20:14:21 [INFO] 正在下载正文附件: 附件：妇幼保健机构设置中医临床科室情况.unknown
2026-06-10 20:14:26 [INFO] 正在下载正文附件: 成人高脂血症食养指南（征求意见稿）.unknown
2026-06-10 20:15:04 [INFO] 正在下载正文附件: 成人高血压食养指南（征求意见稿）.unknown
2026-06-10 20:15:29 [INFO] 正在下载正文附件: 儿童青少年生长迟缓食养指南（征求意见稿）.unknown
2026-06-10 20:15:32 [INFO] 正在下载正文附件: 成人糖尿病食养指南（征求意见稿）.unknown
2026-06-10 20:15:59 [INFO] 正在下载正文附件: 意见反馈表.unknown
2026-06-10 20:16:15 [INFO] 正在下载正文附件: 附件：3岁以下婴幼儿健康养育照护指南（试行）.unknown
2026-06-10 20:16:45 [ERROR] 正文附件下载失败: 附件：3岁以下婴幼儿健康养育照护指南（试行）.unknown, 目标链接: https://www.nhc.gov.cn/fys/c100078/202211/f0f764d18bbc4ddea3cf659df6ebf10d/files/1733998268214_51035.doc
2026-06-10 20:16:50 [INFO] 正在下载正文附件: 《工作场所有害因素职业接触限值第1部分：化学有害因素》（GBZ2.1—2019）第1号修改单
2026-06-10 20:16:57 [INFO] 正在下载正文附件: WST812—2022.unknown
2026-06-10 20:17:13 [INFO] 正在下载正文附件: 基层医疗卫生机构发展和服务国家级绩效评价方案（2022）.unknown
2026-06-10 20:17:39 [INFO] 正在下载正文附件: 基层医疗卫生机构发展和服务国家级绩效评价方案（2022）.unknown
2026-06-10 20:18:15 [INFO] 正在下载正文附件: 基层卫生健康综合试验区评价内容及要点（试行）.unknown
2026-06-10 20:18:23 [INFO] 正在下载正文附件: 基层卫生健康综合试验区评价内容及要点（试行）.unknown
2026-06-10 20:18:32 [INFO] 正在下载正文附件: 1.新冠肺炎疫情防控核酸检测实施办法
2026-06-10 20:18:33 [INFO] 正在下载正文附件: 2.新冠肺炎疫情风险区划定及管控方案
2026-06-10 20:18:34 [INFO] 正在下载正文附件: 3.新冠肺炎疫情居家隔离医学观察指南
2026-06-10 20:18:35 [INFO] 正在下载正文附件: 4.新冠肺炎疫情居家健康监测指南
2026-06-10 20:18:41 [INFO] 正在下载正文附件: 1.智慧健康养老产品及服务推广目录（2022年版）分类
2026-06-10 20:18:42 [INFO] 正在下载正文附件: 2.《智慧健康养老产品及服务推广目录（2022年版）》申报书
2026-06-10 20:18:54 [INFO] 正在下载正文附件: 2022年向全国老年人推荐优秀出版物申报表.unknown
2026-06-10 20:19:17 [INFO] 正在下载正文附件: WS_T 804—2022.unknown
2026-06-10 20:19:26 [INFO] 正在下载正文附件: WS_T 805—2022.unknown
2026-06-10 20:19:43 [INFO] 正在下载正文附件: WS_T 806—2022.unknown
2026-06-10 20:19:50 [INFO] 正在下载正文附件: WS_T 807—2022.unknown
2026-06-10 20:20:11 [INFO] 正在下载正文附件: WS_T 370—2022.unknown
2026-06-10 20:20:17 [INFO] 正在下载正文附件: 1733125090680_42136.pdf
2026-06-10 20:20:29 [INFO] 正在下载正文附件: WS_T 811—2022.unknown
2026-06-10 20:20:42 [INFO] 正在下载正文附件: GBZ 117—2022.unknown
2026-06-10 20:20:59 [INFO] 正在下载正文附件: GBZ_T 164—2022.unknown
2026-06-10 20:21:18 [INFO] 正在下载正文附件: GBZ_T 327—2022.unknown
2026-06-10 20:21:34 [INFO] 正在下载正文附件: WS_T 423—2022.unknown
2026-06-10 20:23:30 [INFO] 正在下载正文附件: WS_T 802—2022.unknown
2026-06-10 20:23:35 [INFO] 正在下载正文附件: WS_T 803—2022.unknown
2026-06-10 20:23:51 [INFO] 正在下载正文附件: 附件：国家检验医学中心设置标准.unknown
2026-06-10 20:24:21 [ERROR] 正文附件下载失败: 附件：国家检验医学中心设置标准.unknown, 目标链接: https://www.nhc.gov.cn/yzygj/c100068/202211/e6b8cf308ad5423b93a19afa4604b8e1/files/1732873785340_49434.pdf
2026-06-10 20:24:32 [INFO] 正在下载正文附件: 牙体缺损、牙列缺损与缺失修复诊疗规范（2022年版）.unknown
2026-06-10 20:24:48 [INFO] 正在下载正文附件: 成釉细胞瘤诊疗指南（2022年版）.unknown
2026-06-10 20:24:52 [INFO] 正在下载正文附件: 唇裂诊疗指南（2022年版）.unknown
2026-06-10 20:24:57 [INFO] 正在下载正文附件: 腭裂诊疗指南（2022年版）.unknown
2026-06-10 20:25:02 [INFO] 正在下载正文附件: 口腔颌面部间隙感染诊疗指南（2022年版）.unknown
2026-06-10 20:25:08 [INFO] 正在下载正文附件: 口腔念珠菌病诊疗指南（2022年版）.unknown
2026-06-10 20:25:13 [INFO] 正在下载正文附件: 腮腺浅叶良性肿瘤诊疗指南（2022年版）.unknown
2026-06-10 20:25:19 [INFO] 正在下载正文附件: 上颌骨骨折诊疗指南（2022年版）.unknown
2026-06-10 20:25:24 [INFO] 正在下载正文附件: 下颌骨骨折诊疗指南（2022年版）.unknown
2026-06-10 20:25:27 [INFO] 正在下载正文附件: 牙颌面畸形诊疗指南（2022年版）.unknown
2026-06-10 20:25:33 [INFO] 正在下载正文附件: 牙源性颌骨囊肿诊疗指南（2022年版）.unknown
2026-06-10 20:25:38 [INFO] 正在下载正文附件: 菌斑性龈炎诊疗指南（2022年版）.unknown
2026-06-10 20:25:44 [INFO] 正在下载正文附件: 口腔扁平苔藓诊疗指南（2022年版）.unknown
2026-06-10 20:25:49 [INFO] 正在下载正文附件: 化脓性颌骨骨髓炎诊疗指南（2022年版）.unknown
2026-06-10 20:25:53 [INFO] 正在下载正文附件: 磨牙症诊疗指南（2022年版）.unknown
2026-06-10 20:26:01 [INFO] 正在下载正文附件: 舌癌诊疗指南（2022年版）.unknown
2026-06-10 20:26:10 [INFO] 正在下载正文附件: 舌下腺囊肿诊疗指南（2022年版）.unknown
2026-06-10 20:26:21 [INFO] 正在下载正文附件: 国家重症医学中心设置标准.unknown
2026-06-10 20:26:37 [INFO] 正在下载正文附件: 国家重症区域医疗中心设置标准.unknown
2026-06-10 20:27:29 [INFO] 正在下载正文附件: 2022年全国示范性老年友好型社区名单.unknown
2026-06-10 20:27:39 [INFO] 正在下载正文附件: 1.用人单位职业病危害风险分级方法
2026-06-10 20:27:39 [INFO] 正在下载正文附件: 2.用人单位职业卫生管理自查方法
2026-06-10 20:27:40 [INFO] 正在下载正文附件: 3.用人单位职业病危害综合风险评估方法
2026-06-10 20:27:41 [INFO] 正在下载正文附件: 4.用人单位职业病危害综合风险评估报告
2026-06-10 20:27:42 [INFO] 正在下载正文附件: 5.职业卫生初次轻微违法行为不予处罚情形
2026-06-10 20:27:47 [INFO] 正在下载正文附件: 附件：国管局国家发展改革委财政部关于印发《关于鼓励和支持公共机构采用能源费用托管服务的意见》的通知.unknown
2026-06-10 20:28:18 [ERROR] 正文附件下载失败: 附件：国管局国家发展改革委财政部关于印发《关于鼓励和支持公共机构采用能源费用托管服务的意见》的通知.unknown, 目标链接: https://www.nhc.gov.cn/guihuaxxs/c100133/202210/64426e407ed944129269f1a9987d11fa/files/1733226470216_70623.pdf
2026-06-10 20:28:23 [INFO] 正在下载正文附件: 附件：国管局国家发展改革委财政部关于印发《关于鼓励和支持公共机构采用能源费用托管服务的意见》的通知.unknown
2026-06-10 20:28:53 [ERROR] 正文附件下载失败: 附件：国管局国家发展改革委财政部关于印发《关于鼓励和支持公共机构采用能源费用托管服务的意见》的通知.unknown, 目标链接: https://www.nhc.gov.cn/wjw/c100175/202210/d27fdf3a95304a57ba0b9bed737e8b24/files/1733226470216_70623.pdf
2026-06-10 20:29:10 [INFO] 正在下载正文附件: 附件1部分手术操作分类代码调整目录.unknown
2026-06-10 20:29:16 [INFO] 正在下载正文附件: 附件2绩效考核手术相关条目修订建议申请表（医院）.unknown
2026-06-10 20:29:19 [INFO] 正在下载正文附件: 附件3绩效考核手术相关目录修订建议申请表（省级）.unknown
2026-06-10 20:29:29 [INFO] 正在下载正文附件: 卫生健康统计工作高质量发展揭榜攻关入围名单.unknown
2026-06-10 20:29:59 [ERROR] 正文附件下载失败: 卫生健康统计工作高质量发展揭榜攻关入围名单.unknown, 目标链接: https://www.nhc.gov.cn/guihuaxxs/c100133/202209/124a74b0c4624c3a82e3666ca522c75e/files/1733226304823_20272.pdf
2026-06-10 20:30:03 [INFO] 正在下载正文附件: 卫生健康统计工作高质量发展揭榜攻关入围名单.unknown
2026-06-10 20:30:33 [ERROR] 正文附件下载失败: 卫生健康统计工作高质量发展揭榜攻关入围名单.unknown, 目标链接: https://www.nhc.gov.cn/wjw/c100175/202209/ad9b880eb6484422b526949aafedca81/files/1733226304823_20272.pdf
2026-06-10 20:30:44 [INFO] 正在下载正文附件: 2022年全国高血压日宣传要点.unknown
2026-06-10 20:30:50 [INFO] 正在下载正文附件: 1.健康企业建设优秀案例(模板)
2026-06-10 20:30:51 [INFO] 正在下载正文附件: 2.健康企业建设优秀案例提交表
2026-06-10 20:30:52 [INFO] 正在下载正文附件: 3.知情同意书
2026-06-10 20:30:57 [INFO] 正在下载正文附件: 2021年度全国健康城市建设样板市名单.unknown
2026-06-10 20:30:58 [INFO] 正在下载正文附件: 2021年度各省（区、市）健康城市建设样板市名单.unknown
2026-06-10 20:31:04 [INFO] 正在下载正文附件: 2021年度全国健康城市建设样板市名单.unknown
2026-06-10 20:31:05 [INFO] 正在下载正文附件: 2021年度各省（区、市）健康城市建设样板市名单.unknown
2026-06-10 20:31:25 [INFO] 正在下载正文附件: 1733998272786_22037.doc
2026-06-10 20:31:26 [INFO] 正在下载正文附件: 附件1：儿童心理行为发育问题预警征象筛查表.unknown
2026-06-10 20:31:27 [INFO] 正在下载正文附件: 附件2：0～6岁儿童心理行为发育档案.unknown
2026-06-10 20:31:28 [INFO] 正在下载正文附件: 1733998272985_28220.doc
2026-06-10 20:31:29 [INFO] 正在下载正文附件: 附件3：0～6岁儿童心理行为发育初筛转诊单.unknown
2026-06-10 20:31:30 [INFO] 正在下载正文附件: 1733998273235_20569.doc
2026-06-10 20:31:30 [INFO] 正在下载正文附件: 附件4：0～6岁儿童心理行为发育初筛异常登记表.unknown
2026-06-10 20:31:31 [INFO] 正在下载正文附件: 1733998272110_74488.docx
2026-06-10 20:31:32 [INFO] 正在下载正文附件: 附件5：0～6岁儿童心理行为发育复筛转诊单.unknown
2026-06-10 20:31:32 [INFO] 正在下载正文附件: 1733998272646_77138.doc
2026-06-10 20:31:32 [INFO] 正在下载正文附件: 附件6：0～6岁儿童心理行为发育复筛异常登记表.unknown
2026-06-10 20:31:33 [INFO] 正在下载正文附件: 1733998273305_13234.doc
2026-06-10 20:31:34 [INFO] 正在下载正文附件: 附件7：0～6岁儿童心理行为发育异常诊断结果登记表.unknown
2026-06-10 20:31:34 [INFO] 正在下载正文附件: 1733998274137_41526.doc
2026-06-10 20:31:36 [INFO] 正在下载正文附件: 附件8：0～6岁儿童孤独症筛查诊断干预康复服务内容示意图.unknown
2026-06-10 20:31:51 [INFO] 正在下载正文附件: 2022年“服务百姓健康行动”全国大型义诊活动周实施方案.unknown
2026-06-10 20:32:02 [INFO] 正在下载正文附件: 征求意见的食品安全国家标准目录.unknown
2026-06-10 20:32:06 [INFO] 正在下载正文附件: 关于乳糖酶等7种“三新食品”公告文本.unknown
2026-06-10 20:32:15 [INFO] 正在下载正文附件: 关于乳糖酶等7种“三新食品”公告文本.unknown
2026-06-10 20:32:25 [INFO] 正在下载正文附件: 线上主题宣传活动相关媒体平台信息.unknown
2026-06-10 20:32:26 [INFO] 正在下载正文附件: 宣传标语口号.unknown
2026-06-10 20:32:32 [INFO] 正在下载正文附件: 附件1.国家卫生健康委预算单位国有资产无偿划转和对外捐赠申请表
2026-06-10 20:32:34 [INFO] 正在下载正文附件: 附件2.国家卫生健康委预算单位国有资产转让等申请表
2026-06-10 20:32:35 [INFO] 正在下载正文附件: 附件3.国家卫生健康委预算单位应急情况国有资产处置备案表
2026-06-10 20:32:37 [INFO] 正在下载正文附件: 附件4.填表说明
2026-06-10 20:32:45 [INFO] 正在下载正文附件: 2022年“全国爱牙日”宣传海报.unknown
2026-06-10 20:33:15 [ERROR] 正文附件下载失败: 2022年“全国爱牙日”宣传海报.unknown, 目标链接: https://www.nhc.gov.cn/yzygj/c100068/202208/3dcaafd00ad343c084e248851c9bb273/files/1732862399087_52984.zip
2026-06-10 20:33:15 [INFO] 正在下载正文附件: 青少年口腔健康核心信息.unknown
2026-06-10 20:33:16 [INFO] 正在下载正文附件: 1732862399774_74350.docx
2026-06-10 20:35:26 [INFO] 正在下载正文附件: 2022年度卫生健康标准项目计划.unknown
2026-06-10 20:35:33 [INFO] 正在下载正文附件: 《可用于食品的菌种名单》.unknown
2026-06-10 20:35:41 [INFO] 正在下载正文附件: 《可用于婴幼儿食品的菌种名单》.unknown
2026-06-10 20:36:08 [INFO] 正在下载正文附件: 《可用于食品的菌种名单》.unknown
2026-06-10 20:36:16 [INFO] 正在下载正文附件: 《可用于婴幼儿食品的菌种名单》.unknown
2026-06-10 20:36:45 [INFO] 正在下载正文附件: 1.职业健康保护行动组织实施优秀案例（模板）
2026-06-10 20:36:46 [INFO] 正在下载正文附件: 2.“职业健康达人”优秀案例（模板）
2026-06-10 20:36:47 [INFO] 正在下载正文附件: 3.“职业健康达人”优秀案例知情同意书（模板）
2026-06-10 20:36:51 [INFO] 正在下载正文附件: 食品安全标准与监测评估“十四五”规划.unknown
2026-06-10 20:37:11 [INFO] 正在下载正文附件: WST800—2022.unknown
2026-06-10 20:37:16 [INFO] 正在下载正文附件: WST801—2022.unknown
2026-06-10 20:37:33 [INFO] 正在下载正文附件: 附件：“十四五”卫生健康人才发展规划.unknown
2026-06-10 20:38:03 [INFO] 正在下载正文附件: 2022年度食品安全国家标准立项计划.unknown
2026-06-10 20:38:09 [INFO] 正在下载正文附件: 附件1-全国老龄系统先进集体和先进工作者评选表彰工作领导小组及办公室人员名单.unknown
2026-06-10 20:38:09 [INFO] 正在下载正文附件: 附件2-全国老龄系统先进集体初审推荐登记表.unknown
2026-06-10 20:38:10 [INFO] 正在下载正文附件: 附件3-全国老龄系统先进工作者初审推荐登记表.unknown
2026-06-10 20:38:10 [INFO] 正在下载正文附件: 附件4-全国老龄系统先进集体和先进工作者初审推荐对象汇总表.unknown
2026-06-10 20:38:11 [INFO] 正在下载正文附件: 附件5-全国老龄系统先进集体推荐审批表.unknown
2026-06-10 20:38:12 [INFO] 正在下载正文附件: 附件6-全国老龄系统先进工作者推荐审批表.unknown
2026-06-10 20:38:13 [INFO] 正在下载正文附件: 附件7-全国老龄系统先进集体、先进工作者征求意见表.unknown
2026-06-10 20:38:14 [INFO] 正在下载正文附件: 附件8-全国老龄系统先进集体和先进工作者推荐对象汇总表.unknown
2026-06-10 20:39:13 [INFO] 正在下载正文附件: 1.公立医院高质量发展评价指标（试行）
2026-06-10 20:39:16 [INFO] 正在下载正文附件: 2.公立中医医院高质量发展评价指标（试行）
2026-06-10 20:39:39 [INFO] 正在下载正文附件: 2022年6月全国法定传染病报告发病、死亡统计表.unknown
2026-06-10 20:39:56 [INFO] 正在下载正文附件: 各省（区、市）推荐数量分配表.unknown
2026-06-10 20:40:01 [INFO] 正在下载正文附件: 各省（区、市）推荐数量分配表.unknown
2026-06-10 20:40:05 [INFO] 正在下载正文附件: 全国消除疟疾工作先进集体名单.unknown
2026-06-10 20:40:15 [INFO] 正在下载正文附件: 全国消除疟疾工作先进个人名单.unknown
2026-06-10 20:41:05 [INFO] 正在下载正文附件: 1：2022年全国敬老养老助老公益广告作品创作要求.unknown
2026-06-10 20:41:06 [INFO] 正在下载正文附件: 2：2022年全国敬老养老助老公益广告征集活动报名表.unknown
2026-06-10 20:41:12 [INFO] 正在下载正文附件: 乡镇卫生院服务能力标准（2022版）.unknown
2026-06-10 20:41:25 [INFO] 正在下载正文附件: 社区卫生服务中心服务能力标准（2022版）.unknown
2026-06-10 20:41:38 [INFO] 正在下载正文附件: 村卫生室服务能力标准（2022版）.unknown
2026-06-10 20:41:51 [INFO] 正在下载正文附件: 乡镇卫生院服务能力标准（2022版）.unknown
2026-06-10 20:42:00 [INFO] 正在下载正文附件: 社区卫生服务中心服务能力标准（2022版）.unknown
2026-06-10 20:42:15 [INFO] 正在下载正文附件: 村卫生室服务能力标准（2022版）.unknown
2026-06-10 20:42:33 [INFO] 正在下载正文附件: 单采血浆站技术操作规程（2022年版）.unknown
2026-06-10 20:42:51 [INFO] 正在下载正文附件: 附件汇总.unknown
2026-06-10 20:42:57 [INFO] 正在下载正文附件: 附件汇总.unknown
2026-06-10 20:43:03 [INFO] 正在下载正文附件: 1.国家内分泌代谢病医学中心设置标准
2026-06-10 20:43:33 [ERROR] 正文附件下载失败: 1.国家内分泌代谢病医学中心设置标准, 目标链接: https://www.nhc.gov.cn/yzygj/c100068/202207/5aae5c7d10144768b76afac5cfa4a9e3/files/1732873740229_98731.pdf
2026-06-10 20:43:33 [INFO] 正在下载正文附件: 2.国家内分泌代谢病区域医疗中心设置标准
2026-06-10 20:44:03 [ERROR] 正文附件下载失败: 2.国家内分泌代谢病区域医疗中心设置标准, 目标链接: https://www.nhc.gov.cn/yzygj/c100068/202207/5aae5c7d10144768b76afac5cfa4a9e3/files/1732873740046_37814.pdf
2026-06-10 20:44:39 [INFO] 正在下载正文附件: 附件：2022年国家医疗队巡回医疗地区分布表.unknown
2026-06-10 20:45:05 [ERROR] 正文附件下载失败: 附件：2022年国家医疗队巡回医疗地区分布表.unknown, 目标链接: https://www.nhc.gov.cn/yzygj/c100068/202207/3603adf7958c4618810f5267c8ba9588/files/1732873585898_74331.pdf
2026-06-10 20:45:19 [INFO] 正在下载正文附件: 省（区、市）2022年基本公共卫生服务补助资金到位情况统计表.unknown
2026-06-10 20:45:25 [INFO] 正在下载正文附件: 省（区、市）2022年基本公共卫生服务补助资金到位情况统计表.unknown
2026-06-10 20:47:27 [INFO] 正在下载正文附件: 猴痘防控技术指南（2022年版）.unknown
2026-06-10 20:47:57 [ERROR] 正文附件下载失败: 猴痘防控技术指南（2022年版）.unknown, 目标链接: https://www.nhc.gov.cn/yjb/c100058/202207/fdaf10006d0b4034bca46a28b5f0bd20/files/1732874644746_55916.pdf
2026-06-10 20:48:04 [INFO] 正在下载正文附件: 临床急需药品临时进口工作方案.unknown
2026-06-10 20:48:10 [INFO] 正在下载正文附件: 氯巴占临时进口工作方案.unknown
2026-06-10 20:48:19 [INFO] 正在下载正文附件: 新型冠状病毒肺炎防控方案（第九版）.unknown
2026-06-10 20:50:35 [INFO] 正在下载正文附件: 1.健康企业建设优秀案例名单——行政推广篇
2026-06-10 20:50:37 [INFO] 正在下载正文附件: 2.健康企业建设优秀案例名单——企业建设篇
2026-06-10 20:50:45 [INFO] 正在下载正文附件: 1.
2026-06-10 20:50:47 [INFO] 正在下载正文附件: 2022年公共卫生国家随机监督抽查计划.unknown
2026-06-10 20:50:51 [INFO] 正在下载正文附件: 2.
2026-06-10 20:50:58 [INFO] 正在下载正文附件: 2022年职业卫生国家随机监督抽查计划.unknown
2026-06-10 20:51:14 [INFO] 正在下载正文附件: 3.
2026-06-10 20:51:21 [INFO] 正在下载正文附件: 2022年传染病防治和消毒产品国家随机监督抽查计划.unknown
2026-06-10 20:51:30 [INFO] 正在下载正文附件: 4.
2026-06-10 20:51:35 [INFO] 正在下载正文附件: 2022年医疗卫生国家随机监督抽查计划.unknown
2026-06-10 20:51:46 [INFO] 正在下载正文附件: 全国消除疟疾工作先进集体和先进个人拟表彰对象名单.unknown
2026-06-10 20:52:33 [INFO] 正在下载正文附件: 医疗机构门诊质量管理暂行规定.unknown
2026-06-10 20:52:50 [INFO] 正在下载正文附件: 健康科普作品线上报名流程.unknown
2026-06-10 20:52:52 [INFO] 正在下载正文附件: 健康科普作品线上审核流程.unknown
2026-06-10 20:52:58 [INFO] 正在下载正文附件: 健康科普作品（非网络账号类）报名表.unknown
2026-06-10 20:52:59 [INFO] 正在下载正文附件: 健康科普作品（网络账号类）报名表.unknown
2026-06-10 20:53:05 [INFO] 正在下载正文附件: 2022年度食品安全国家标准立项计划（征求意见稿）.unknown
2026-06-10 20:53:43 [INFO] 正在下载正文附件: 省（市、区）“关爱生命 救在身边”活动情况工作总结（模板）.unknown
2026-06-10 20:53:49 [INFO] 正在下载正文附件: 超声诊断专业医疗质量控制指标（2022年版）.unknown
2026-06-10 20:53:58 [INFO] 正在下载正文附件: 康复医学专业医疗质量控制指标（2022年版）.unknown
2026-06-10 20:54:03 [INFO] 正在下载正文附件: 临床营养专业医疗质量控制指标（2022年版）.unknown
2026-06-10 20:54:09 [INFO] 正在下载正文附件: 麻醉专业医疗质量控制指标（2022年版）.unknown
2026-06-10 20:54:34 [INFO] 正在下载正文附件: 消化内镜诊疗技术医疗质量控制指标（2022年版）.unknown
2026-06-10 20:54:44 [INFO] 正在下载正文附件: 国家二级公立医院绩效考核操作手册（2022版）.unknown
2026-06-10 20:57:44 [INFO] 正在下载正文附件: 2022年全国“爱眼日”主题海报（可用于印制）.unknown
2026-06-10 20:58:14 [ERROR] 正文附件下载失败: 2022年全国“爱眼日”主题海报（可用于印制）.unknown, 目标链接: https://www.nhc.gov.cn/yzygj/c100068/202205/24fcf7baf97448db83600a54d0c536c0/files/1733998756040_24113.zip
2026-06-10 20:58:14 [INFO] 正在下载正文附件: 2022年全国“爱眼日”宣传口号海报（可用于印制）.unknown
2026-06-10 20:58:44 [ERROR] 正文附件下载失败: 2022年全国“爱眼日”宣传口号海报（可用于印制）.unknown, 目标链接: https://www.nhc.gov.cn/yzygj/c100068/202205/24fcf7baf97448db83600a54d0c536c0/files/1733998751440_54645.zip
2026-06-10 20:58:44 [INFO] 正在下载正文附件: 2022年全国“爱眼日”宣传视频.unknown
2026-06-10 20:59:14 [ERROR] 正文附件下载失败: 2022年全国“爱眼日”宣传视频.unknown, 目标链接: https://www.nhc.gov.cn/yzygj/c100068/202205/24fcf7baf97448db83600a54d0c536c0/files/1733998753950_55278.zip
2026-06-10 20:59:29 [INFO] 正在下载正文附件: 国家癌症中心科研及动物实验中心建设项目招标投标事项核准意见.unknown
2026-06-10 20:59:35 [INFO] 正在下载正文附件: 2022年世界无烟日主题海报.unknown
2026-06-10 21:00:05 [ERROR] 正文附件下载失败: 2022年世界无烟日主题海报.unknown, 目标链接: https://www.nhc.gov.cn/guihuaxxs/c100133/202205/814e070219bc472d81ca209cafabf944/files/1745214666774_71510.zip
2026-06-10 21:00:13 [INFO] 正在下载正文附件: 莱茵衣藻等36种“三新食品”的公告文本.unknown
2026-06-10 21:00:29 [INFO] 正在下载正文附件: 2022年全国防治碘缺乏病日活动海报.unknown
2026-06-10 21:00:49 [INFO] 正在下载正文附件: 2022年防治碘缺乏病日宣传核心信息.unknown
2026-06-10 21:01:17 [INFO] 正在下载正文附件: 附件1-调整放射卫生技术服务机构资质管理部分规定的具体内容.unknown
2026-06-10 21:01:23 [INFO] 正在下载正文附件: 附件2-承诺书（样式）.unknown
2026-06-10 21:01:45 [INFO] 正在下载正文附件: 公立医院运营管理信息化功能指引.unknown
2026-06-10 21:02:15 [ERROR] 正文附件下载失败: 公立医院运营管理信息化功能指引.unknown, 目标链接: https://www.nhc.gov.cn/caiwusi/c100043/202204/c969fec125fd413089f58e3ac07da050/files/1743471117071_69326.doc
2026-06-10 21:02:15 [INFO] 正在下载正文附件: 《公立医院运营管理信息系统功能指引》起草说明.unknown
2026-06-10 21:02:32 [INFO] 正在下载正文附件: 附件1：第二批健康中国行动推进地区典型经验案例名单.unknown
2026-06-10 21:02:38 [INFO] 正在下载正文附件: 附件2：第二批健康中国行动推进地区典型经验案例正文.unknown
2026-06-10 21:03:55 [INFO] 正在下载正文附件: 国家限制类技术目录（2022年版）.unknown
2026-06-10 21:04:04 [INFO] 正在下载正文附件: 1733999790525_87930.pdf
2026-06-10 21:04:14 [INFO] 正在下载正文附件: 国家限制类技术临床应用管理规范（2022年版）.unknown
2026-06-10 21:04:46 [INFO] 正在下载正文附件: “千县工程”县医院综合能力提升工作县医院名单.unknown
2026-06-10 21:05:02 [INFO] 正在下载正文附件: 2022年《职业病防治法》宣传周活动情况统计表.unknown
2026-06-10 21:05:03 [INFO] 正在下载正文附件: 2022年《职业病防治法》宣传周推荐宣传用语.unknown
2026-06-10 21:05:03 [INFO] 正在下载正文附件: 2022年《职业病防治法》宣传周海报.unknown
2026-06-10 21:05:33 [ERROR] 正文附件下载失败: 2022年《职业病防治法》宣传周海报.unknown, 目标链接: https://www.nhc.gov.cn/zyjks/c100153/202204/b5de3069ad72406fa59eea6eb6251c82/files/1734000786405_97916.zip
2026-06-10 21:05:39 [INFO] 正在下载正文附件: WS_T 793—2022.unknown
2026-06-10 21:05:54 [INFO] 正在下载正文附件: 原发性肺癌诊疗指南（2022年版）.unknown
2026-06-10 21:06:06 [INFO] 正在下载正文附件: 膀胱癌诊疗指南（2022年版）.unknown
2026-06-10 21:06:24 [INFO] 正在下载正文附件: 胃癌诊疗指南（2022年版）.unknown
2026-06-10 21:06:49 [INFO] 正在下载正文附件: 食管癌诊疗指南（2022年版）.unknown
2026-06-10 21:07:19 [ERROR] 正文附件下载失败: 食管癌诊疗指南（2022年版）.unknown, 目标链接: https://www.nhc.gov.cn/yzygj/c100068/202204/0c1f7d3aca0545abbeb02030ce255930/files/1732863055411_46079.pdf
2026-06-10 21:07:19 [INFO] 正在下载正文附件: 胰腺癌诊治指南（2022年版）.unknown
2026-06-10 21:07:36 [INFO] 正在下载正文附件: 肾癌诊疗指南（2022年版）.unknown
2026-06-10 21:07:50 [INFO] 正在下载正文附件: 乳腺癌诊疗指南（2022年版）.unknown
2026-06-10 21:08:11 [INFO] 正在下载正文附件: 子宫内膜癌诊疗指南（2022年版）.unknown
2026-06-10 21:08:18 [INFO] 正在下载正文附件: 宫颈癌诊疗指南（2022年版）.unknown
2026-06-10 21:08:29 [INFO] 正在下载正文附件: 卵巢癌诊疗指南（2022年版）.unknown
2026-06-10 21:08:39 [INFO] 正在下载正文附件: 前列腺癌诊疗指南（2022年版）.unknown
2026-06-10 21:09:09 [ERROR] 正文附件下载失败: 前列腺癌诊疗指南（2022年版）.unknown, 目标链接: https://www.nhc.gov.cn/yzygj/c100068/202204/0c1f7d3aca0545abbeb02030ce255930/files/1732863055004_37946.pdf
2026-06-10 21:09:09 [INFO] 正在下载正文附件: 甲状腺癌诊疗指南（2022版）.unknown
2026-06-10 21:09:31 [INFO] 正在下载正文附件: 脑胶质瘤诊疗指南（2022年版）.unknown
2026-06-10 21:09:46 [INFO] 正在下载正文附件: 淋巴瘤诊疗指南（2022年版）.unknown
2026-06-10 21:09:58 [INFO] 正在下载正文附件: 黑色素瘤诊疗指南（2022年版）.unknown
2026-06-10 21:10:09 [INFO] 正在下载正文附件: 弥漫性大B细胞淋巴瘤诊疗指南（2022年版）.unknown
2026-06-10 21:10:15 [INFO] 正在下载正文附件: 骨髓增生异常综合征伴原始细胞增多（MDS-EB）诊疗指南（2022年版）.unknown
2026-06-10 21:10:28 [INFO] 正在下载正文附件: 慢性髓性白血病诊疗指南（2022年版）.unknown
2026-06-10 21:10:36 [INFO] 正在下载正文附件: 血友病A诊疗指南（2022年版）.unknown
2026-06-10 21:10:45 [INFO] 正在下载正文附件: 慢性淋巴细胞白血病-小淋巴细胞淋巴瘤诊疗指南（2022年版）.unknown
2026-06-10 21:10:50 [INFO] 正在下载正文附件: 自身免疫性溶血性贫血诊疗指南（2022年版）.unknown
2026-06-10 21:11:01 [INFO] 正在下载正文附件: 1.高等学校新冠肺炎疫情防控技术方案（第五版）
2026-06-10 21:11:02 [INFO] 正在下载正文附件: 2.中小学校新冠肺炎疫情防控技术方案（第五版）
2026-06-10 21:11:04 [INFO] 正在下载正文附件: 3.托幼机构新冠肺炎疫情防控技术方案（第五版）
2026-06-10 21:11:10 [INFO] 正在下载正文附件: 国家卫生健康委关于贯彻2021-2030年中国妇女儿童发展纲要的实施方案.unknown
2026-06-10 21:11:19 [INFO] 正在下载正文附件: WST799—2022.unknown
2026-06-10 21:11:52 [INFO] 正在下载正文附件: 2022年度全国民营医院专项巡查行动.unknown
2026-06-10 21:12:22 [ERROR] 正文附件下载失败: 2022年度全国民营医院专项巡查行动.unknown, 目标链接: https://www.nhc.gov.cn/yzygj/c100068/202204/1ab39c041fd346edbba640b228c73e25/files/1733999788525_90081.pdf
2026-06-10 21:12:30 [INFO] 正在下载正文附件: 附件：征求意见的食品安全国家目录.unknown
2026-06-10 21:12:42 [INFO] 正在下载正文附件: 1.第二届职业健康传播作品征集活动图文类优秀作品名单
2026-06-10 21:13:04 [INFO] 正在下载正文附件: 2.第二届职业健康传播作品征集活动视频类优秀作品名单
2026-06-10 21:13:12 [INFO] 正在下载正文附件: 3.第二届职业健康传播作品征集活动网络账号类优秀作品名单
2026-06-10 21:13:13 [INFO] 正在下载正文附件: 4.第二届职业健康传播作品征集活动最佳组织单位、优秀组织单位和组织贡献单位名单
2026-06-10 21:13:14 [INFO] 正在下载正文附件: 5.第二届职业健康传播作品征集活动优秀个人名单
2026-06-10 21:13:25 [INFO] 正在下载正文附件: GBZ 4—2022.unknown
2026-06-10 21:13:35 [INFO] 正在下载正文附件: GBZ 68—2022.unknown
2026-06-10 21:13:42 [INFO] 正在下载正文附件: GBZT 325—2022.unknown
2026-06-10 21:13:48 [INFO] 正在下载正文附件: GBZT 326—2022.unknown
2026-06-10 21:15:42 [INFO] 正在下载正文附件: 2022年全国肿瘤防治宣传周宣传海报横版.unknown
2026-06-10 21:15:58 [INFO] 正在下载正文附件: 2022年全国肿瘤防治宣传周宣传海报竖版.unknown
2026-06-10 21:16:28 [ERROR] 正文附件下载失败: 2022年全国肿瘤防治宣传周宣传海报竖版.unknown, 目标链接: https://www.nhc.gov.cn/jkj/c100063/202203/d6f80cefe6934713a3b81f2824e40b3d/files/1733138064821_81084.zip
2026-06-10 21:16:49 [INFO] 正在下载正文附件: 冠状动脉球囊成形术与支架植入术操作规范（2022年版）.unknown
2026-06-10 21:16:59 [INFO] 正在下载正文附件: 髋膝关节置换术操作规范（2022年版）.unknown
2026-06-10 21:17:22 [INFO] 正在下载正文附件: 1.第34个爱国卫生月海报
2026-06-10 21:17:52 [ERROR] 正文附件下载失败: 1.第34个爱国卫生月海报, 目标链接: https://www.nhc.gov.cn/guihuaxxs/c100133/202203/1eff37f47d534adca9744f4cdb037637/files/1743474565508_24334.rar
2026-06-10 21:17:52 [INFO] 正在下载正文附件: 2.爱国卫生运动70周年海报
2026-06-10 21:18:22 [ERROR] 正文附件下载失败: 2.爱国卫生运动70周年海报, 目标链接: https://www.nhc.gov.cn/guihuaxxs/c100133/202203/1eff37f47d534adca9744f4cdb037637/files/1743474565752_61667.rar
2026-06-10 21:19:09 [INFO] 正在下载正文附件: 新型冠状病毒肺炎诊疗方案（试行第九版）.unknown
2026-06-10 21:19:39 [ERROR] 正文附件下载失败: 新型冠状病毒肺炎诊疗方案（试行第九版）.unknown, 目标链接: https://www.nhc.gov.cn/ylyjs/zcwj/202203/5da26db6ea3f4a60a3621e6901dbf3eb/files/1733999761984_10514.pdf
2026-06-10 21:19:47 [INFO] 正在下载正文附件: 全国无偿献血表彰奖励办法（2022年版）.unknown
2026-06-10 21:20:17 [ERROR] 正文附件下载失败: 全国无偿献血表彰奖励办法（2022年版）.unknown, 目标链接: https://www.nhc.gov.cn/yzygj/c100068/202203/70b1323952aa42f9bdbd5237af3a1595/files/1733999760432_49320.pdf
2026-06-10 21:20:32 [INFO] 正在下载正文附件: 附件1基层医疗卫生机构新冠病毒抗原检测基本要求及流程.unknown
2026-06-10 21:20:40 [INFO] 正在下载正文附件: 附件2新冠病毒抗原自测基本要求及流程.unknown
2026-06-10 21:21:09 [INFO] 正在下载正文附件: 健康中国行动知行大赛医疗卫生机构专场线下竞赛总体方案.unknown
2026-06-10 21:21:10 [INFO] 正在下载正文附件: 健康中国行动知行大赛医疗卫生机构专场省级战队报名表.unknown
2026-06-10 21:21:49 [INFO] 正在下载正文附件: 附件：公立医院改革与高质量发展示范项目实施方案编制提纲.unknown
2026-06-10 21:22:01 [INFO] 正在下载正文附件: 2022年国家医疗质量安全改进目标.unknown
2026-06-10 21:22:06 [INFO] 正在下载正文附件: 2022年各专业质控工作改进目标.unknown
2026-06-10 21:22:19 [INFO] 正在下载正文附件: 关山樱花等32种“三新食品”公告文本.unknown
2026-06-10 21:22:48 [INFO] 正在下载正文附件: 关于进一步规范放射卫生技术服务机构资质管理工作的通知（征求意见稿）.unknown
2026-06-10 21:23:06 [INFO] 正在下载正文附件: 单采血浆站实验室质量管理规范（2022年版）.unknown
2026-06-10 21:23:36 [ERROR] 正文附件下载失败: 单采血浆站实验室质量管理规范（2022年版）.unknown, 目标链接: https://www.nhc.gov.cn/yzygj/c100068/202202/55cfc7a8bd7d4643b7993e2235d568b5/files/1733999756839_71756.pdf
2026-06-10 21:23:53 [INFO] 正在下载正文附件: 单采血浆站质量管理规范（2022年版）.unknown
2026-06-10 21:24:14 [ERROR] 正文附件下载失败: 单采血浆站质量管理规范（2022年版）.unknown, 目标链接: https://www.nhc.gov.cn/yzygj/c100068/202202/40308f06c9824b95a3e3fe95c0d919ed/files/1733999753086_18634.pdf
2026-06-10 21:24:19 [INFO] 正在下载正文附件: 日间手术推荐目录（2022年版）.unknown
2026-06-10 21:24:27 [INFO] 正在下载正文附件: 2021年度国家级健康促进县（区）技术评估情况.unknown
2026-06-10 21:24:54 [INFO] 正在下载正文附件: 1733196498028_54050.pdf
2026-06-10 21:25:02 [INFO] 正在下载正文附件: 2021年度国家级健康促进县（区）典型经验.unknown
2026-06-10 21:25:19 [ERROR] 正文附件下载失败: 2021年度国家级健康促进县（区）典型经验.unknown, 目标链接: https://www.nhc.gov.cn/xcs/c100123/202202/4a04310db4ef40c88de126b7cbd3df09/files/1733196498054_16143.pdf
2026-06-10 21:25:19 [INFO] 正在下载正文附件: 1733196497961_28381.pdf
2026-06-10 21:25:40 [INFO] 正在下载正文附件: WS_T797—2022.unknown
2026-06-10 21:26:10 [ERROR] 正文附件下载失败: WS_T797—2022.unknown, 目标链接: https://www.nhc.gov.cn/fzs/c100048/202202/9168e8f84e834f54a13e6d09ac14e8bd/files/1733125537422_73361.pdf
2026-06-10 21:26:10 [INFO] 正在下载正文附件: WS_T798—2022.unknown
2026-06-10 21:26:40 [INFO] 正在下载正文附件: 1.
2026-06-10 21:26:40 [INFO] 正在下载正文附件: 2022年全国示范性老年友好型社区申报名额分配表.unknown
2026-06-10 21:26:41 [INFO] 正在下载正文附件: 2.
2026-06-10 21:26:41 [INFO] 正在下载正文附件: 全国示范性老年友好型社区申请表.unknown
2026-06-10 21:26:42 [INFO] 正在下载正文附件: 3.
2026-06-10 21:26:42 [INFO] 正在下载正文附件: 2022年全国示范性老年友好型社区推荐汇总表.unknown
2026-06-10 21:26:58 [INFO] 正在下载正文附件: “数说健康”征文比赛优秀论文名单.unknown
2026-06-10 21:27:06 [INFO] 正在下载正文附件: “数说健康”征文比赛优秀组织单位名单.unknown
2026-06-10 21:27:24 [INFO] 正在下载正文附件: 1646358598008_29583.pdf
2026-06-10 21:27:24 [INFO] 正在下载正文附件: 2021年“优质服务基层行活动中表现突出、服务优质机构名单.unknown
2026-06-10 21:27:36 [INFO] 正在下载正文附件: 1732857362907_54424.pdf
2026-06-10 21:27:39 [INFO] 正在下载正文附件: 2021年“优质服务基层行活动中表现突出、服务优质机构名单.unknown
2026-06-10 21:27:52 [INFO] 正在下载正文附件: 县域慢性肾脏病分级诊疗技术方案.unknown
2026-06-10 21:27:52 [INFO] 正在下载正文附件: 县域高血压分级诊疗技术方案.unknown
2026-06-10 21:27:52 [INFO] 正在下载正文附件: 县域血脂异常分级诊疗技术方案.unknown
2026-06-10 21:27:53 [INFO] 正在下载正文附件: 县域冠状动脉粥样硬化性心脏病分级诊疗技术方案.unknown
2026-06-10 21:27:53 [INFO] 正在下载正文附件: 县域慢性阻塞性肺疾病分级诊疗技术方案.unknown
2026-06-10 21:27:53 [INFO] 正在下载正文附件: 县域脑血管病分级诊疗技术方案.unknown
2026-06-10 21:27:53 [INFO] 正在下载正文附件: 县域糖尿病分级诊疗技术方案.unknown
2026-06-10 21:28:01 [INFO] 正在下载正文附件: 县域慢性肾脏病分级诊疗技术方案.unknown
2026-06-10 21:28:02 [INFO] 正在下载正文附件: 县域高血压分级诊疗技术方案.unknown
2026-06-10 21:28:04 [INFO] 正在下载正文附件: 县域血脂异常分级诊疗技术方案.unknown
2026-06-10 21:28:05 [INFO] 正在下载正文附件: 县域冠状动脉粥样硬化性心脏病分级诊疗技术方案.unknown
2026-06-10 21:28:07 [INFO] 正在下载正文附件: 县域慢性阻塞性肺疾病分级诊疗技术方案.unknown
2026-06-10 21:28:08 [INFO] 正在下载正文附件: 县域脑血管病分级诊疗技术方案.unknown
2026-06-10 21:28:09 [INFO] 正在下载正文附件: 县域糖尿病分级诊疗技术方案.unknown
2026-06-10 21:28:15 [INFO] 正在下载正文附件: 健康中国行动2021-2022年考核指标体系.unknown
2026-06-10 21:28:19 [INFO] 正在下载正文附件: 健康中国行动2021-2022年考核指标体系.unknown
2026-06-10 21:28:24 [INFO] 正在下载正文附件: 各省（区、市）推进公立医院高质量发展评价指标（试行）.unknown
2026-06-10 21:28:29 [INFO] 正在下载正文附件: 各省（区、市）推进公立医院高质量发展评价指标（试行）.unknown
2026-06-10 21:28:37 [INFO] 正在下载正文附件: 《综合医院建筑设计规范》（局部修订征求意见稿）.unknown
2026-06-10 21:28:49 [INFO] 正在下载正文附件: 冷链食品生产经营新冠病毒防控技术指南（第二版）.unknown
2026-06-10 21:28:49 [INFO] 正在下载正文附件: 冷链食品生产经营过程新冠病毒防控消毒技术指南（第二版）.unknown
2026-06-10 21:28:53 [INFO] 正在下载正文附件: 冷链食品生产经营新冠病毒防控技术指南（第二版）.unknown
2026-06-10 21:28:54 [INFO] 正在下载正文附件: 冷链食品生产经营过程新冠病毒防控消毒技术指南（第二版）.unknown
2026-06-10 21:28:59 [INFO] 正在下载正文附件: 医疗机构设置规划指导原则（2021-2025年）.unknown
2026-06-10 21:29:02 [INFO] 正在下载正文附件: 2021年全国敬老养老助老公益广告作品征集活动广播类扶持作品名单.unknown
2026-06-10 21:29:02 [INFO] 正在下载正文附件: 2021年全国敬老养老助老公益广告作品征集活动电视类扶持作品名单.unknown
2026-06-10 21:29:07 [INFO] 正在下载正文附件: 医疗机构设置规划指导原则（2021-2025年）.unknown
2026-06-10 21:29:13 [INFO] 正在下载正文附件: 关于医疗卫生机构科研用人类生物样本管理暂行办法（征求意见稿）公开征求意见的公告.unknown
2026-06-10 21:29:21 [INFO] 正在下载正文附件: 医院信息公开基本目录.unknown
2026-06-10 21:29:22 [INFO] 正在下载正文附件: 基层医疗卫生机构信息公开基本目录.unknown
2026-06-10 21:29:23 [INFO] 正在下载正文附件: 妇幼保健机构信息公开基本目录.unknown
2026-06-10 21:29:24 [INFO] 正在下载正文附件: 疾病预防控制中心信息公开基本目录.unknown
2026-06-10 21:29:25 [INFO] 正在下载正文附件: 健康教育机构信息公开基本目录.unknown
2026-06-10 21:29:25 [INFO] 正在下载正文附件: 急救中心信息公开基本目录.unknown
2026-06-10 21:29:26 [INFO] 正在下载正文附件: 血站信息公开基本目录.unknown
2026-06-10 21:29:26 [INFO] 正在下载正文附件: 其他公共卫生机构信息公开基本目录.unknown
2026-06-10 21:29:30 [INFO] 正在下载正文附件: 2021年卫生援外工作表现突出集体名单.unknown
2026-06-10 21:29:43 [INFO] 正在下载正文附件: 2021年卫生援外工作表现突出集体名单.unknown
2026-06-10 21:30:06 [INFO] 正在下载正文附件: 原发性肝癌诊疗指南（2022年版）.unknown
2026-06-10 21:30:23 [INFO] 正在下载正文附件: 原发性肝癌诊疗指南（2022年版）.unknown
2026-06-10 21:30:36 [INFO] 正在下载正文附件: 第二批老龄健康医养结合远程协同服务试点机构名单.unknown
2026-06-10 21:30:40 [INFO] 正在下载正文附件: 1：宫颈癌筛查工作方案.unknown
2026-06-10 21:30:42 [INFO] 正在下载正文附件: 2：乳腺癌筛查工作方案.unknown
2026-06-10 21:30:46 [INFO] 正在下载正文附件: “送烟=送危害”活动宣传材料.unknown
2026-06-10 21:31:16 [ERROR] 正文附件下载失败: “送烟=送危害”活动宣传材料.unknown, 目标链接: https://www.nhc.gov.cn/guihuaxxs/c100133/202201/4d9fe0d10a194952a851bbff667c09be/files/1745214594391_26844.pdf
2026-06-10 21:31:16 [INFO] 正在下载正文附件: “送烟=送危害”活动主题视频.unknown
2026-06-10 21:31:44 [ERROR] 正文附件下载失败: “送烟=送危害”活动主题视频.unknown, 目标链接: https://www.nhc.gov.cn/guihuaxxs/c100133/202201/4d9fe0d10a194952a851bbff667c09be/files/1745214594909_10933.zip
2026-06-10 21:31:49 [INFO] 正在下载正文附件: 1：宫颈癌筛查工作方案.unknown
2026-06-10 21:32:19 [ERROR] 正文附件下载失败: 1：宫颈癌筛查工作方案.unknown, 目标链接: https://www.nhc.gov.cn/fys/c100078/202201/e4209b0a6e604f6aba3e793d8eddebf3/files/1733998298755_31891.pdf
2026-06-10 21:32:19 [INFO] 正在下载正文附件: 2：乳腺癌筛查工作方案.unknown
2026-06-10 21:33:10 [INFO] 正在下载正文附件: 附件1-三级医院对口帮扶县级医院关系表.unknown
2026-06-10 21:33:10 [INFO] 正在下载正文附件: 附件2-三级医院对口帮扶县级医院协议书.unknown
2026-06-10 21:33:21 [INFO] 正在下载正文附件: 附件1-三级医院对口帮扶县级医院关系表.unknown
2026-06-10 21:33:36 [INFO] 正在下载正文附件: 附件2-三级医院对口帮扶县级医院协议书.unknown
2026-06-10 21:33:50 [INFO] 正在下载正文附件: 财政部关于2021年度部门决算工作的通知（财库〔2021〕42号）.unknown
2026-06-10 21:33:52 [INFO] 正在下载正文附件: 国有资本经营预算财政拨款收支余编制说明.unknown
2026-06-10 21:33:57 [INFO] 正在下载正文附件: 指标释义.unknown
2026-06-10 21:34:14 [INFO] 正在下载正文附件: 财政部关于2021年度部门决算工作的通知（财库〔2021〕42号）.unknown
2026-06-10 21:34:44 [ERROR] 正文附件下载失败: 财政部关于2021年度部门决算工作的通知（财库〔2021〕42号）.unknown, 目标链接: https://www.nhc.gov.cn/caiwusi/c100043/202201/a10c79551642469ebabae1c309906382/files/1733223721899_82088.pdf
2026-06-10 21:34:44 [INFO] 正在下载正文附件: 国有资本经营预算财政拨款收支余编制说明.unknown
2026-06-10 21:34:55 [INFO] 正在下载正文附件: 指标释义.unknown
2026-06-10 21:35:03 [INFO] 正在下载正文附件: 建议每日食物量参照.unknown
2026-06-10 21:35:07 [INFO] 正在下载正文附件: 重新确认为国家慢性病综合防控示范区名单.unknown
2026-06-10 21:35:12 [INFO] 正在下载正文附件: 重新确认为国家慢性病综合防控示范区名单.unknown
2026-06-10 21:35:35 [INFO] 正在下载正文附件: 附件1-8.unknown
2026-06-10 21:36:04 [INFO] 正在下载正文附件: 附件1-8.unknown
2026-06-10 21:36:30 [INFO] 正在下载正文附件: “十四五”医疗装备产业发展规划.unknown
2026-06-10 21:37:00 [ERROR] 正文附件下载失败: “十四五”医疗装备产业发展规划.unknown, 目标链接: https://www.nhc.gov.cn/guihuaxxs/c100133/202112/0d47734e2ea641578b604bf1b7e6c675/files/1733226430505_66704.pdf
2026-06-10 21:37:04 [INFO] 正在下载正文附件: 《全国血站服务体系建设发展规划（2021-2025年）》.unknown
2026-06-10 21:37:34 [ERROR] 正文附件下载失败: 《全国血站服务体系建设发展规划（2021-2025年）》.unknown, 目标链接: https://www.nhc.gov.cn/wjw/c100175/202112/6d83296db4024cc090a91a7848d0350f/files/1646358664133_57996.pdf
2026-06-10 21:37:43 [INFO] 正在下载正文附件: 《全国血站服务体系建设发展规划（2021-2025年）》.unknown
2026-06-10 21:38:13 [ERROR] 正文附件下载失败: 《全国血站服务体系建设发展规划（2021-2025年）》.unknown, 目标链接: https://www.nhc.gov.cn/yzygj/c100068/202112/8eaf17478aa84dec892c951763877f90/files/1733999748788_17466.pdf
2026-06-10 21:38:18 [INFO] 正在下载正文附件: 深入推广三明医改经验监测评价指标体系.unknown
2026-06-10 21:38:28 [INFO] 正在下载正文附件: 深入推广三明医改经验监测评价指标体系.unknown
2026-06-10 21:38:50 [INFO] 正在下载正文附件: 新型抗肿瘤药物临床应用指导原则（2021年版）.unknown
2026-06-10 21:39:10 [INFO] 正在下载正文附件: 《托育机构建设标准》（征求意见稿).unknown
2026-06-10 21:39:18 [INFO] 正在下载正文附件: 新型抗肿瘤药物临床应用指导原则（2021年版）.unknown
2026-06-10 21:39:45 [INFO] 正在下载正文附件: 单采血浆站基本标准（2021年版）.unknown
2026-06-10 21:39:54 [INFO] 正在下载正文附件: 单采血浆站基本标准（2021年版）.unknown
2026-06-10 21:40:01 [INFO] 正在下载正文附件: 临床用血数据采集质量与接口标准（2021版）.unknown
2026-06-10 21:40:01 [INFO] 正在下载正文附件: 中医医院临床用血数据采集质量与接口标准（2021版）.unknown
2026-06-10 21:40:13 [INFO] 正在下载正文附件: 健康知识普及行动——2021年新时代健康科普作品征集大赛优秀及入围作品名单.unknown
2026-06-10 21:40:51 [INFO] 正在下载正文附件: 静脉用药调配中心建设基本要求.unknown
2026-06-10 21:40:52 [INFO] 正在下载正文附件: 静脉用药集中调配质量监测技术规范.unknown
2026-06-10 21:40:53 [INFO] 正在下载正文附件: 静脉用药集中调配技术操作规范.unknown
2026-06-10 21:41:00 [INFO] 正在下载正文附件: 附表.unknown
2026-06-10 21:41:11 [INFO] 正在下载正文附件: 静脉用药调配中心建设基本要求.unknown
2026-06-10 21:41:12 [INFO] 正在下载正文附件: 静脉用药集中调配质量监测技术规范.unknown
2026-06-10 21:41:13 [INFO] 正在下载正文附件: 静脉用药集中调配技术操作规范.unknown
2026-06-10 21:41:16 [INFO] 正在下载正文附件: 附表.unknown
2026-06-10 21:41:28 [INFO] 正在下载正文附件: 国家职业病防治规划（2021-2025年）.unknown
2026-06-10 21:41:47 [INFO] 正在下载正文附件: 国家职业病防治规划（2021-2025年）.unknown
2026-06-10 21:41:54 [INFO] 正在下载正文附件: 1.关于新冠肺炎疫情防控期间国际航行船舶中国籍船员换班操作要求
2026-06-10 21:41:54 [INFO] 正在下载正文附件: 2.关于新冠肺炎疫情防控期间伤病船员紧急救助处置要求
2026-06-10 21:42:01 [INFO] 正在下载正文附件: 1.关于新冠肺炎疫情防控期间国际航行船舶中国籍船员换班操作要求
2026-06-10 21:42:03 [INFO] 正在下载正文附件: 2.关于新冠肺炎疫情防控期间伤病船员紧急救助处置要求
2026-06-10 21:42:15 [INFO] 正在下载正文附件: 1.2021年全国敬老养老助老公益广告作品征集活动广播类扶持作品名单
2026-06-10 21:42:16 [INFO] 正在下载正文附件: 2.2021年全国敬老养老助老公益广告作品征集活动电视类扶持作品名单
2026-06-10 21:42:35 [INFO] 正在下载正文附件: 医疗机器人典型应用场景（编写提纲）.unknown
2026-06-10 21:42:41 [INFO] 正在下载正文附件: 医疗机器人典型应用场景推荐汇总表.unknown
2026-06-10 21:42:53 [INFO] 正在下载正文附件: 脱贫地区健康促进行动主要指标和重点工作清单（2021—2025年）.unknown
2026-06-10 21:43:03 [INFO] 正在下载正文附件: 脱贫地区健康促进行动主要指标和重点工作清单（2021—2025年）.unknown
2026-06-10 21:43:17 [INFO] 正在下载正文附件: WST381—2021.unknown
2026-06-10 21:43:42 [INFO] 正在下载正文附件: WST791—2021.unknown
2026-06-10 21:44:12 [ERROR] 正文附件下载失败: WST791—2021.unknown, 目标链接: https://www.nhc.gov.cn/wjw/c100175/202112/57fcec4453b341b9a452fcbe6094b15c/files/1646358570455_39902.pdf
2026-06-10 21:44:12 [INFO] 正在下载正文附件: WST792—2021.unknown
2026-06-10 21:44:30 [INFO] 正在下载正文附件: WST381—2021.unknown
2026-06-10 21:44:50 [ERROR] 正文附件下载失败: WST381—2021.unknown, 目标链接: https://www.nhc.gov.cn/fzs/c100048/202112/68912f934b184d9cb4cefed5e09a1261/files/1733123179000_71651.pdf
2026-06-10 21:44:50 [INFO] 正在下载正文附件: WST791—2021.unknown
2026-06-10 21:45:21 [ERROR] 正文附件下载失败: WST791—2021.unknown, 目标链接: https://www.nhc.gov.cn/fzs/c100048/202112/68912f934b184d9cb4cefed5e09a1261/files/1733123178777_63506.pdf
2026-06-10 21:45:21 [INFO] 正在下载正文附件: WST792—2021.unknown
2026-06-10 21:45:48 [INFO] 正在下载正文附件: 医疗机构检查检验结果互认管理办法（征求意见稿）.unknown
2026-06-10 21:45:54 [INFO] 正在下载正文附件: 1.职业卫生技术服务信息报送卡
2026-06-10 21:45:55 [INFO] 正在下载正文附件: 2.放射卫生技术服务信息报送卡
2026-06-10 21:46:11 [INFO] 正在下载正文附件: 1.职业卫生技术服务信息报送卡
2026-06-10 21:46:13 [INFO] 正在下载正文附件: 2.放射卫生技术服务信息报送卡
2026-06-10 21:46:29 [INFO] 正在下载正文附件: 卫生健康统计工作高质量发展揭榜攻关任务清单.unknown
2026-06-10 21:46:31 [INFO] 正在下载正文附件: 卫生健康统计工作高质量发展揭榜单位报名表.unknown
2026-06-10 21:46:32 [INFO] 正在下载正文附件: 卫生健康统计工作高质量发展揭榜单位申报材料.unknown
2026-06-10 21:46:49 [INFO] 正在下载正文附件: 卫生健康统计工作高质量发展揭榜攻关任务清单.unknown
2026-06-10 21:46:51 [INFO] 正在下载正文附件: 卫生健康统计工作高质量发展揭榜单位报名表.unknown
2026-06-10 21:46:52 [INFO] 正在下载正文附件: 卫生健康统计工作高质量发展揭榜单位申报材料.unknown
2026-06-10 21:47:36 [INFO] 正在下载正文附件: 国家基本药物目录管理办法（修订草案）.unknown
2026-06-10 21:47:41 [INFO] 正在下载正文附件: 食品安全风险评估项目建议书.unknown
2026-06-10 21:47:49 [INFO] 正在下载正文附件: 食品安全风险评估项目建议书.unknown
2026-06-10 21:48:08 [INFO] 正在下载正文附件: 2021年智慧健康养老应用试点示范申报指南.unknown
2026-06-10 21:48:13 [INFO] 正在下载正文附件: 血液净化标准操作规程（2021版）.unknown
2026-06-10 21:48:44 [ERROR] 正文附件下载失败: 血液净化标准操作规程（2021版）.unknown, 目标链接: https://www.nhc.gov.cn/wjw/c100175/202111/0f854f7e65cf49bebd930a0f95c8efad/files/1645425894461_83578.pdf
2026-06-10 21:48:54 [INFO] 正在下载正文附件: 血液净化标准操作规程（2021版）.unknown
2026-06-10 21:49:24 [ERROR] 正文附件下载失败: 血液净化标准操作规程（2021版）.unknown, 目标链接: https://www.nhc.gov.cn/yzygj/c100068/202111/fabfb09388b446c895633c00dcd35485/files/1732872997074_16299.pdf
2026-06-10 21:49:42 [INFO] 正在下载正文附件: 1.健康企业建设优秀案例（模板）
2026-06-10 21:49:44 [INFO] 正在下载正文附件: 2.健康企业建设优秀案例提交表
2026-06-10 21:49:46 [INFO] 正在下载正文附件: 3.知情同意书
2026-06-10 21:49:52 [INFO] 正在下载正文附件: WS_T 787—2021.unknown
2026-06-10 21:49:59 [INFO] 正在下载正文附件: WS_T 788—2021.unknown
2026-06-10 21:50:10 [INFO] 正在下载正文附件: WS_T 789—2021.unknown
2026-06-10 21:50:20 [INFO] 正在下载正文附件: WS_T 790.1—2021
2026-06-10 21:50:36 [INFO] 正在下载正文附件: WS_T 790.2—2021
2026-06-10 21:50:39 [INFO] 正在下载正文附件: WS_T 790.3—2021
2026-06-10 21:50:46 [INFO] 正在下载正文附件: WS_T 790.4—2021
2026-06-10 21:50:54 [INFO] 正在下载正文附件: WS_T 790.5—2021
2026-06-10 21:51:07 [INFO] 正在下载正文附件: WS_T 790.6—2021
2026-06-10 21:51:17 [INFO] 正在下载正文附件: WS_T 790.7—2021
2026-06-10 21:51:24 [INFO] 正在下载正文附件: WS_T 790.8—2021
2026-06-10 21:51:30 [INFO] 正在下载正文附件: WS_T 790.9—2021
2026-06-10 21:51:39 [INFO] 正在下载正文附件: WS_T 790.10—2021
2026-06-10 21:51:46 [INFO] 正在下载正文附件: WS_T 790.11—2021
2026-06-10 21:51:53 [INFO] 正在下载正文附件: WS_T 790.12—2021
2026-06-10 21:51:59 [INFO] 正在下载正文附件: WS_T 790.13—2021
2026-06-10 21:52:06 [INFO] 正在下载正文附件: WS_T 790.14—2021
2026-06-10 21:52:09 [INFO] 正在下载正文附件: WS_T 790.15—2021
2026-06-10 21:52:25 [INFO] 正在下载正文附件: WS_T 790.16—2021
2026-06-10 21:52:33 [INFO] 正在下载正文附件: WS_T 790.17—2021
2026-06-10 21:52:48 [INFO] 正在下载正文附件: WS_T 790.18—2021
2026-06-10 21:52:58 [INFO] 正在下载正文附件: WS_T 787—2021.unknown
2026-06-10 21:53:12 [INFO] 正在下载正文附件: WS_T 788—2021.unknown
2026-06-10 21:53:34 [ERROR] 正文附件下载失败: WS_T 788—2021.unknown, 目标链接: https://www.nhc.gov.cn/fzs/c100048/202111/53356b80d2b64d24a9ef63da5e7a2c65/files/1733125805569_96251.pdf
2026-06-10 21:53:34 [INFO] 正在下载正文附件: WS_T 789—2021.unknown
2026-06-10 21:53:36 [INFO] 正在下载正文附件: WS_T 790.1—2021
2026-06-10 21:53:38 [INFO] 正在下载正文附件: WS_T 790.2—2021
2026-06-10 21:53:39 [INFO] 正在下载正文附件: WS_T 790.3—2021
2026-06-10 21:53:40 [INFO] 正在下载正文附件: WS_T 790.4—2021
2026-06-10 21:53:41 [INFO] 正在下载正文附件: WS_T 790.5—2021
2026-06-10 21:53:44 [INFO] 正在下载正文附件: 1733125805350_83590.pdf
2026-06-10 21:53:45 [INFO] 正在下载正文附件: WS_T 790.6—2021
2026-06-10 21:53:47 [INFO] 正在下载正文附件: WS_T 790.7—2021
2026-06-10 21:53:49 [INFO] 正在下载正文附件: WS_T 790.8—2021
2026-06-10 21:53:51 [INFO] 正在下载正文附件: WS_T 790.9—2021
2026-06-10 21:53:52 [INFO] 正在下载正文附件: WS_T 790.10—2021
2026-06-10 21:53:54 [INFO] 正在下载正文附件: WS_T 790.11—2021
2026-06-10 21:53:56 [INFO] 正在下载正文附件: WS_T 790.12—2021
2026-06-10 21:53:57 [INFO] 正在下载正文附件: WS_T 790.13—2021
2026-06-10 21:53:58 [INFO] 正在下载正文附件: WS_T 790.14—2021
2026-06-10 21:54:00 [INFO] 正在下载正文附件: WS_T 790.15—2021
2026-06-10 21:54:02 [INFO] 正在下载正文附件: WS_T 790.16—2021
2026-06-10 21:54:04 [INFO] 正在下载正文附件: WS_T 790.17—2021
2026-06-10 21:54:06 [INFO] 正在下载正文附件: WS_T 790.18—2021
2026-06-10 21:54:12 [INFO] 正在下载正文附件: 国家中西医结合医学中心（综合医院）设置标准.unknown
2026-06-10 21:54:27 [INFO] 正在下载正文附件: 2021年新时代健康科普作品征集大赛优秀及入围作品公示名单.unknown
2026-06-10 21:54:37 [INFO] 正在下载正文附件: 国家中西医结合医学中心（综合医院）设置标准.unknown
2026-06-10 21:54:48 [INFO] 正在下载正文附件: 急性冠状动脉综合征分级诊疗重点任务及服务流程图.unknown
2026-06-10 21:54:49 [INFO] 正在下载正文附件: 急性冠状动脉综合征分级诊疗服务技术方案.unknown
2026-06-10 21:54:54 [INFO] 正在下载正文附件: 急性冠状动脉综合征分级诊疗重点任务及服务流程图.unknown
2026-06-10 21:55:24 [ERROR] 正文附件下载失败: 急性冠状动脉综合征分级诊疗重点任务及服务流程图.unknown, 目标链接: https://www.nhc.gov.cn/yzygj/c100068/202111/aaea81eb4a494af4961248c6c46f7445/files/1732873552656_85300.doc
2026-06-10 21:55:24 [INFO] 正在下载正文附件: 急性冠状动脉综合征分级诊疗服务技术方案.unknown
2026-06-10 21:55:54 [ERROR] 正文附件下载失败: 急性冠状动脉综合征分级诊疗服务技术方案.unknown, 目标链接: https://www.nhc.gov.cn/yzygj/c100068/202111/aaea81eb4a494af4961248c6c46f7445/files/1732873554986_75682.doc
2026-06-10 21:56:00 [INFO] 正在下载正文附件: 国家癌症医学中心设置标准.unknown
2026-06-10 21:56:15 [INFO] 正在下载正文附件: 2019-2020年度全国血站系统表现突出采血班组名单.unknown
2026-06-10 21:56:36 [INFO] 正在下载正文附件: 国家癌症医学中心设置标准.unknown
2026-06-10 21:56:54 [INFO] 正在下载正文附件: 2019-2020年度全国血站系统表现突出采血班组名单.unknown
2026-06-10 21:57:18 [INFO] 正在下载正文附件: 严重精神障碍管理治疗工作规范（2018年版）.unknown
2026-06-10 21:57:48 [ERROR] 正文附件下载失败: 严重精神障碍管理治疗工作规范（2018年版）.unknown, 目标链接: https://www.nhc.gov.cn/wjw/c100175/202111/f9a7ba184d0a401f8b41c1205b0f60ce/files/1645425659936_11877.pdf
2026-06-10 21:57:53 [INFO] 正在下载正文附件: 严重精神障碍管理治疗工作规范（2018年版）.unknown
2026-06-10 21:58:23 [ERROR] 正文附件下载失败: 严重精神障碍管理治疗工作规范（2018年版）.unknown, 目标链接: https://www.nhc.gov.cn/jkj/c100063/202111/06d73f16cfc7436f888560fb74e6dc21/files/1733138693650_52619.pdf
2026-06-10 21:58:40 [INFO] 正在下载正文附件: 康复医疗服务试点工作方案.unknown
2026-06-10 21:58:44 [INFO] 正在下载正文附件: 新冠肺炎康复者恢复期血浆临床治疗方案（试行第三版）.unknown
2026-06-10 21:58:56 [INFO] 正在下载正文附件: 康复医疗服务试点工作方案.unknown
2026-06-10 21:59:01 [INFO] 正在下载正文附件: 新冠肺炎康复者恢复期血浆临床治疗方案（试行第三版）.unknown
2026-06-10 21:59:28 [INFO] 正在下载正文附件: 智慧健康养老产业发展行动计划（2021-2025年）.unknown
2026-06-10 21:59:35 [INFO] 正在下载正文附件: 智慧健康养老产业发展行动计划（2021-2025年）解读.unknown
2026-06-10 21:59:42 [INFO] 正在下载正文附件: 食叶草等15种“三新食品”公告文本.unknown
2026-06-10 21:59:46 [INFO] 正在下载正文附件: 1645425739578_47813.docx
2026-06-10 21:59:57 [INFO] 正在下载正文附件: 食叶草等15种“三新食品”公告文本.unknown
2026-06-10 22:00:15 [INFO] 正在下载正文附件: 三级医院评审标准(2020年版)实施细则.unknown
2026-06-10 22:00:33 [INFO] 正在下载正文附件: 三级医院评审标准(2020年版)实施细则.unknown
2026-06-10 22:01:00 [INFO] 正在下载正文附件: 2021年全国示范性老年友好型社区名单.unknown
2026-06-10 22:01:24 [INFO] 正在下载正文附件: 2021年全国示范性老年友好型社区名单.unknown
2026-06-10 22:01:33 [INFO] 正在下载正文附件: “十四五”国家临床专科能力建设规划.unknown
2026-06-10 22:01:43 [INFO] 正在下载正文附件: “十四五”国家临床专科能力建设规划.unknown
2026-06-10 22:02:39 [INFO] 正在下载正文附件: 附件：银龄医生进基层服务专栏操作手册（基层医疗卫生机构端）.unknown
2026-06-10 22:03:41 [INFO] 正在下载正文附件: 医疗机构药学门诊服务规范.unknown
2026-06-10 22:03:47 [INFO] 正在下载正文附件: 医疗机构药物重整服务规范.unknown
2026-06-10 22:03:54 [INFO] 正在下载正文附件: 医疗机构用药教育服务规范.unknown
2026-06-10 22:03:55 [INFO] 正在下载正文附件: 医疗机构药学监护服务规范.unknown
2026-06-10 22:03:58 [INFO] 正在下载正文附件: 居家药学服务规范.unknown
2026-06-10 22:04:15 [INFO] 正在下载正文附件: 医疗机构药学门诊服务规范.unknown
2026-06-10 22:04:15 [INFO] 正在下载正文附件: 医疗机构药物重整服务规范.unknown
2026-06-10 22:04:16 [INFO] 正在下载正文附件: 医疗机构用药教育服务规范.unknown
2026-06-10 22:04:16 [INFO] 正在下载正文附件: 医疗机构药学监护服务规范.unknown
2026-06-10 22:04:17 [INFO] 正在下载正文附件: 居家药学服务规范.unknown
2026-06-10 22:04:48 [INFO] 正在下载正文附件: 5G+医疗健康应用试点入围项目名单.unknown
2026-06-10 22:05:03 [INFO] 正在下载正文附件: 征求意见的食品安全国家标准目录.unknown
2026-06-10 22:08:38 [INFO] 正在下载正文附件: 附件1.“数说健康”征文比赛投稿要求
2026-06-10 22:08:39 [INFO] 正在下载正文附件: 附件2.“数说健康”征文比赛投稿汇总表
2026-06-10 22:08:47 [INFO] 正在下载正文附件: 附件1.“数说健康”征文比赛投稿要求
2026-06-10 22:08:48 [INFO] 正在下载正文附件: 附件2.“数说健康”征文比赛投稿汇总表
2026-06-10 22:08:56 [INFO] 正在下载正文附件: 附件-第四届国家病原微生物实验室生物安全专家委员会名单.unknown
2026-06-10 22:09:09 [INFO] 正在下载正文附件: 附件-第四届国家病原微生物实验室生物安全专家委员会名单.unknown
2026-06-10 22:09:15 [INFO] 正在下载正文附件: 院前医疗急救标识及有关说明.unknown
2026-06-10 22:09:15 [ERROR] 正文附件下载失败: 院前医疗急救标识及有关说明.unknown, 目标链接: https://www.nhc.gov.cn/app-editor/ewebeditor/uploadfile/20220124/院前医疗急救标识及有关说明 .doc
2026-06-10 22:09:20 [INFO] 正在下载正文附件: 院前医疗急救标识及有关说明.unknown
2026-06-10 22:09:37 [INFO] 正在下载正文附件: 营养指导员培训教材目录.unknown
2026-06-10 22:09:56 [INFO] 正在下载正文附件: 消除丙型肝炎公共卫生危害行动工作方案（2021－2030年）政策解读.unknown
2026-06-10 22:09:57 [INFO] 正在下载正文附件: “消除丙型肝炎公共卫生危害行动工作方案（2021-2030年）”一图读懂.unknown
2026-06-10 22:10:16 [INFO] 正在下载正文附件: 1.医务人员进出隔离病区流线布局流程示意图
2026-06-10 22:10:17 [INFO] 正在下载正文附件: 1645425850712_15039.docx
2026-06-10 22:10:18 [INFO] 正在下载正文附件: 2.医务人员防护用品选用原则及穿脱流程
2026-06-10 22:10:19 [INFO] 正在下载正文附件: 1645425850646_16666.docx
2026-06-10 22:10:20 [INFO] 正在下载正文附件: 3.新冠肺炎常态化疫情防控医疗器械及环境物体表面消毒方法推荐方案
2026-06-10 22:10:20 [INFO] 正在下载正文附件: 1645425850843_95154.docx
2026-06-10 22:10:21 [INFO] 正在下载正文附件: 4.呼吸道职业暴露后的处置流程
2026-06-10 22:10:21 [INFO] 正在下载正文附件: 1645425850695_88114.docx
2026-06-10 22:10:33 [INFO] 正在下载正文附件: 1.医务人员进出隔离病区流线布局流程示意图
2026-06-10 22:10:35 [INFO] 正在下载正文附件: 2.医务人员防护用品选用原则及穿脱流程
2026-06-10 22:10:36 [INFO] 正在下载正文附件: 3.新冠肺炎常态化疫情防控医疗器械及环境物体表面消毒方法推荐方案
2026-06-10 22:10:37 [INFO] 正在下载正文附件: 4.呼吸道职业暴露后的处置流程
2026-06-10 22:10:51 [INFO] 正在下载正文附件: 《献血浆者须知（2021年版）》.unknown
2026-06-10 22:10:51 [ERROR] 正文附件下载失败: 《献血浆者须知（2021年版）》.unknown, 目标链接: https://www.nhc.gov.cn/app-editor/ewebeditor/uploadfile/20220125/《献血浆者须知（2021年版）》   -20220125100701649.doc
2026-06-10 22:11:01 [INFO] 正在下载正文附件: 医疗机构投诉接待处理“十应当”.unknown
2026-06-10 22:11:01 [ERROR] 正文附件下载失败: 医疗机构投诉接待处理“十应当”.unknown, 目标链接: https://www.nhc.gov.cn/app-editor/ewebeditor/uploadfile/20220125/医疗机构投诉接待处理“十应当” .doc
2026-06-10 22:11:09 [INFO] 正在下载正文附件: 《献血浆者须知（2021年版）》.unknown
2026-06-10 22:11:13 [INFO] 正在下载正文附件: 医疗机构投诉接待处理“十应当”.unknown
2026-06-10 22:11:18 [INFO] 正在下载正文附件: 2021年“服务百姓健康行动”全国大型义诊活动周统计表.unknown
2026-06-10 22:11:23 [INFO] 正在下载正文附件: 附件1：线上主题宣传活动相关媒体平台信息.unknown
2026-06-10 22:11:23 [INFO] 正在下载正文附件: 附件2：2021年预防出生缺陷日主题宣传海报.unknown
2026-06-10 22:11:33 [INFO] 正在下载正文附件: 附件3：出生缺陷防治健康教育核心信息宣传手册.unknown
2026-06-10 22:11:46 [INFO] 正在下载正文附件: 附件4：宣传标语口号.unknown
2026-06-10 22:11:51 [INFO] 正在下载正文附件: 2021年“服务百姓健康行动”全国大型义诊活动周统计表.unknown
2026-06-10 22:11:59 [INFO] 正在下载正文附件: 附件1：线上主题宣传活动相关媒体平台信息.unknown
2026-06-10 22:11:59 [INFO] 正在下载正文附件: 附件2：2021年预防出生缺陷日主题宣传海报.unknown
2026-06-10 22:12:11 [INFO] 正在下载正文附件: 附件3：出生缺陷防治健康教育核心信息宣传手册.unknown
2026-06-10 22:12:36 [INFO] 正在下载正文附件: 附件4：宣传标语口号.unknown
2026-06-10 22:13:01 [INFO] 正在下载正文附件: 新冠肺炎疫情防护指导手册.unknown
2026-06-10 22:13:31 [ERROR] 正文附件下载失败: 新冠肺炎疫情防护指导手册.unknown, 目标链接: https://www.nhc.gov.cn/jkj/c100063/202109/046de798603e45239d80578f9854025d/files/1733139716237_77801.pdf
2026-06-10 22:13:36 [INFO] 正在下载正文附件: WST220—2021.unknown
2026-06-10 22:13:52 [INFO] 正在下载正文附件: WST785—2021.unknown
2026-06-10 22:14:07 [INFO] 正在下载正文附件: WST220—2021.unknown
2026-06-10 22:14:21 [INFO] 正在下载正文附件: WST785—2021.unknown
2026-06-10 22:14:41 [INFO] 正在下载正文附件: 附件1-11.unknown
2026-06-10 22:15:01 [INFO] 正在下载正文附件: 附件1-11.unknown
2026-06-10 22:15:22 [INFO] 正在下载正文附件: 中国脑卒中防治指导规范（2021年版）.unknown
2026-06-10 22:15:52 [ERROR] 正文附件下载失败: 中国脑卒中防治指导规范（2021年版）.unknown, 目标链接: https://www.nhc.gov.cn/wjw/c100175/202108/df1789a9ba174678b1979bc14117b58f/files/1645425839055_46009.pdf
2026-06-10 22:15:57 [INFO] 正在下载正文附件: 中国脑卒中防治指导规范（2021年版）.unknown
2026-06-10 22:16:27 [ERROR] 正文附件下载失败: 中国脑卒中防治指导规范（2021年版）.unknown, 目标链接: https://www.nhc.gov.cn/yzygj/c100068/202108/682b5a958a7443b2b8269ab9303cfbeb/files/1732863879562_18762.pdf
2026-06-10 22:16:43 [INFO] 正在下载正文附件: 1.2021年全国敬老养老助老公益广告作品创作要求
2026-06-10 22:16:43 [INFO] 正在下载正文附件: 2.2021年全国敬老养老助老公益广告征集活动报名表
2026-06-10 22:16:54 [INFO] 正在下载正文附件: 2021年“全国爱牙日”宣传海报.unknown
2026-06-10 22:17:25 [ERROR] 正文附件下载失败: 2021年“全国爱牙日”宣传海报.unknown, 目标链接: https://www.nhc.gov.cn/jkj/c100063/202108/519ec5f3310a4315a2ac89c5fca702bf/files/1733138501692_84759.rar
2026-06-10 22:17:59 [INFO] 正在下载正文附件: 高等学校新冠肺炎疫情防控技术方案（第四版）.unknown
2026-06-10 22:18:00 [INFO] 正在下载正文附件: 中小学校新冠肺炎疫情防控技术方案（第四版）.unknown
2026-06-10 22:18:00 [INFO] 正在下载正文附件: 托幼机构新冠肺炎疫情防控技术方案（第四版）.unknown
2026-06-10 22:18:14 [INFO] 正在下载正文附件: 托育机构负责人培训大纲（试行）.unknown
2026-06-10 22:18:15 [INFO] 正在下载正文附件: 托育机构保育人员培训大纲（试行）.unknown
2026-06-10 22:18:21 [INFO] 正在下载正文附件: 高等学校新冠肺炎疫情防控技术方案（第四版）.unknown
2026-06-10 22:18:22 [INFO] 正在下载正文附件: 中小学校新冠肺炎疫情防控技术方案（第四版）.unknown
2026-06-10 22:18:22 [INFO] 正在下载正文附件: 托幼机构新冠肺炎疫情防控技术方案（第四版）.unknown
2026-06-10 22:18:36 [INFO] 正在下载正文附件: 基层卫生健康综合试验区建设指导方案.unknown
2026-06-10 22:18:41 [INFO] 正在下载正文附件: 基层卫生健康综合试验区建设指导方案.unknown
2026-06-10 22:18:45 [INFO] 正在下载正文附件: 附件1.卫生健康统计工作高质量发展揭榜任务征集表
2026-06-10 22:18:46 [INFO] 正在下载正文附件: 附件2.卫生健康统计工作高质量发展揭榜单位报名表
2026-06-10 22:18:47 [INFO] 正在下载正文附件: 附件3.卫生健康统计工作高质量发展揭榜单位申报材料（格式）
2026-06-10 22:18:52 [INFO] 正在下载正文附件: 附件1.卫生健康统计工作高质量发展揭榜任务征集表
2026-06-10 22:18:52 [INFO] 正在下载正文附件: 附件2.卫生健康统计工作高质量发展揭榜单位报名表
2026-06-10 22:18:53 [INFO] 正在下载正文附件: 附件3.卫生健康统计工作高质量发展揭榜单位申报材料（格式）
2026-06-10 22:18:59 [INFO] 正在下载正文附件: 2021年度食品安全国家标准立项计划.unknown
2026-06-10 22:19:00 [INFO] 正在下载正文附件: 1645425721511_25669.docx
2026-06-10 22:19:07 [INFO] 正在下载正文附件: 2021年度食品安全国家标准立项计划.unknown
2026-06-10 22:19:13 [INFO] 正在下载正文附件: 附件：5G+医疗健康应用试点项目名单.unknown
2026-06-10 22:19:27 [INFO] 正在下载正文附件: 新型冠状病毒肺炎救治定点医院院内感染预防与控制评估量表（试行）.unknown
2026-06-10 22:19:32 [INFO] 正在下载正文附件: 新型冠状病毒肺炎救治定点医院院内感染预防与控制评估量表（试行）.unknown
2026-06-10 22:19:40 [INFO] 正在下载正文附件: 1.营养指导能力提升培训试点考试方案（试行）
2026-06-10 22:19:41 [INFO] 正在下载正文附件: 2.营养指导能力提升培训试点考试实施单位信息表
2026-06-10 22:19:54 [INFO] 正在下载正文附件: 重点场所重点单位重点人群新冠肺炎疫情常态化防控相关防护指南（2021年8月版）.unknown
2026-06-10 22:20:24 [ERROR] 正文附件下载失败: 重点场所重点单位重点人群新冠肺炎疫情常态化防控相关防护指南（2021年8月版）.unknown, 目标链接: https://www.nhc.gov.cn/wjw/c100175/202108/47c8a8f16c5242bcac8749497517e9ef/files/1645425636592_93181.pdf
2026-06-10 22:20:56 [INFO] 正在下载正文附件: 重点场所重点单位重点人群新冠肺炎疫情常态化防控相关防护指南（2021年8月版）.unknown
2026-06-10 22:21:26 [ERROR] 正文附件下载失败: 重点场所重点单位重点人群新冠肺炎疫情常态化防控相关防护指南（2021年8月版）.unknown, 目标链接: https://www.nhc.gov.cn/jkj/c100063/202108/08795e62068d4937a583ddddf9851136/files/1734001549264_96172.pdf
2026-06-10 22:21:42 [INFO] 正在下载正文附件: 人感染动物源性流感预防控制技术指南__（试行）.unknown
2026-06-10 22:21:59 [INFO] 正在下载正文附件: 2021年中华医学会I类学分继续医学教育项目(第二批).unknown
2026-06-10 22:21:59 [INFO] 正在下载正文附件: 2021年中华预防医学会I类学分继续医学教育项目(第二批).unknown
2026-06-10 22:22:00 [INFO] 正在下载正文附件: 2021年中华护理学会I类学分继续医学教育项目(第二批).unknown
2026-06-10 22:22:00 [INFO] 正在下载正文附件: 2021年中华口腔医学会I类学分继续医学教育项目(第二批).unknown
2026-06-10 22:22:00 [INFO] 正在下载正文附件: 2021年中国医院协会I类学分继续医学教育项目(第二批).unknown
2026-06-10 22:22:01 [INFO] 正在下载正文附件: 2021年中国医师协会I类学分继续医学教育项目(第二批).unknown
2026-06-10 22:22:02 [INFO] 正在下载正文附件: 各省、自治区、直辖市继续医学教育委员会地址及联系方式.unknown
2026-06-10 22:22:19 [INFO] 正在下载正文附件: 人感染动物源性流感预防控制技术指南__（试行）.unknown
2026-06-10 22:22:32 [INFO] 正在下载正文附件: 2021年中华医学会I类学分继续医学教育项目(第二批).unknown
2026-06-10 22:22:33 [INFO] 正在下载正文附件: 2021年中华预防医学会I类学分继续医学教育项目(第二批).unknown
2026-06-10 22:22:33 [INFO] 正在下载正文附件: 2021年中华护理学会I类学分继续医学教育项目(第二批).unknown
2026-06-10 22:22:33 [INFO] 正在下载正文附件: 2021年中华口腔医学会I类学分继续医学教育项目(第二批).unknown
2026-06-10 22:22:34 [INFO] 正在下载正文附件: 2021年中国医院协会I类学分继续医学教育项目(第二批).unknown
2026-06-10 22:22:34 [INFO] 正在下载正文附件: 2021年中国医师协会I类学分继续医学教育项目(第二批).unknown
2026-06-10 22:22:35 [INFO] 正在下载正文附件: 各省、自治区、直辖市继续医学教育委员会地址及联系方式.unknown
2026-06-10 22:22:42 [INFO] 正在下载正文附件: 共轭亚油酸、共轭亚油酸甘油酯、甘油二酯油.unknown
2026-06-10 22:22:48 [INFO] 正在下载正文附件: 共轭亚油酸、共轭亚油酸甘油酯、甘油二酯油.unknown
2026-06-10 22:23:05 [INFO] 正在下载正文附件: WS_T 786—2021.unknown
2026-06-10 22:23:18 [INFO] 正在下载正文附件: WS_T 786—2021.unknown
2026-06-10 22:23:27 [INFO] 正在下载正文附件: 国家卫生健康指导委员会办公室关于开展营养指导能力提升培训试点工作的通知.unknown
2026-06-10 22:23:57 [ERROR] 正文附件下载失败: 国家卫生健康指导委员会办公室关于开展营养指导能力提升培训试点工作的通知.unknown, 目标链接: https://www.nhc.gov.cn/sps/c100088/202108/5700381deecc45e2b990ab0cbbd20e33/files/1732844464010_98937.pdf
2026-06-10 22:23:57 [INFO] 正在下载正文附件: 国民营养健康指导委员会办公室关于组建营养指导员培训考核专家工作组的通知.unknown
2026-06-10 22:24:08 [INFO] 正在下载正文附件: 国家营养指导员培训考核专家工作组关于国家营养指导能力提升培训工作进度安排的通知.unknown
2026-06-10 22:24:17 [INFO] 正在下载正文附件: 国家营养指导员培训考核专家工作组关于召开国家营养指导能力提升培训工作组会议的通知.unknown
2026-06-10 22:24:25 [INFO] 正在下载正文附件: 1732844464573_68536.pdf
2026-06-10 22:24:31 [INFO] 正在下载正文附件: 国家营养指导员培训考核专家工作组关于营养指导员培训国家管理机构申报遴选工作的通知.unknown
2026-06-10 22:24:41 [INFO] 正在下载正文附件: 国家营养指导员培训考核专家工作组会议纪要.unknown
2026-06-10 22:24:49 [INFO] 正在下载正文附件: 国家营养指导员培训考核专家工作组关于营养指导员培训有关事项的通知.unknown
2026-06-10 22:25:19 [ERROR] 正文附件下载失败: 国家营养指导员培训考核专家工作组关于营养指导员培训有关事项的通知.unknown, 目标链接: https://www.nhc.gov.cn/sps/c100088/202108/5700381deecc45e2b990ab0cbbd20e33/files/1732844463705_66908.pdf
2026-06-10 22:25:19 [INFO] 正在下载正文附件: 国家营养指导员培训考核专家工作组关于开展营养指导员师资培训的意见.unknown
2026-06-10 22:25:29 [INFO] 正在下载正文附件: 国家营养指导员培训考核专家工作组会议纪要.unknown
2026-06-10 22:25:33 [INFO] 正在下载正文附件: 常见动物致伤诊疗规范（2021年版）.unknown
2026-06-10 22:26:03 [ERROR] 正文附件下载失败: 常见动物致伤诊疗规范（2021年版）.unknown, 目标链接: https://www.nhc.gov.cn/wjw/c100175/202108/126e735653fe4ea78912fcc7d2e7dace/files/1645425822651_51288.pdf
2026-06-10 22:26:08 [INFO] 正在下载正文附件: 常见动物致伤诊疗规范（2021年版）.unknown
2026-06-10 22:26:38 [ERROR] 正文附件下载失败: 常见动物致伤诊疗规范（2021年版）.unknown, 目标链接: https://www.nhc.gov.cn/ylyjs/zcwj/202108/2c85b5fa8c844fb7a504fdf0a85d5bd7/files/1733999741774_53136.pdf
2026-06-10 22:26:46 [INFO] 正在下载正文附件: 卫生专业技术人员职称评价基本标准.unknown
2026-06-10 22:26:58 [INFO] 正在下载正文附件: 关于建立健全全媒体健康科普知识发布和传播机制的指导意见（征求意见稿）.unknown
2026-06-10 22:27:10 [INFO] 正在下载正文附件: 1.质子放射治疗系统准予许可名单
2026-06-10 22:27:11 [INFO] 正在下载正文附件: 2.正电子发射型磁共振成像系统（PETMR）准予许可名单
2026-06-10 22:27:12 [INFO] 正在下载正文附件: 3.高端放射治疗设备准予许可名单
2026-06-10 22:27:44 [INFO] 正在下载正文附件: 4-α-糖基转移酶等9种食品添加剂新品种、硅酸钠与三甲基氯硅烷和异丙醇的反应产物等19种食品相关产品新品种公告文本.unknown
2026-06-10 22:27:50 [INFO] 正在下载正文附件: 在全国第六次卫生服务统计调查中表现突出的单位名单.unknown
2026-06-10 22:27:50 [INFO] 正在下载正文附件: 在全国第六次卫生服务统计调查中表现突出的个人名单.unknown
2026-06-10 22:27:56 [INFO] 正在下载正文附件: 4-α-糖基转移酶等9种食品添加剂新品种、硅酸钠与三甲基氯硅烷和异丙醇的反应产物等19种食品相关产品新品种公告文本.unknown
2026-06-10 22:28:05 [INFO] 正在下载正文附件: 在全国第六次卫生服务统计调查中表现突出的单位名单.unknown
2026-06-10 22:28:06 [INFO] 正在下载正文附件: 在全国第六次卫生服务统计调查中表现突出的个人名单.unknown
2026-06-10 22:30:44 [INFO] 正在下载正文附件: 母乳喂养健康宣教挂图60x100cm_01.unknown
2026-06-10 22:31:15 [ERROR] 正文附件下载失败: 母乳喂养健康宣教挂图60x100cm_01.unknown, 目标链接: https://www.nhc.gov.cn/wjw/c100175/202107/8b6d8aae34ca47dca65684f22806f5c7/files/1645425560074_32333.pdf
2026-06-10 22:31:15 [INFO] 正在下载正文附件: 母乳喂养健康宣教挂图60x100cm_02.unknown
2026-06-10 22:31:45 [ERROR] 正文附件下载失败: 母乳喂养健康宣教挂图60x100cm_02.unknown, 目标链接: https://www.nhc.gov.cn/wjw/c100175/202107/8b6d8aae34ca47dca65684f22806f5c7/files/1645425558462_84262.pdf
2026-06-10 22:31:45 [INFO] 正在下载正文附件: 母乳喂养健康宣教挂图60x100cm_03.unknown
2026-06-10 22:32:15 [ERROR] 正文附件下载失败: 母乳喂养健康宣教挂图60x100cm_03.unknown, 目标链接: https://www.nhc.gov.cn/wjw/c100175/202107/8b6d8aae34ca47dca65684f22806f5c7/files/1645425560290_47336.pdf
2026-06-10 22:32:15 [INFO] 正在下载正文附件: 母乳喂养健康宣教挂图60x100cm_04.unknown
2026-06-10 22:33:51 [INFO] 正在下载正文附件: 母乳喂养健康宣教挂图60x100cm_05.unknown
2026-06-10 22:34:02 [INFO] 正在下载正文附件: 母乳喂养健康宣教挂图60x100cm_06.unknown
2026-06-10 22:34:16 [INFO] 正在下载正文附件: 母乳喂养健康宣教挂图60x100cm_07.unknown
2026-06-10 22:34:29 [INFO] 正在下载正文附件: 母乳喂养健康宣教挂图60x100cm_08.unknown
2026-06-10 22:34:44 [INFO] 正在下载正文附件: 健康中国行动全国知识竞赛题目报审表.unknown
2026-06-10 22:35:24 [INFO] 正在下载正文附件: 母乳喂养健康宣教挂图60x100cm_01.unknown
2026-06-10 22:35:35 [INFO] 正在下载正文附件: 母乳喂养健康宣教挂图60x100cm_02.unknown
2026-06-10 22:35:49 [INFO] 正在下载正文附件: 母乳喂养健康宣教挂图60x100cm_03.unknown
2026-06-10 22:36:02 [INFO] 正在下载正文附件: 母乳喂养健康宣教挂图60x100cm_04.unknown
2026-06-10 22:38:02 [INFO] 正在下载正文附件: 母乳喂养健康宣教挂图60x100cm_05.unknown
2026-06-10 22:38:16 [INFO] 正在下载正文附件: 母乳喂养健康宣教挂图60x100cm_06.unknown
2026-06-10 22:38:32 [INFO] 正在下载正文附件: 母乳喂养健康宣教挂图60x100cm_07.unknown
2026-06-10 22:38:45 [INFO] 正在下载正文附件: 母乳喂养健康宣教挂图60x100cm_08.unknown
2026-06-10 22:39:02 [INFO] 正在下载正文附件: 第五次抽样调查抽中县（市、区）名单.unknown
2026-06-10 22:39:02 [INFO] 正在下载正文附件: 第五次抽样调查经费预算编制和使用说明.unknown
2026-06-10 22:39:02 [INFO] 正在下载正文附件: 第五次抽样调查督导方案.unknown
2026-06-10 22:39:03 [INFO] 正在下载正文附件: 第五次抽样调查抽中县（市、区）参与入户调查督导员、调查员相关费用发放明细表.unknown
2026-06-10 22:39:03 [INFO] 正在下载正文附件: 第五次抽样调查参与入户调查督导员、调查员相关费用发放省级汇总表.unknown
2026-06-10 22:39:03 [INFO] 正在下载正文附件: 第五次抽样调查抽中县（市、区）参与入户调查被访老年人礼品慰问金发放明细表.unknown
2026-06-10 22:39:04 [INFO] 正在下载正文附件: 第五次抽样调查参与入户调查被访老年人礼品慰问金发放省级汇总表.unknown
2026-06-10 22:39:04 [INFO] 正在下载正文附件: 第五次抽样调查抽中县（市、区）账户信息省级汇总表.unknown
2026-06-10 22:39:13 [INFO] 正在下载正文附件: 第五次抽样调查抽中县（市、区）名单.unknown
2026-06-10 22:39:13 [INFO] 正在下载正文附件: 第五次抽样调查经费预算编制和使用说明.unknown
2026-06-10 22:39:13 [INFO] 正在下载正文附件: 第五次抽样调查督导方案.unknown
2026-06-10 22:39:14 [INFO] 正在下载正文附件: 第五次抽样调查抽中县（市、区）参与入户调查督导员、调查员相关费用发放明细表.unknown
2026-06-10 22:39:14 [INFO] 正在下载正文附件: 第五次抽样调查参与入户调查督导员、调查员相关费用发放省级汇总表.unknown
2026-06-10 22:39:15 [INFO] 正在下载正文附件: 第五次抽样调查抽中县（市、区）参与入户调查被访老年人礼品慰问金发放明细表.unknown
2026-06-10 22:39:15 [INFO] 正在下载正文附件: 第五次抽样调查参与入户调查被访老年人礼品慰问金发放省级汇总表.unknown
2026-06-10 22:39:15 [INFO] 正在下载正文附件: 第五次抽样调查抽中县（市、区）账户信息省级汇总表.unknown
2026-06-10 22:39:19 [INFO] 正在下载正文附件: WS_T 192—2021.unknown
2026-06-10 22:39:20 [INFO] 正在下载正文附件: WS_T 783—2021.unknown
2026-06-10 22:39:26 [INFO] 正在下载正文附件: WS_T 784—2021.unknown
2026-06-10 22:39:30 [INFO] 正在下载正文附件: WS_T 192—2021.unknown
2026-06-10 22:39:32 [INFO] 正在下载正文附件: WS_T 783—2021.unknown
2026-06-10 22:39:38 [INFO] 正在下载正文附件: WS_T 784—2021.unknown
2026-06-10 22:40:13 [INFO] 正在下载正文附件: 1.第五次中国城乡老年人生活状况抽样调查培训班报名回执表
2026-06-10 22:40:14 [INFO] 正在下载正文附件: 2.第五次抽样调查抽中县（市、区）名单
2026-06-10 22:40:15 [INFO] 正在下载正文附件: 3.培训地点交通路线信息
2026-06-10 22:41:04 [INFO] 正在下载正文附件: 全国“敬老文明号”创建和管理办法（2021年修订）.unknown
2026-06-10 22:41:09 [INFO] 正在下载正文附件: 职业健康领域改革措施.unknown
2026-06-10 22:41:09 [INFO] 正在下载正文附件: 公共卫生监督领域改革措施.unknown
2026-06-10 22:41:20 [INFO] 正在下载正文附件: 全国“敬老文明号”创建和管理办法（2021年修订）.unknown
2026-06-10 22:41:25 [INFO] 正在下载正文附件: 职业健康领域改革措施.unknown
2026-06-10 22:41:25 [INFO] 正在下载正文附件: 公共卫生监督领域改革措施.unknown
2026-06-10 22:42:08 [INFO] 正在下载正文附件: 抗肿瘤药物临床合理应用管理指标（2021年版）.unknown
2026-06-10 22:42:23 [INFO] 正在下载正文附件: 抗肿瘤药物临床合理应用管理指标（2021年版）.unknown
2026-06-10 22:42:46 [INFO] 正在下载正文附件: 营养与健康学校建设指南.unknown
2026-06-10 22:43:02 [INFO] 正在下载正文附件: 营养与健康学校建设指南.unknown
2026-06-10 22:43:15 [INFO] 正在下载正文附件: 附件1-0～6岁儿童眼保健及视力检查服务内容示意图.unknown
2026-06-10 22:43:17 [INFO] 正在下载正文附件: 附件2-0～6岁儿童眼保健及视力检查服务项目.unknown
2026-06-10 22:43:18 [INFO] 正在下载正文附件: 附件3-儿童眼健康档案.unknown
2026-06-10 22:43:22 [INFO] 正在下载正文附件: 附件4-0～6岁儿童眼保健及视力检查健康指导要点.unknown
2026-06-10 22:43:23 [INFO] 正在下载正文附件: 附件5-0～6岁儿童眼保健及视力检查转诊单.unknown
2026-06-10 22:43:24 [INFO] 正在下载正文附件: 附件6-0～6岁儿童眼保健及视力检查回执单.unknown
2026-06-10 22:43:24 [INFO] 正在下载正文附件: 附件7-0～6岁儿童眼保健及视力检查基本设备.unknown
2026-06-10 22:43:25 [INFO] 正在下载正文附件: 附件8-0～6岁儿童眼保健及视力检查结果异常登记表.unknown
2026-06-10 22:43:35 [INFO] 正在下载正文附件: 附件1-0～6岁儿童眼保健及视力检查服务内容示意图.unknown
2026-06-10 22:43:37 [INFO] 正在下载正文附件: 附件2-0～6岁儿童眼保健及视力检查服务项目.unknown
2026-06-10 22:43:38 [INFO] 正在下载正文附件: 附件3-儿童眼健康档案.unknown
2026-06-10 22:43:42 [INFO] 正在下载正文附件: 附件4-0～6岁儿童眼保健及视力检查健康指导要点.unknown
2026-06-10 22:43:43 [INFO] 正在下载正文附件: 附件5-0～6岁儿童眼保健及视力检查转诊单.unknown
2026-06-10 22:43:44 [INFO] 正在下载正文附件: 附件6-0～6岁儿童眼保健及视力检查回执单.unknown
2026-06-10 22:43:45 [INFO] 正在下载正文附件: 附件7-0～6岁儿童眼保健及视力检查基本设备.unknown
2026-06-10 22:43:46 [INFO] 正在下载正文附件: 附件8-0～6岁儿童眼保健及视力检查结果异常登记表.unknown
2026-06-10 22:43:51 [INFO] 正在下载正文附件: 加强脑卒中防治工作减少百万新发残疾工程综合方案.unknown
2026-06-10 22:43:55 [INFO] 正在下载正文附件: 加强脑卒中防治工作减少百万新发残疾工程综合方案.unknown
2026-06-10 22:44:58 [INFO] 正在下载正文附件: “十四五”期末巩固拓展健康扶贫成果主要指标.unknown
2026-06-10 22:45:03 [INFO] 正在下载正文附件: “十四五”期末巩固拓展健康扶贫成果主要指标.unknown
2026-06-10 22:45:16 [INFO] 正在下载正文附件: 打击非法医疗美容服务专项整治工作方案.unknown
2026-06-10 22:45:17 [INFO] 正在下载正文附件: 1645425911669_24702.docx
2026-06-10 22:45:32 [INFO] 正在下载正文附件: 打击非法医疗美容服务专项整治工作方案.unknown
2026-06-10 22:45:37 [INFO] 正在下载正文附件: 2021年度食品安全国家标准立项计划（征求意见稿）.unknown
2026-06-10 22:45:46 [INFO] 正在下载正文附件: 1732785994254_53749.doc
2026-06-10 22:45:47 [INFO] 正在下载正文附件: 第五批国家临床医学研究中心建设疾病领域_临床专科布局.unknown
2026-06-10 22:45:47 [INFO] 正在下载正文附件: 1732785994198_95833.doc
2026-06-10 22:45:47 [INFO] 正在下载正文附件: 国家临床医学研究中心申报书.unknown
2026-06-10 22:45:48 [INFO] 正在下载正文附件: 1732785994340_13302.doc
2026-06-10 22:45:48 [INFO] 正在下载正文附件: 有关附录Excel格式.unknown
2026-06-10 22:45:53 [INFO] 正在下载正文附件: 1732785994395_27801.doc
2026-06-10 22:45:53 [INFO] 正在下载正文附件: 证明材料清单.unknown
2026-06-10 22:45:54 [INFO] 正在下载正文附件: 1732785994181_75569.doc
2026-06-10 22:45:54 [INFO] 正在下载正文附件: 承诺书.unknown
2026-06-10 22:45:59 [INFO] 正在下载正文附件: 推进分级诊疗与医疗联合体建设工作专家组名单.unknown
2026-06-10 22:46:06 [INFO] 正在下载正文附件: 推进分级诊疗与医疗联合体建设工作专家组管理办法.unknown
2026-06-10 22:46:27 [INFO] 正在下载正文附件: 推进分级诊疗与医疗联合体建设工作专家组名单.unknown
2026-06-10 22:46:29 [INFO] 正在下载正文附件: 推进分级诊疗与医疗联合体建设工作专家组管理办法.unknown
2026-06-10 22:46:58 [INFO] 正在下载正文附件: 全国示范性老年友好型社区评分细则（试行）.unknown
2026-06-10 22:46:59 [INFO] 正在下载正文附件: 全国示范性老年友好型社区评分细则（试行）.unknown
2026-06-10 22:47:03 [INFO] 正在下载正文附件: 全国示范性老年友好型社区评分细则（试行）.unknown
2026-06-10 22:47:05 [INFO] 正在下载正文附件: 全国示范性老年友好型社区评分细则（试行）.unknown
2026-06-10 22:47:09 [INFO] 正在下载正文附件: 征求意见的食品安全国家标准目录.unknown
2026-06-10 22:47:14 [INFO] 正在下载正文附件: 0～6岁儿童眼保健核心知识问答.unknown
2026-06-10 22:47:37 [INFO] 正在下载正文附件: 全国县级妇幼卫生工作绩效考核标准（试行）.unknown
2026-06-10 22:47:46 [INFO] 正在下载正文附件: 各级妇幼保健机构编制标准（试行）.unknown
2026-06-10 22:47:50 [INFO] 正在下载正文附件: 全国县级妇幼卫生工作绩效考核标准（试行）.unknown
2026-06-10 22:48:00 [INFO] 正在下载正文附件: 各级妇幼保健机构编制标准（试行）.unknown
2026-06-10 22:48:05 [INFO] 正在下载正文附件: 功能构成示意图.unknown
2026-06-10 22:48:09 [INFO] 正在下载正文附件: 卫生通过示意图.unknown
2026-06-10 22:48:11 [INFO] 正在下载正文附件: 隔离房间平面示意图.unknown
2026-06-10 22:48:21 [INFO] 正在下载正文附件: 功能构成示意图.unknown
2026-06-10 22:48:23 [INFO] 正在下载正文附件: 卫生通过示意图.unknown
2026-06-10 22:48:25 [INFO] 正在下载正文附件: 隔离房间平面示意图.unknown
2026-06-10 22:48:37 [INFO] 正在下载正文附件: 《卫生健康统计工作管理办法（征求意见稿）》.unknown
2026-06-10 22:48:40 [INFO] 正在下载正文附件: 关于《卫生健康统计工作管理办法（征求意见稿）》的起草说明.unknown
2026-06-10 22:48:48 [INFO] 正在下载正文附件: 建立健全医院感染管理组织的暂行办法.unknown
2026-06-10 22:48:53 [INFO] 正在下载正文附件: 建立健全医院感染管理组织的暂行办法.unknown
2026-06-10 22:48:59 [INFO] 正在下载正文附件: 附件：教室（教学场所）采光和照明抽检结果汇总表.unknown
2026-06-10 22:49:02 [INFO] 正在下载正文附件: 1645425910033_31719.docx
2026-06-10 22:49:11 [INFO] 正在下载正文附件: 附件：教室（教学场所）采光和照明抽检结果汇总表.unknown
2026-06-10 22:49:19 [INFO] 正在下载正文附件: 2021年世界无烟日海报.unknown
2026-06-10 22:49:49 [ERROR] 正文附件下载失败: 2021年世界无烟日海报.unknown, 目标链接: https://www.nhc.gov.cn/wjw/c100175/202105/4ea57b4c5982475288190d4a271ef36c/files/1645425589256_53948.zip
2026-06-10 22:49:49 [INFO] 正在下载正文附件: 2021年世界无烟日折页.unknown
2026-06-10 22:50:19 [ERROR] 正文附件下载失败: 2021年世界无烟日折页.unknown, 目标链接: https://www.nhc.gov.cn/wjw/c100175/202105/4ea57b4c5982475288190d4a271ef36c/files/1645425589550_60237.rar
2026-06-10 22:50:23 [INFO] 正在下载正文附件: 2021年世界无烟日海报.unknown
2026-06-10 22:50:54 [ERROR] 正文附件下载失败: 2021年世界无烟日海报.unknown, 目标链接: https://www.nhc.gov.cn/guihuaxxs/c100133/202105/1c74eae6091d43df8cef8850512480cf/files/1733226036117_77906.zip
2026-06-10 22:50:54 [INFO] 正在下载正文附件: 2021年世界无烟日折页.unknown
2026-06-10 22:51:23 [ERROR] 正文附件下载失败: 2021年世界无烟日折页.unknown, 目标链接: https://www.nhc.gov.cn/guihuaxxs/c100133/202105/1c74eae6091d43df8cef8850512480cf/files/1733226036733_95413.rar
2026-06-10 22:51:28 [INFO] 正在下载正文附件: 第二批符合县医院医疗服务能力推荐标准的县医院名单.unknown
2026-06-10 22:51:33 [INFO] 正在下载正文附件: WS 670—2021.unknown
2026-06-10 22:51:39 [INFO] 正在下载正文附件: WS_T 778—2021.unknown
2026-06-10 22:51:46 [INFO] 正在下载正文附件: WST779—2021.unknown
2026-06-10 22:51:51 [INFO] 正在下载正文附件: WST780—2021.unknown
2026-06-10 22:51:57 [INFO] 正在下载正文附件: WST781—2021.unknown
2026-06-10 22:52:06 [INFO] 正在下载正文附件: 第二批符合县医院医疗服务能力推荐标准的县医院名单.unknown
2026-06-10 22:52:12 [INFO] 正在下载正文附件: WS 670—2021.unknown
2026-06-10 22:52:16 [INFO] 正在下载正文附件: WS_T 778—2021.unknown
2026-06-10 22:52:26 [INFO] 正在下载正文附件: WST779—2021.unknown
2026-06-10 22:52:32 [INFO] 正在下载正文附件: WST780—2021.unknown
2026-06-10 22:52:41 [INFO] 正在下载正文附件: WST781—2021.unknown
2026-06-10 22:52:50 [INFO] 正在下载正文附件: 新型冠状病毒肺炎防控方案（第八版）.unknown
2026-06-10 22:53:05 [INFO] 正在下载正文附件: 新型冠状病毒肺炎防控方案（第八版）.unknown
2026-06-10 22:53:25 [INFO] 正在下载正文附件: 儿童脑胶质瘤诊疗规范（2021年版）.unknown
2026-06-10 22:53:29 [INFO] 正在下载正文附件: 儿童髓母细胞瘤诊疗规范（2021年版）.unknown
2026-06-10 22:53:35 [INFO] 正在下载正文附件: 儿童颅咽管瘤诊疗规范（2021年版）.unknown
2026-06-10 22:53:38 [INFO] 正在下载正文附件: 儿童室管膜肿瘤诊疗规范（2021年版）.unknown
2026-06-10 22:53:43 [INFO] 正在下载正文附件: 儿童中枢神经系统生殖细胞肿瘤诊疗规范（2021年版）.unknown
2026-06-10 22:53:52 [INFO] 正在下载正文附件: 儿童颅外恶性生殖细胞肿瘤诊疗规范（2021年版）.unknown
2026-06-10 22:53:58 [INFO] 正在下载正文附件: 儿童及青少年鼻咽癌诊疗规范（2021年版）.unknown
2026-06-10 22:54:03 [INFO] 正在下载正文附件: 儿童甲状腺癌诊疗规范(2021年版).unknown
2026-06-10 22:54:11 [INFO] 正在下载正文附件: 儿童胸膜肺母细胞瘤诊疗规范（2021年版）.unknown
2026-06-10 22:54:18 [INFO] 正在下载正文附件: 儿童及青少年神经纤维瘤病诊疗规范（2021年版）.unknown
2026-06-10 22:54:24 [INFO] 正在下载正文附件: 儿童慢性活动性EB病毒感染诊疗规范（2021年版）.unknown
2026-06-10 22:54:31 [INFO] 正在下载正文附件: 儿童朗格罕细胞组织细胞增生症诊疗规范（2021年版）.unknown
2026-06-10 22:54:35 [INFO] 正在下载正文附件: 儿童自身免疫性溶血性贫血诊疗规范（2021年版）.unknown
2026-06-10 22:54:56 [INFO] 正在下载正文附件: 儿童脑胶质瘤诊疗规范（2021年版）.unknown
2026-06-10 22:54:58 [INFO] 正在下载正文附件: 儿童髓母细胞瘤诊疗规范（2021年版）.unknown
2026-06-10 22:55:02 [INFO] 正在下载正文附件: 儿童颅咽管瘤诊疗规范（2021年版）.unknown
2026-06-10 22:55:06 [INFO] 正在下载正文附件: 儿童室管膜肿瘤诊疗规范（2021年版）.unknown
2026-06-10 22:55:12 [INFO] 正在下载正文附件: 儿童中枢神经系统生殖细胞肿瘤诊疗规范（2021年版）.unknown
2026-06-10 22:55:16 [INFO] 正在下载正文附件: 儿童颅外恶性生殖细胞肿瘤诊疗规范（2021年版）.unknown
2026-06-10 22:55:21 [INFO] 正在下载正文附件: 儿童及青少年鼻咽癌诊疗规范（2021年版）.unknown
2026-06-10 22:55:28 [INFO] 正在下载正文附件: 儿童甲状腺癌诊疗规范(2021年版).unknown
2026-06-10 22:55:34 [INFO] 正在下载正文附件: 儿童胸膜肺母细胞瘤诊疗规范（2021年版）.unknown
2026-06-10 22:55:41 [INFO] 正在下载正文附件: 儿童及青少年神经纤维瘤病诊疗规范（2021年版）.unknown
2026-06-10 22:55:48 [INFO] 正在下载正文附件: 儿童慢性活动性EB病毒感染诊疗规范（2021年版）.unknown
2026-06-10 22:55:55 [INFO] 正在下载正文附件: 儿童朗格罕细胞组织细胞增生症诊疗规范（2021年版）.unknown
2026-06-10 22:55:59 [INFO] 正在下载正文附件: 儿童自身免疫性溶血性贫血诊疗规范（2021年版）.unknown
2026-06-10 22:56:48 [INFO] 正在下载正文附件: 第一届国家医疗器械临床使用专家委员会名单.unknown
2026-06-10 22:56:56 [INFO] 正在下载正文附件: 第一届国家医疗器械临床使用专家委员会名单.unknown
2026-06-10 22:57:08 [INFO] 正在下载正文附件: 有阳光 有未来·防控近视科普常识1.unknown
2026-06-10 22:57:38 [ERROR] 正文附件下载失败: 有阳光 有未来·防控近视科普常识1.unknown, 目标链接: https://www.nhc.gov.cn/jkj/c100063/202105/cde0a2fe89984692a06f74c7073bb4fe/files/1734001547264_13081.pdf
2026-06-10 22:57:38 [INFO] 正在下载正文附件: 有阳光 有未来·防控近视科普常识2.unknown
2026-06-10 22:58:08 [ERROR] 正文附件下载失败: 有阳光 有未来·防控近视科普常识2.unknown, 目标链接: https://www.nhc.gov.cn/jkj/c100063/202105/cde0a2fe89984692a06f74c7073bb4fe/files/1734001547390_95777.pdf
2026-06-10 22:58:27 [INFO] >>> 开始爬取栏目：工作通知
2026-06-10 22:58:29 [INFO] 列表页请求成功：https://www.nhc.gov.cn/wjw/gztz/list.shtml，状态码：200
2026-06-10 22:58:29 [INFO] 栏目 [工作通知] 第 1 页解析到 24 条
2026-06-10 22:58:31 [INFO] 列表页请求成功：https://www.nhc.gov.cn/wjw/gztz/list_2.shtml，状态码：200
2026-06-10 22:58:31 [INFO] 栏目 [工作通知] 第 2 页解析到 24 条
2026-06-10 22:58:33 [INFO] 列表页请求成功：https://www.nhc.gov.cn/wjw/gztz/list_3.shtml，状态码：200
2026-06-10 22:58:33 [INFO] 栏目 [工作通知] 第 3 页解析到 24 条
2026-06-10 22:58:35 [INFO] 列表页请求成功：https://www.nhc.gov.cn/wjw/gztz/list_4.shtml，状态码：200
2026-06-10 22:58:35 [INFO] 栏目 [工作通知] 第 4 页解析到 23 条
2026-06-10 22:58:37 [INFO] 列表页请求成功：https://www.nhc.gov.cn/wjw/gztz/list_5.shtml，状态码：200
2026-06-10 22:58:37 [INFO] 栏目 [工作通知] 第 5 页解析到 24 条
2026-06-10 22:58:39 [INFO] 列表页请求成功：https://www.nhc.gov.cn/wjw/gztz/list_6.shtml，状态码：200
2026-06-10 22:58:39 [INFO] 栏目 [工作通知] 第 6 页解析到 24 条
2026-06-10 22:58:41 [INFO] 列表页请求成功：https://www.nhc.gov.cn/wjw/gztz/list_7.shtml，状态码：200
2026-06-10 22:58:41 [INFO] 栏目 [工作通知] 第 7 页解析到 1 条
2026-06-10 22:58:43 [INFO] 列表页请求成功：https://www.nhc.gov.cn/wjw/gztz/list_8.shtml，状态码：200
2026-06-10 22:58:43 [INFO] 栏目 [工作通知] 第 8 页解析到 0 条
2026-06-10 22:58:43 [INFO] 栏目 [工作通知] 当前页未解析到任何数据，自动判断已达最后一页，停止翻页！
2026-06-10 22:58:49 [INFO] 正在下载正文附件: 第39个世界无烟日主题海报.unknown
2026-06-10 22:59:01 [INFO] 正在下载正文附件: 县域白内障手术技术指导原则.unknown
2026-06-10 22:59:02 [INFO] 正在下载正文附件: 白内障手术及围手术期医疗安全核查要点.unknown
2026-06-10 22:59:11 [INFO] 正在下载正文附件: 附件1.成人脑卒中食养指南（2026年版）
2026-06-10 22:59:16 [INFO] 正在下载正文附件: 附件2.成人脑卒中食养指南（2026年版）问答
2026-06-10 22:59:22 [INFO] 正在下载正文附件: 附件3.成人骨质疏松症食养指南（2026年版）
2026-06-10 22:59:30 [INFO] 正在下载正文附件: 附件4.成人骨质疏松症食养指南（2026年版）问答
2026-06-10 22:59:36 [INFO] 正在下载正文附件: 附件5.成人肌少症食养指南（2026年版）
2026-06-10 22:59:46 [INFO] 正在下载正文附件: 附件6.成人肌少症食养指南（2026年版）问答
2026-06-10 22:59:59 [INFO] 正在下载正文附件: 1776655610412_42408.doc
2026-06-10 23:00:00 [INFO] 正在下载正文附件: 1.2026年《职业病防治法》宣传周推荐宣传用语
2026-06-10 23:00:00 [INFO] 正在下载正文附件: 2.2026年《职业病防治法》宣传周海报
2026-06-10 23:00:30 [ERROR] 正文附件下载失败: 2.2026年《职业病防治法》宣传周海报, 目标链接: https://www.nhc.gov.cn/zyjks/c100152/202604/108631443e034896995ac2c1a7e24b55/files/2.2026年《职业病防治法》宣传周海报.zip
2026-06-10 23:00:30 [INFO] 正在下载正文附件: 3.2026年《职业病防治法》宣传周活动情况统计表
2026-06-10 23:00:31 [INFO] 正在下载正文附件: 1776655597844_10121.doc
2026-06-10 23:00:39 [INFO] 正在下载正文附件: 原发性肝癌诊疗指南（2026年版）.unknown
2026-06-10 23:01:28 [ERROR] 正文附件下载失败: 原发性肝癌诊疗指南（2026年版）.unknown, 目标链接: https://www.nhc.gov.cn/yzygj/c100067/202604/3371c9cb2f7f4f55b18c709ff2c53ab8/files/原发性肝癌诊疗指南（2026版）.pdf
2026-06-10 23:01:46 [INFO] 正在下载正文附件: 健康知识普及行动—2025年新时代健康科普作品征集活动优秀作品名单.unknown
2026-06-10 23:01:47 [INFO] 正在下载正文附件: 通报表扬单位名单.unknown
2026-06-10 23:01:53 [INFO] 正在下载正文附件: 化工等行业领域职业病危害工程防护先进适宜技术装备名单（2025年版）.unknown
2026-06-10 23:02:20 [INFO] 正在下载正文附件: 附件-2025年国家医疗队巡回医疗地区分布表.unknown
2026-06-10 23:02:27 [INFO] 正在下载正文附件: 1.卫生健康行业经济管理领军人才培养计划实施方案(2025版)
2026-06-10 23:02:29 [INFO] 正在下载正文附件: 2.第七批卫生健康行业经济管理领军人才培养申请表
2026-06-10 23:02:30 [INFO] 正在下载正文附件: 3.第七批卫生健康行业经济管理领军人才选拔考试报名汇总表
2026-06-10 23:02:30 [INFO] 正在下载正文附件: 4.第七批卫生健康行业经济管理领军人才推荐人选指标表
2026-06-10 23:02:55 [INFO] 正在下载正文附件: 5G+医疗健康应用试点全国优秀项目名单-v2.unknown
2026-06-10 23:03:05 [INFO] 正在下载正文附件: 5G+医疗健康应用试点通过验收项目名单-v2.unknown
2026-06-10 23:03:27 [INFO] 正在下载正文附件: 成人体外膜肺氧合技术操作规范（2024年版）.unknown
2026-06-10 23:03:35 [INFO] 正在下载正文附件: 附件：公立医院运营管理业财融合典型案例.unknown
2026-06-10 23:03:40 [INFO] 正在下载正文附件: 卫生健康行业人工智能应用场景参考指引.unknown
2026-06-10 23:03:58 [INFO] 正在下载正文附件: 附件：2024年国家医疗队巡回医疗地区分布表.unknown
2026-06-10 23:04:03 [INFO] 正在下载正文附件: 2024年“全国爱牙日”宣传海报.unknown
2026-06-10 23:04:05 [INFO] 正在下载正文附件: 全生命周期口腔保健核心信息.unknown
2026-06-10 23:04:20 [INFO] 正在下载正文附件: 2024年世界母乳喂养周宣传材料-主题海报.unknown
2026-06-10 23:04:50 [ERROR] 正文附件下载失败: 2024年世界母乳喂养周宣传材料-主题海报.unknown, 目标链接: https://www.nhc.gov.cn/fys/c100078/202407/b592cbcdc57e4d8a9f6c3901a7257dc7/files/1732845762124_85602.pdf
2026-06-10 23:05:30 [INFO] 正在下载正文附件: 1.第三批健康企业建设行政推广优秀案例名单
2026-06-10 23:06:00 [ERROR] 正文附件下载失败: 1.第三批健康企业建设行政推广优秀案例名单, 目标链接: https://www.nhc.gov.cn/zyjks/c100153/202405/54bb72427dff4dd286746959907330a4/files/1733126714688_99739.pdf
2026-06-10 23:06:00 [INFO] 正在下载正文附件: 2.第三批健康企业建设优秀案例名单
2026-06-10 23:06:30 [ERROR] 正文附件下载失败: 2.第三批健康企业建设优秀案例名单, 目标链接: https://www.nhc.gov.cn/zyjks/c100153/202405/54bb72427dff4dd286746959907330a4/files/1733126715287_22188.pdf
2026-06-10 23:06:39 [INFO] 正在下载正文附件: 1.职业卫生技术服务机构资质认可程序
2026-06-10 23:06:40 [INFO] 正在下载正文附件: 2.职业卫生技术服务机构资质认可技术评审准则
2026-06-10 23:07:05 [INFO] 正在下载正文附件: 1.2024年《职业病防治法》宣传周推荐宣传用语
2026-06-10 23:07:05 [INFO] 正在下载正文附件: 2.2024年《职业病防治法》宣传周活动情况统计表
2026-06-10 23:07:06 [INFO] 正在下载正文附件: 3.2024年《职业病防治法》宣传周海报
2026-06-10 23:07:36 [ERROR] 正文附件下载失败: 3.2024年《职业病防治法》宣传周海报, 目标链接: https://www.nhc.gov.cn/zyjks/c100153/202404/b9614ca93e644e988c2a85084596e741/files/1733126701522_62812.zip
2026-06-10 23:07:42 [INFO] 正在下载正文附件: 2024年全国肿瘤防治宣传周宣传海报（竖版）.unknown
2026-06-10 23:08:12 [ERROR] 正文附件下载失败: 2024年全国肿瘤防治宣传周宣传海报（竖版）.unknown, 目标链接: https://www.nhc.gov.cn/ylyjs/gzdt/202403/dcb1929e3f1046ff97950d1b7b122bd8/files/1733882228126_10839.pdf
2026-06-10 23:08:12 [INFO] 正在下载正文附件: 2024年全国肿瘤防治宣传周宣传海报（横版）.unknown
2026-06-10 23:08:43 [ERROR] 正文附件下载失败: 2024年全国肿瘤防治宣传周宣传海报（横版）.unknown, 目标链接: https://www.nhc.gov.cn/ylyjs/gzdt/202403/dcb1929e3f1046ff97950d1b7b122bd8/files/1733882228496_69142.pdf
2026-06-10 23:09:02 [INFO] 正在下载正文附件: 第二十五次全国爱耳日宣传教育活动宣传口号.unknown
2026-06-10 23:09:12 [INFO] 正在下载正文附件: 1.健康中国行动知行大赛家庭专场赛程设置
2026-06-10 23:09:13 [INFO] 正在下载正文附件: 2.健康中国行动知行大赛全国题库建设要求
2026-06-10 23:09:15 [INFO] 正在下载正文附件: 3.健康中国行动知行大赛家庭专场战队选拔要求
2026-06-10 23:09:35 [INFO] 正在下载正文附件: 2023年世界母乳喂养周宣传材料-主题海报.unknown
2026-06-10 23:10:05 [ERROR] 正文附件下载失败: 2023年世界母乳喂养周宣传材料-主题海报.unknown, 目标链接: https://www.nhc.gov.cn/fys/c100078/202307/507c9705b726469d9eb20729ce08d73f/files/1732845697745_18885.pdf
2026-06-10 23:10:26 [INFO] 正在下载正文附件: 2023年《职业病防治法》宣传周推荐宣传用语.unknown
2026-06-10 23:10:26 [INFO] 正在下载正文附件: 2023年《职业病防治法》宣传周活动情况统计表.unknown
2026-06-10 23:10:27 [INFO] 正在下载正文附件: 2023年《职业病防治法》宣传周海报.unknown
2026-06-10 23:10:57 [ERROR] 正文附件下载失败: 2023年《职业病防治法》宣传周海报.unknown, 目标链接: https://www.nhc.gov.cn/zyjks/c100153/202304/cbfcce34212044aaa490a406ed09d970/files/1733126737119_81710.zip
2026-06-10 23:11:20 [INFO] 正在下载正文附件: 职业健康领域改革措施.unknown
2026-06-10 23:11:21 [INFO] 正在下载正文附件: 公共卫生监督领域改革措施.unknown
2026-06-10 23:11:55 [INFO] 正在下载正文附件: 出生缺陷防治科普作品征集大赛图片类获奖及优秀作品名单.unknown
2026-06-10 23:11:56 [INFO] 正在下载正文附件: 出生缺陷防治科普作品征集大赛视频类获奖及优秀作品名单.unknown
2026-06-10 23:11:57 [INFO] 正在下载正文附件: 出生缺陷防治科普作品征集大赛文章类获奖及优秀作品名单.unknown
2026-06-10 23:11:59 [INFO] 正在下载正文附件: 出生缺陷防治科普作品征集大赛最具人气奖作品名单.unknown
2026-06-10 23:12:00 [INFO] 正在下载正文附件: 出生缺陷防治科普作品征集大赛优秀组织奖单位名单.unknown
2026-06-10 23:12:01 [INFO] 正在下载正文附件: 出生缺陷防治科普作品征集大赛特别贡献奖单位名单.unknown
2026-06-10 23:12:28 [INFO] 正在下载正文附件: “民营医院管理年”活动方案.unknown
2026-06-10 23:12:40 [INFO] 正在下载正文附件: 国家卫生健康委员会办公厅关于下达2020年度卫生健康标准项目计划的通知.unknown
2026-06-10 23:13:39 [INFO] 正在下载正文附件: 无障碍环境创建工作检查表（市）.unknown
2026-06-10 23:13:40 [INFO] 正在下载正文附件: 无障碍环境创建工作检查表（县、镇）.unknown
2026-06-10 23:13:40 [INFO] 正在下载正文附件: 无障碍环境创建工作检查表（乡村）.unknown
2026-06-10 23:13:41 [INFO] 正在下载正文附件: 示范市县村镇检查项目清单.unknown
2026-06-10 23:14:01 [INFO] 正在下载正文附件: 健康科普作品线上报名流程.unknown
2026-06-10 23:14:02 [INFO] 正在下载正文附件: 健康科普作品线上审核流程.unknown
2026-06-10 23:14:02 [INFO] 正在下载正文附件: 健康科普作品（非网络账号类）报名表.unknown
2026-06-10 23:14:03 [INFO] 正在下载正文附件: 健康科普作品（网络账号类）报名表.unknown
2026-06-10 23:14:12 [INFO] 正在下载正文附件: 主题宣传海报.unknown
2026-06-10 23:14:42 [ERROR] 正文附件下载失败: 主题宣传海报.unknown, 目标链接: https://www.nhc.gov.cn/fys/c100078/202007/35c8b5dc29604d2d9e7d69256d5a847c/files/1732845261864_11751.pdf
2026-06-10 23:14:42 [INFO] 正在下载正文附件: 主题释义海报.unknown
2026-06-10 23:15:12 [INFO] 正在下载正文附件: 主题标志.unknown
2026-06-10 23:15:17 [INFO] 正在下载正文附件: 全国抗菌药物临床应用监测网技术方案.unknown
2026-06-10 23:15:18 [INFO] 正在下载正文附件: 全国抗菌药物临床应用监测网和细菌耐药监测网儿童工作组核心成员单位名单（第一批）.unknown
2026-06-10 23:15:18 [INFO] 正在下载正文附件: 全国抗菌药物临床应用监测网儿童工作组核心成员单位数据上技术方案.unknown
2026-06-10 23:15:19 [INFO] 正在下载正文附件: 全国细菌耐药监测网技术方案.unknown
2026-06-10 23:15:32 [INFO] 正在下载正文附件: 妇幼保健机构绩效考核指标（2020年版）.unknown
2026-06-10 23:15:37 [INFO] 正在下载正文附件: 2020年中华医学会Ⅰ类学分继续医学教育项目（第二批）（网上公布）.unknown
2026-06-10 23:15:38 [INFO] 正在下载正文附件: 2020年中华预防医学会Ⅰ类学分继续医学教育项目（第二批）（网上公布）.unknown
2026-06-10 23:15:38 [INFO] 正在下载正文附件: 2020年中华护理学会Ⅰ类学分继续教育项目（第二批）（网上公布）.unknown
2026-06-10 23:15:38 [INFO] 正在下载正文附件: 2020年中华口腔医学会Ⅰ类学分继续医学教育项目（第二批）（网上公布）.unknown
2026-06-10 23:15:39 [INFO] 正在下载正文附件: 2020年中国医院协会Ⅰ类学分继续医学教育项目（第二批）（网上公布）.unknown
2026-06-10 23:15:39 [INFO] 正在下载正文附件: 2020年中国医师协会Ⅰ类学分继续医学教育项目（第二批）（网上公布）.unknown
2026-06-10 23:15:39 [INFO] 正在下载正文附件: 各省、自治区、直辖市继续医学教育委员会地址及联系方式.unknown
2026-06-10 23:15:43 [INFO] 正在下载正文附件: 智慧健康养老应用试点示范申报书（示范企业）.unknown
2026-06-10 23:15:44 [INFO] 正在下载正文附件: 智慧健康养老应用试点示范申报书〔示范街道（乡镇）〕.unknown
2026-06-10 23:15:45 [INFO] 正在下载正文附件: 智慧健康养老应用试点示范申报书（示范基地）.unknown
2026-06-10 23:16:06 [INFO] 正在下载正文附件: 县医院医疗服务能力调查操作手册.unknown
2026-06-10 23:16:31 [INFO] 正在下载正文附件: 全国敬老爱老助老活动评选表彰名额分配表.unknown
2026-06-10 23:16:32 [INFO] 正在下载正文附件: 全国“敬老文明号”申报表.unknown
2026-06-10 23:16:32 [INFO] 正在下载正文附件: 全国“敬老爱老助老模范人物”申报表.unknown
2026-06-10 23:16:33 [INFO] 正在下载正文附件: 全国“敬老文明号”推荐申报汇总表.unknown
2026-06-10 23:16:33 [INFO] 正在下载正文附件: 全国“敬老爱老助老模范人物”推荐申报汇总表.unknown
2026-06-10 23:16:34 [INFO] 正在下载正文附件: 第一、二届全国“敬老文明号”考核情况表.unknown
2026-06-10 23:16:34 [INFO] 正在下载正文附件: 全国老龄办关于开展第三届全国“敬老文明号”创建活动的通知（全国老龄办发〔2017〕40号.unknown
2026-06-10 23:16:47 [INFO] 正在下载正文附件: 粉尘危害专项治理工作“回头看”情况汇总表.unknown
2026-06-10 23:17:03 [INFO] 正在下载正文附件: 绩效考核四级手术条目新增建议申请表（医院）.unknown
2026-06-10 23:17:03 [INFO] 正在下载正文附件: 绩效考核微创手术条目新增建议申请表（医院）.unknown
2026-06-10 23:17:04 [INFO] 正在下载正文附件: 绩效考核四级手术目录修订建议申请表（省级）.unknown
2026-06-10 23:17:04 [INFO] 正在下载正文附件: 绩效考核微创手术目录新增建议申请表（省级）.unknown
2026-06-10 23:17:09 [INFO] 正在下载正文附件: 委预算单位第二期经济管理后备领军人才毕业人员名单.unknown
2026-06-10 23:17:32 [INFO] 正在下载正文附件: 2019年第二轮甲类大型医用设备配置许可申报须知.unknown
2026-06-10 23:17:38 [INFO] 正在下载正文附件: 附件1：甲类大型医用设备配置审批服务指南.unknown
2026-06-10 23:17:54 [INFO] 正在下载正文附件: 附件2：甲类大型医用设备配置许可申报须知.unknown
2026-06-10 23:18:03 [INFO] 正在下载正文附件: 附件3：甲类大型医用设备配置许可评审标准.unknown
2026-06-10 23:18:33 [ERROR] 正文附件下载失败: 附件3：甲类大型医用设备配置许可评审标准.unknown, 目标链接: https://www.nhc.gov.cn/caiwusi/c100043/201905/a82c9c1eb6324c65bc25223acaed040c/files/1733222712647_68585.pdf
2026-06-10 23:18:46 [INFO] 正在下载正文附件: 2018年第五批卫生健康行业经济管理领军人才选拔面试名单.unknown
2026-06-10 23:18:55 [INFO] 正在下载正文附件: 卫生健康行业经济管理领军人才培养计划实施方案（2018版）.unknown
2026-06-10 23:18:55 [INFO] 正在下载正文附件: 第五批卫生健康行业经济管理领军人才培养申请表.unknown
2026-06-10 23:18:56 [INFO] 正在下载正文附件: 第五批卫生健康行业经济管理领军人才选拔考试报名汇总表.unknown
2026-06-10 23:18:56 [INFO] 正在下载正文附件: 4.第五批卫生健康行业经济管理领军人才各省份笔试人选指标汇总表
2026-06-10 23:19:12 [INFO] 正在下载正文附件: 附件：国家卫生计生委2016年委预算单位国有资产清查工作通报表扬名单.unknown
2026-06-10 23:19:19 [INFO] 正在下载正文附件: 附件 国家卫生计生委第一期卫生计生行业经济管理领军人才毕业人员名单.unknown
2026-06-10 23:19:29 [INFO] 正在下载正文附件: 第四批卫生计生行业经济管理领军人才培养学员名单.unknown
2026-06-10 23:19:34 [INFO] 正在下载正文附件: 第四批卫生计生行业经济管理领军人才选拔拟面试名单.unknown
2026-06-10 23:19:38 [INFO] 正在下载正文附件: 2017年第四批卫生计生行业经济管理领军人才笔试名单.unknown
2026-06-10 23:19:39 [INFO] 正在下载正文附件: 2017年第四批卫生计生行业经济管理领军人才不符合报名条件名单.unknown
2026-06-10 23:19:48 [INFO] 正在下载正文附件: 第二期卫生计生行业经济管理后备领军人才培养学员名单.unknown
2026-06-10 23:19:53 [INFO] >>> 开始爬取栏目：政策法规
2026-06-10 23:19:55 [INFO] 列表页请求成功：https://www.nhc.gov.cn/wjw/zcfg/list.shtml，状态码：200
2026-06-10 23:19:55 [INFO] 栏目 [政策法规] 第 1 页解析到 24 条
2026-06-10 23:19:57 [INFO] 列表页请求成功：https://www.nhc.gov.cn/wjw/zcfg/list_2.shtml，状态码：200
2026-06-10 23:19:57 [INFO] 栏目 [政策法规] 第 2 页解析到 24 条
2026-06-10 23:19:59 [INFO] 列表页请求成功：https://www.nhc.gov.cn/wjw/zcfg/list_3.shtml，状态码：200
2026-06-10 23:19:59 [INFO] 栏目 [政策法规] 第 3 页解析到 24 条
2026-06-10 23:20:01 [INFO] 列表页请求成功：https://www.nhc.gov.cn/wjw/zcfg/list_4.shtml，状态码：200
2026-06-10 23:20:01 [INFO] 栏目 [政策法规] 第 4 页解析到 24 条
2026-06-10 23:20:02 [INFO] 列表页请求成功：https://www.nhc.gov.cn/wjw/zcfg/list_5.shtml，状态码：200
2026-06-10 23:20:02 [INFO] 栏目 [政策法规] 第 5 页解析到 24 条
2026-06-10 23:20:04 [INFO] 列表页请求成功：https://www.nhc.gov.cn/wjw/zcfg/list_6.shtml，状态码：200
2026-06-10 23:20:04 [INFO] 栏目 [政策法规] 第 6 页解析到 23 条
2026-06-10 23:20:06 [INFO] 列表页请求成功：https://www.nhc.gov.cn/wjw/zcfg/list_7.shtml，状态码：200
2026-06-10 23:20:06 [INFO] 栏目 [政策法规] 第 7 页解析到 24 条
2026-06-10 23:20:08 [INFO] 列表页请求成功：https://www.nhc.gov.cn/wjw/zcfg/list_8.shtml，状态码：200
2026-06-10 23:20:08 [INFO] 栏目 [政策法规] 第 8 页解析到 24 条
2026-06-10 23:20:10 [INFO] 列表页请求成功：https://www.nhc.gov.cn/wjw/zcfg/list_9.shtml，状态码：200
2026-06-10 23:20:10 [INFO] 栏目 [政策法规] 第 9 页解析到 24 条
2026-06-10 23:20:12 [INFO] 列表页请求成功：https://www.nhc.gov.cn/wjw/zcfg/list_10.shtml，状态码：200
2026-06-10 23:20:12 [INFO] 栏目 [政策法规] 第 10 页解析到 24 条
2026-06-10 23:20:14 [INFO] 列表页请求成功：https://www.nhc.gov.cn/wjw/zcfg/list_11.shtml，状态码：200
2026-06-10 23:20:14 [INFO] 栏目 [政策法规] 第 11 页解析到 24 条
2026-06-10 23:20:16 [INFO] 列表页请求成功：https://www.nhc.gov.cn/wjw/zcfg/list_12.shtml，状态码：200
2026-06-10 23:20:16 [INFO] 栏目 [政策法规] 第 12 页解析到 24 条
2026-06-10 23:20:18 [INFO] 列表页请求成功：https://www.nhc.gov.cn/wjw/zcfg/list_13.shtml，状态码：200
2026-06-10 23:20:18 [INFO] 栏目 [政策法规] 第 13 页解析到 24 条
2026-06-10 23:20:20 [INFO] 列表页请求成功：https://www.nhc.gov.cn/wjw/zcfg/list_14.shtml，状态码：200
2026-06-10 23:20:20 [INFO] 栏目 [政策法规] 第 14 页解析到 24 条
2026-06-10 23:20:22 [INFO] 列表页请求成功：https://www.nhc.gov.cn/wjw/zcfg/list_15.shtml，状态码：200
2026-06-10 23:20:22 [INFO] 栏目 [政策法规] 第 15 页解析到 24 条
2026-06-10 23:20:23 [INFO] 列表页请求成功：https://www.nhc.gov.cn/wjw/zcfg/list_16.shtml，状态码：200
2026-06-10 23:20:23 [INFO] 栏目 [政策法规] 第 16 页解析到 24 条
2026-06-10 23:20:25 [INFO] 列表页请求成功：https://www.nhc.gov.cn/wjw/zcfg/list_17.shtml，状态码：200
2026-06-10 23:20:25 [INFO] 栏目 [政策法规] 第 17 页解析到 24 条
2026-06-10 23:20:27 [INFO] 列表页请求成功：https://www.nhc.gov.cn/wjw/zcfg/list_18.shtml，状态码：200
2026-06-10 23:20:27 [INFO] 栏目 [政策法规] 第 18 页解析到 24 条
2026-06-10 23:20:29 [INFO] 列表页请求成功：https://www.nhc.gov.cn/wjw/zcfg/list_19.shtml，状态码：200
2026-06-10 23:20:29 [INFO] 栏目 [政策法规] 第 19 页解析到 24 条
2026-06-10 23:20:31 [INFO] 列表页请求成功：https://www.nhc.gov.cn/wjw/zcfg/list_20.shtml，状态码：200
2026-06-10 23:20:31 [INFO] 栏目 [政策法规] 第 20 页解析到 24 条
2026-06-10 23:20:33 [INFO] 列表页请求成功：https://www.nhc.gov.cn/wjw/zcfg/list_21.shtml，状态码：200
2026-06-10 23:20:33 [INFO] 栏目 [政策法规] 第 21 页解析到 24 条
2026-06-10 23:20:35 [INFO] 列表页请求成功：https://www.nhc.gov.cn/wjw/zcfg/list_22.shtml，状态码：200
2026-06-10 23:20:35 [INFO] 栏目 [政策法规] 第 22 页解析到 24 条
2026-06-10 23:20:37 [INFO] 列表页请求成功：https://www.nhc.gov.cn/wjw/zcfg/list_23.shtml，状态码：200
2026-06-10 23:20:37 [INFO] 栏目 [政策法规] 第 23 页解析到 24 条
2026-06-10 23:20:39 [INFO] 列表页请求成功：https://www.nhc.gov.cn/wjw/zcfg/list_24.shtml，状态码：200
2026-06-10 23:20:39 [INFO] 栏目 [政策法规] 第 24 页解析到 24 条
2026-06-10 23:20:40 [INFO] 列表页请求成功：https://www.nhc.gov.cn/wjw/zcfg/list_25.shtml，状态码：200
2026-06-10 23:20:40 [INFO] 栏目 [政策法规] 第 25 页解析到 24 条
2026-06-10 23:20:42 [INFO] 列表页请求成功：https://www.nhc.gov.cn/wjw/zcfg/list_26.shtml，状态码：200
2026-06-10 23:20:42 [INFO] 栏目 [政策法规] 第 26 页解析到 24 条
2026-06-10 23:20:44 [INFO] 列表页请求成功：https://www.nhc.gov.cn/wjw/zcfg/list_27.shtml，状态码：200
2026-06-10 23:20:44 [INFO] 栏目 [政策法规] 第 27 页解析到 24 条
2026-06-10 23:20:46 [INFO] 列表页请求成功：https://www.nhc.gov.cn/wjw/zcfg/list_28.shtml，状态码：200
2026-06-10 23:20:46 [INFO] 栏目 [政策法规] 第 28 页解析到 24 条
2026-06-10 23:20:48 [INFO] 列表页请求成功：https://www.nhc.gov.cn/wjw/zcfg/list_29.shtml，状态码：200
2026-06-10 23:20:48 [INFO] 栏目 [政策法规] 第 29 页解析到 24 条
2026-06-10 23:20:50 [INFO] 列表页请求成功：https://www.nhc.gov.cn/wjw/zcfg/list_30.shtml，状态码：200
2026-06-10 23:20:50 [INFO] 栏目 [政策法规] 第 30 页解析到 24 条
2026-06-10 23:20:52 [INFO] 列表页请求成功：https://www.nhc.gov.cn/wjw/zcfg/list_31.shtml，状态码：200
2026-06-10 23:20:52 [INFO] 栏目 [政策法规] 第 31 页解析到 24 条
2026-06-10 23:20:54 [INFO] 列表页请求成功：https://www.nhc.gov.cn/wjw/zcfg/list_32.shtml，状态码：200
2026-06-10 23:20:54 [INFO] 栏目 [政策法规] 第 32 页解析到 24 条
2026-06-10 23:20:55 [INFO] 列表页请求成功：https://www.nhc.gov.cn/wjw/zcfg/list_33.shtml，状态码：200
2026-06-10 23:20:55 [INFO] 栏目 [政策法规] 第 33 页解析到 24 条
2026-06-10 23:20:57 [INFO] 列表页请求成功：https://www.nhc.gov.cn/wjw/zcfg/list_34.shtml，状态码：200
2026-06-10 23:20:57 [INFO] 栏目 [政策法规] 第 34 页解析到 24 条
2026-06-10 23:20:59 [INFO] 列表页请求成功：https://www.nhc.gov.cn/wjw/zcfg/list_35.shtml，状态码：200
2026-06-10 23:20:59 [INFO] 栏目 [政策法规] 第 35 页解析到 24 条
2026-06-10 23:21:01 [INFO] 列表页请求成功：https://www.nhc.gov.cn/wjw/zcfg/list_36.shtml，状态码：200
2026-06-10 23:21:01 [INFO] 栏目 [政策法规] 第 36 页解析到 24 条
2026-06-10 23:21:03 [INFO] 列表页请求成功：https://www.nhc.gov.cn/wjw/zcfg/list_37.shtml，状态码：200
2026-06-10 23:21:03 [INFO] 栏目 [政策法规] 第 37 页解析到 24 条
2026-06-10 23:21:05 [INFO] 列表页请求成功：https://www.nhc.gov.cn/wjw/zcfg/list_38.shtml，状态码：200
2026-06-10 23:21:05 [INFO] 栏目 [政策法规] 第 38 页解析到 24 条
2026-06-10 23:21:06 [INFO] 列表页请求成功：https://www.nhc.gov.cn/wjw/zcfg/list_39.shtml，状态码：200
2026-06-10 23:21:06 [INFO] 栏目 [政策法规] 第 39 页解析到 24 条
2026-06-10 23:21:08 [INFO] 列表页请求成功：https://www.nhc.gov.cn/wjw/zcfg/list_40.shtml，状态码：200
2026-06-10 23:21:08 [INFO] 栏目 [政策法规] 第 40 页解析到 24 条
2026-06-10 23:21:10 [INFO] 列表页请求成功：https://www.nhc.gov.cn/wjw/zcfg/list_41.shtml，状态码：200
2026-06-10 23:21:10 [INFO] 栏目 [政策法规] 第 41 页解析到 24 条
2026-06-10 23:21:12 [INFO] 列表页请求成功：https://www.nhc.gov.cn/wjw/zcfg/list_42.shtml，状态码：200
2026-06-10 23:21:12 [INFO] 栏目 [政策法规] 第 42 页解析到 24 条
2026-06-10 23:21:14 [INFO] 列表页请求成功：https://www.nhc.gov.cn/wjw/zcfg/list_43.shtml，状态码：200
2026-06-10 23:21:14 [INFO] 栏目 [政策法规] 第 43 页解析到 24 条
2026-06-10 23:21:16 [INFO] 列表页请求成功：https://www.nhc.gov.cn/wjw/zcfg/list_44.shtml，状态码：200
2026-06-10 23:21:16 [INFO] 栏目 [政策法规] 第 44 页解析到 24 条
2026-06-10 23:21:18 [INFO] 列表页请求成功：https://www.nhc.gov.cn/wjw/zcfg/list_45.shtml，状态码：200
2026-06-10 23:21:18 [INFO] 栏目 [政策法规] 第 45 页解析到 24 条
2026-06-10 23:21:20 [INFO] 列表页请求成功：https://www.nhc.gov.cn/wjw/zcfg/list_46.shtml，状态码：200
2026-06-10 23:21:20 [INFO] 栏目 [政策法规] 第 46 页解析到 24 条
2026-06-10 23:21:21 [INFO] 列表页请求成功：https://www.nhc.gov.cn/wjw/zcfg/list_47.shtml，状态码：200
2026-06-10 23:21:21 [INFO] 栏目 [政策法规] 第 47 页解析到 24 条
2026-06-10 23:21:23 [INFO] 列表页请求成功：https://www.nhc.gov.cn/wjw/zcfg/list_48.shtml，状态码：200
2026-06-10 23:21:23 [INFO] 栏目 [政策法规] 第 48 页解析到 24 条
2026-06-10 23:21:25 [INFO] 列表页请求成功：https://www.nhc.gov.cn/wjw/zcfg/list_49.shtml，状态码：200
2026-06-10 23:21:25 [INFO] 栏目 [政策法规] 第 49 页解析到 24 条
2026-06-10 23:21:27 [INFO] 列表页请求成功：https://www.nhc.gov.cn/wjw/zcfg/list_50.shtml，状态码：200
2026-06-10 23:21:27 [INFO] 栏目 [政策法规] 第 50 页解析到 24 条
2026-06-10 23:21:29 [INFO] 列表页请求成功：https://www.nhc.gov.cn/wjw/zcfg/list_51.shtml，状态码：200
2026-06-10 23:21:29 [INFO] 栏目 [政策法规] 第 51 页解析到 24 条
2026-06-10 23:21:31 [INFO] 列表页请求成功：https://www.nhc.gov.cn/wjw/zcfg/list_52.shtml，状态码：200
2026-06-10 23:21:31 [INFO] 栏目 [政策法规] 第 52 页解析到 24 条
2026-06-10 23:21:33 [INFO] 列表页请求成功：https://www.nhc.gov.cn/wjw/zcfg/list_53.shtml，状态码：200
2026-06-10 23:21:33 [INFO] 栏目 [政策法规] 第 53 页解析到 24 条
2026-06-10 23:21:34 [INFO] 列表页请求成功：https://www.nhc.gov.cn/wjw/zcfg/list_54.shtml，状态码：200
2026-06-10 23:21:34 [INFO] 栏目 [政策法规] 第 54 页解析到 24 条
2026-06-10 23:21:37 [INFO] 列表页请求成功：https://www.nhc.gov.cn/wjw/zcfg/list_55.shtml，状态码：200
2026-06-10 23:21:37 [INFO] 栏目 [政策法规] 第 55 页解析到 24 条
2026-06-10 23:21:39 [INFO] 列表页请求成功：https://www.nhc.gov.cn/wjw/zcfg/list_56.shtml，状态码：200
2026-06-10 23:21:39 [INFO] 栏目 [政策法规] 第 56 页解析到 24 条
2026-06-10 23:21:41 [INFO] 列表页请求成功：https://www.nhc.gov.cn/wjw/zcfg/list_57.shtml，状态码：200
2026-06-10 23:21:41 [INFO] 栏目 [政策法规] 第 57 页解析到 24 条
2026-06-10 23:21:43 [INFO] 列表页请求成功：https://www.nhc.gov.cn/wjw/zcfg/list_58.shtml，状态码：200
2026-06-10 23:21:43 [INFO] 栏目 [政策法规] 第 58 页解析到 24 条
2026-06-10 23:21:44 [INFO] 列表页请求成功：https://www.nhc.gov.cn/wjw/zcfg/list_59.shtml，状态码：200
2026-06-10 23:21:44 [INFO] 栏目 [政策法规] 第 59 页解析到 24 条
2026-06-10 23:21:46 [INFO] 列表页请求成功：https://www.nhc.gov.cn/wjw/zcfg/list_60.shtml，状态码：200
2026-06-10 23:21:46 [INFO] 栏目 [政策法规] 第 60 页解析到 24 条
2026-06-10 23:21:48 [INFO] 列表页请求成功：https://www.nhc.gov.cn/wjw/zcfg/list_61.shtml，状态码：200
2026-06-10 23:21:48 [INFO] 栏目 [政策法规] 第 61 页解析到 24 条
2026-06-10 23:21:50 [INFO] 列表页请求成功：https://www.nhc.gov.cn/wjw/zcfg/list_62.shtml，状态码：200
2026-06-10 23:21:50 [INFO] 栏目 [政策法规] 第 62 页解析到 24 条
2026-06-10 23:21:52 [INFO] 列表页请求成功：https://www.nhc.gov.cn/wjw/zcfg/list_63.shtml，状态码：200
2026-06-10 23:21:52 [INFO] 栏目 [政策法规] 第 63 页解析到 12 条
2026-06-10 23:21:54 [INFO] 列表页请求成功：https://www.nhc.gov.cn/wjw/zcfg/list_64.shtml，状态码：200
2026-06-10 23:21:54 [INFO] 栏目 [政策法规] 第 64 页解析到 0 条
2026-06-10 23:21:54 [INFO] 栏目 [政策法规] 当前页未解析到任何数据，自动判断已达最后一页，停止翻页！
2026-06-10 23:24:44 [INFO] 正在下载正文附件: 居民死亡医学证明签发使用流程图.unknown
2026-06-10 23:34:29 [INFO] 正在下载正文附件: 2024年全国肿瘤防治宣传周宣传海报（竖版）.unknown
2026-06-10 23:35:39 [ERROR] 正文附件下载失败: 2024年全国肿瘤防治宣传周宣传海报（竖版）.unknown, 目标链接: https://www.nhc.gov.cn/ylyjs/gzdt/202403/dcb1929e3f1046ff97950d1b7b122bd8/files/1733882228126_10839.pdf
2026-06-10 23:35:39 [INFO] 正在下载正文附件: 2024年全国肿瘤防治宣传周宣传海报（横版）.unknown
2026-06-10 23:36:10 [ERROR] 正文附件下载失败: 2024年全国肿瘤防治宣传周宣传海报（横版）.unknown, 目标链接: https://www.nhc.gov.cn/ylyjs/gzdt/202403/dcb1929e3f1046ff97950d1b7b122bd8/files/1733882228496_69142.pdf
2026-06-10 23:38:20 [INFO] 正在下载正文附件: 1.2023年公共卫生国家随机监督抽查计划
2026-06-10 23:38:24 [INFO] 正在下载正文附件: 2.2023年职业卫生放射卫生国家随机监督抽查计划
2026-06-10 23:38:27 [INFO] 正在下载正文附件: 3.2023年医疗卫生机构传染病防治国家随机监督抽查计划
2026-06-10 23:38:28 [INFO] 正在下载正文附件: 4.2023年消毒产品国家随机监督抽查计划
2026-06-10 23:38:31 [INFO] 正在下载正文附件: 5.2023年医疗卫生国家随机监督抽查计划
2026-06-10 23:38:56 [INFO] 正在下载正文附件: 紧密型城市医疗集团建设评判标准.unknown
2026-06-10 23:38:57 [INFO] 正在下载正文附件: 试点城市推荐表.unknown
2026-06-10 23:39:07 [INFO] 正在下载正文附件: 新型冠状病毒感染疫情防控操作指南.unknown
2026-06-10 23:39:09 [INFO] 正在下载正文附件: 1734001768281_85292.docx
2026-06-10 23:39:19 [INFO] 正在下载正文附件: 附件：新型冠状病毒感染诊疗方案（试行第十版）.unknown
2026-06-10 23:39:29 [INFO] 正在下载正文附件: 1.新型冠状病毒感染“乙类乙管”疫情监测方案
2026-06-10 23:39:29 [INFO] 正在下载正文附件: 2.新型冠状病毒感染“乙类乙管”检测方案
2026-06-10 23:39:29 [INFO] 正在下载正文附件: 3.重点人群、重点机构、重点场所新型冠状病毒感染“乙类乙管”防控指引
2026-06-10 23:39:30 [INFO] 正在下载正文附件: 4.新型冠状病毒感染“乙类乙管”个人防护指南
2026-06-10 23:39:30 [INFO] 正在下载正文附件: 5.新型冠状病毒感染“乙类乙管”防控培训方案
2026-06-10 23:39:38 [INFO] 正在下载正文附件: 诊所基本标准（2022年版）.unknown
2026-06-10 23:39:39 [INFO] 正在下载正文附件: 诊所备案信息表.unknown
2026-06-10 23:39:39 [INFO] 正在下载正文附件: 诊所备案凭证（样证）.unknown
2026-06-10 23:40:01 [INFO] 正在下载正文附件: 居民抗原自测须知.unknown
2026-06-10 23:40:07 [INFO] 正在下载正文附件: 1.新冠病毒感染者居家治疗常用药参考表
2026-06-10 23:40:07 [INFO] 正在下载正文附件: 2.新冠病毒感染者居家治疗抗原检测指南
2026-06-10 23:40:12 [INFO] 正在下载正文附件: 新冠肺炎相关健康风险评估标准.unknown
2026-06-10 23:40:28 [INFO] 正在下载正文附件: 1.新冠肺炎疫情防控核酸检测实施办法
2026-06-10 23:40:29 [INFO] 正在下载正文附件: 2.新冠肺炎疫情风险区划定及管控方案
2026-06-10 23:40:29 [INFO] 正在下载正文附件: 3.新冠肺炎疫情居家隔离医学观察指南
2026-06-10 23:40:29 [INFO] 正在下载正文附件: 4.新冠肺炎疫情居家健康监测指南
2026-06-10 23:40:51 [INFO] 正在下载正文附件: 猴痘防控技术指南（2022年版）.unknown
2026-06-10 23:41:21 [ERROR] 正文附件下载失败: 猴痘防控技术指南（2022年版）.unknown, 目标链接: https://www.nhc.gov.cn/yjb/c100058/202207/fdaf10006d0b4034bca46a28b5f0bd20/files/1732874644746_55916.pdf
2026-06-10 23:41:32 [INFO] 正在下载正文附件: 新型冠状病毒肺炎防控方案（第九版）.unknown
2026-06-10 23:41:51 [INFO] 正在下载正文附件: 第一批全国医养结合示范县（市、区）和示范机构申报名额分配表.unknown
2026-06-10 23:41:51 [INFO] 正在下载正文附件: 全国医养结合示范县（市、区）申请表.unknown
2026-06-10 23:41:52 [INFO] 正在下载正文附件: 全国医养结合示范机构申请表.unknown
2026-06-10 23:41:53 [INFO] 正在下载正文附件: 全国医养结合示范县（市、区）推荐汇总表.unknown
2026-06-10 23:41:54 [INFO] 正在下载正文附件: 全国医养结合示范机构推荐汇总表.unknown
2026-06-10 23:43:02 [INFO] 正在下载正文附件: 附件：公立医院改革与高质量发展示范项目实施方案编制提纲.unknown
2026-06-10 23:43:10 [INFO] 正在下载正文附件: 各省（区、市）推进公立医院高质量发展评价指标（试行）.unknown
2026-06-10 23:43:59 [INFO] 正在下载正文附件: 2021年全国示范性老年友好型社区名单.unknown
2026-06-10 23:45:13 [INFO] 正在下载正文附件: 全国婴幼儿照护服务示范城市创建活动管理办法.unknown
2026-06-10 23:46:26 [INFO] 正在下载正文附件: 《托育机构保育指导大纲（试行）》一图读懂（两版）.unknown
2026-06-10 23:47:44 [ERROR] 正文附件下载失败: 《托育机构保育指导大纲（试行）》一图读懂（两版）.unknown, 目标链接: https://www.nhc.gov.cn/rkjcyjtfzs/c100147/202101/28ad10c0d35c49d288a5a1567ca1d74e/files/1734001892526_22012.zip
2026-06-10 23:48:04 [INFO] 正在下载正文附件: 附件1：甲类大型医用设备配置审批服务指南.unknown
2026-06-10 23:48:23 [INFO] 正在下载正文附件: 附件2：甲类大型医用设备配置许可申报须知.unknown
2026-06-10 23:48:30 [INFO] 正在下载正文附件: 附件3：甲类大型医用设备配置许可评审标准.unknown
2026-06-10 23:49:20 [INFO] 正在下载正文附件: 附件1：质子放射治疗系统准予许可名单.unknown
2026-06-10 23:49:21 [INFO] 正在下载正文附件: 附件2：高端放射治疗系统准予许可名单.unknown
2026-06-10 23:52:29 [INFO] 正在下载正文附件: 出生缺陷防治健康教育核心信息手册.unknown
2026-06-10 23:52:52 [INFO] 正在下载正文附件: 2020年预防出生缺陷日宣传海报（印刷尺寸60×90cm).unknown
2026-06-11 00:00:41 [INFO] 正在下载正文附件: 2020年“世界家庭医生日”主题活动海报 竖版.unknown
2026-06-11 00:01:24 [INFO] 正在下载正文附件: 2020年“世界家庭医生日”主题活动海报 PSD版.unknown
2026-06-11 00:08:38 [INFO] 正在下载正文附件: 2020年全国防治碘缺乏病日海报（印刷模版）.unknown
2026-06-11 00:14:31 [INFO] 正在下载正文附件: 华中科技大学同济医学院附属同济医院光谷院区儿童医疗中心工程招标投标事项核准意见.unknown
2026-06-11 00:14:37 [INFO] 正在下载正文附件: 《医院建筑运行维护技术标准》-征求意见稿.unknown
2026-06-11 00:14:58 [INFO] 正在下载正文附件: 支援湖北省和武汉市疾控队伍人员名单.unknown
2026-06-11 00:15:18 [INFO] 正在下载正文附件: 各类防控技术指南.unknown
2026-06-11 00:15:51 [INFO] 正在下载正文附件: 2020年“全国肿瘤防治宣传周”宣传海报-横版.unknown
2026-06-11 00:16:10 [INFO] 正在下载正文附件: 2020年“全国肿瘤防治宣传周”宣传海报-竖版.unknown
2026-06-11 00:16:25 [INFO] 正在下载正文附件: 2020年“全国肿瘤防治宣传周”宣传海报 ai版.unknown
2026-06-11 00:26:27 [ERROR] 正文附件下载失败: 2020年“全国肿瘤防治宣传周”宣传海报 ai版.unknown, 目标链接: https://www.nhc.gov.cn/jkj/c100062/202004/002fd3c5a5a5490d915b6dbf643cdb56/files/1734001324622_83580.rar
2026-06-11 00:26:49 [INFO] 正在下载正文附件: 2020年公共卫生国家随机监督抽查计划.unknown
2026-06-11 00:26:49 [INFO] 正在下载正文附件: 2020年传染病防治和消毒产品国家随机监督抽查计划.unknown
2026-06-11 00:26:51 [INFO] 正在下载正文附件: 2020年医疗卫生国家随机监督抽查计划.unknown
2026-06-11 00:26:51 [INFO] 正在下载正文附件: 2020年职业卫生技术服务机构国家随机监督抽查计划.unknown
2026-06-11 00:31:49 [INFO] 正在下载正文附件: 人员健康管理技术方案.unknown
2026-06-11 00:31:50 [INFO] 正在下载正文附件: 新冠肺炎“四早”技术方案.unknown
2026-06-11 00:31:50 [INFO] 正在下载正文附件: 医疗机构新冠肺炎防控技术方案.unknown
2026-06-11 00:31:51 [INFO] 正在下载正文附件: 社区（乡镇、村）新冠肺炎防控技术方案.unknown
2026-06-11 00:31:51 [INFO] 正在下载正文附件: 办公场所和公共场所新冠肺炎防控技术方案.unknown
2026-06-11 00:31:52 [INFO] 正在下载正文附件: 工业企业和建筑施工企业新冠肺炎防控技术方案.unknown
2026-06-11 00:31:52 [INFO] 正在下载正文附件: 商场、超市等场所新冠肺炎防控技术方案.unknown
2026-06-11 00:31:52 [INFO] 正在下载正文附件: 客运场站及交通运输工具新冠肺炎防控技术方案.unknown
2026-06-11 00:31:53 [INFO] 正在下载正文附件: 托幼机构新冠肺炎防控技术方案.unknown
2026-06-11 00:31:53 [INFO] 正在下载正文附件: 中小学校新冠肺炎防控技术方案.unknown
2026-06-11 00:31:53 [INFO] 正在下载正文附件: 大专院校新冠肺炎防控技术方案.unknown
2026-06-11 00:31:54 [INFO] 正在下载正文附件: 监狱新冠肺炎防控技术方案.unknown
2026-06-11 00:31:54 [INFO] 正在下载正文附件: 养老机构（老年福利院）老年人新冠肺炎防控技术方案.unknown
2026-06-11 00:31:54 [INFO] 正在下载正文附件: 儿童福利院新冠肺炎防控技术方案.unknown
2026-06-11 00:31:55 [INFO] 正在下载正文附件: 精神卫生医疗机构新冠肺炎防控技术方案.unknown
2026-06-11 00:33:08 [INFO] 正在下载正文附件: 新型冠状病毒肺炎防控方案（第五版）一图读懂-打印版.unknown
2026-06-11 00:35:14 [INFO] 正在下载正文附件: 新型冠状病毒肺炎防控方案（第四版）一图读懂-打印版.unknown
2026-06-11 00:38:24 [INFO] 正在下载正文附件: 一图读懂：公共交通工具消毒操作技术指南.unknown
2026-06-11 00:39:31 [INFO] 正在下载正文附件: 一图读懂：做好老年人新型冠状病毒感染肺炎疫情防控工作.unknown
2026-06-11 00:40:55 [INFO] 正在下载正文附件: 1：2020年第一批国家级继续医学教育项目（网上公布）.unknown
2026-06-11 00:41:07 [INFO] 正在下载正文附件: 2：2020年国家级继续医学教育项目执行情况总结汇报表.unknown
2026-06-11 00:41:07 [INFO] 正在下载正文附件: 3：国家级继续医学教育项目教材使用情况简介表.unknown
2026-06-11 00:41:08 [INFO] 正在下载正文附件: 4：各省、自治区、直辖市继续医学教育委员会地址及联系方式.unknown
2026-06-11 00:41:20 [INFO] 正在下载正文附件: 紧密型县域医疗卫生共同体建设专家组人员名单.unknown
2026-06-11 00:41:23 [INFO] 正在下载正文附件: 紧密型县域医疗卫生共同体建设专家组工作职责.unknown
2026-06-11 00:41:41 [INFO] 正在下载正文附件: 医养结合机构服务指南（试行）.unknown
2026-06-11 00:42:28 [INFO] 正在下载正文附件: 麻醉科医疗服务能力建设指南（试行）.unknown
2026-06-11 00:42:59 [INFO] 正在下载正文附件: 呼吸内科专业医疗质量控制指标（2019年版）.unknown
2026-06-11 00:43:00 [INFO] 正在下载正文附件: 产科专业医疗质量控制指标（2019年版）.unknown
2026-06-11 00:43:22 [INFO] 正在下载正文附件: 国家卫生健康委规划司课题研究申报表.unknown
2026-06-11 00:43:47 [INFO] 正在下载正文附件: 2019艾滋病海报－文字版.unknown
2026-06-11 00:43:56 [INFO] 正在下载正文附件: 2019艾滋海报－丝带版.unknown
2026-06-11 00:53:26 [INFO] 正在下载正文附件: 关于建立完善老年健康服务体系的指导意见的工具包.unknown
2026-06-11 00:58:17 [INFO] 正在下载正文附件: 2019年第二轮甲类大型医用设备配置许可申报须知.unknown
2026-06-11 00:58:41 [INFO] 正在下载正文附件: 1.中国罕见病诊疗服务信息系统工作管理方案
2026-06-11 00:58:42 [INFO] 正在下载正文附件: 2.中国罕见病诊疗服务信息系统省级管理员及协作网成员医院管理员信息回执
2026-06-11 00:58:43 [INFO] 正在下载正文附件: 3.中国罕见病诊疗服务信息系统操作手册
2026-06-11 00:58:47 [INFO] 正在下载正文附件: 4.中国罕见病诊疗服务信息系统接口文档
2026-06-11 00:58:47 [INFO] 正在下载正文附件: 5.中国罕见病诊疗服务信息系统数据采集接口标准
2026-06-11 00:58:56 [INFO] 正在下载正文附件: 一图读懂.unknown
2026-06-11 00:59:48 [INFO] 正在下载正文附件: 视频A：《托育机构管理规范（试行）》.unknown
2026-06-11 01:04:05 [INFO] 正在下载正文附件: 视频B：《托育机构设置标准（试行）》.unknown
2026-06-11 01:09:34 [INFO] 正在下载正文附件: 宣传海报.unknown
2026-06-11 01:16:53 [INFO] 正在下载正文附件: 阿尔茨海默病预防与干预核心信息工具包.unknown
2026-06-11 01:25:09 [INFO] 正在下载正文附件: 出生缺陷防治健康教育核心信息宣传手册（A5版印刷）.unknown
2026-06-11 01:25:50 [INFO] 正在下载正文附件: 国家癌症区域医疗中心设置标准.unknown
2026-06-11 01:26:22 [INFO] 正在下载正文附件: 1.国家创伤医学中心设置标准
2026-06-11 01:26:23 [INFO] 正在下载正文附件: 2.国家创伤区域医疗中心设置标准
2026-06-11 01:26:31 [INFO] 正在下载正文附件: 1.儿童再生障碍性贫血诊疗规范
2026-06-11 01:26:32 [INFO] 正在下载正文附件: 2.儿童原发性免疫性血小板减少症诊疗规范
2026-06-11 01:26:33 [INFO] 正在下载正文附件: 3.儿童血友病诊疗规范
2026-06-11 01:26:34 [INFO] 正在下载正文附件: 4.儿童噬血细胞综合征诊疗规范
2026-06-11 01:26:35 [INFO] 正在下载正文附件: 5-1.儿童淋巴母细胞淋巴瘤诊疗规范
2026-06-11 01:26:36 [INFO] 正在下载正文附件: 5-2.儿童霍奇金淋巴瘤诊疗规范
2026-06-11 01:26:37 [INFO] 正在下载正文附件: 5-3.儿童成熟B细胞淋巴瘤诊疗规范
2026-06-11 01:26:40 [INFO] 正在下载正文附件: 5-4.儿童ALK阳性间变性大细胞淋巴瘤诊疗规范
2026-06-11 01:26:42 [INFO] 正在下载正文附件: 6.儿童神经母细胞瘤诊疗规范
2026-06-11 01:26:44 [INFO] 正在下载正文附件: 7-1.儿童及青少年骨肉瘤诊疗规范
2026-06-11 01:26:46 [INFO] 正在下载正文附件: 7-2.儿童及青少年尤文肉瘤诊疗规范
2026-06-11 01:26:48 [INFO] 正在下载正文附件: 7-3.儿童及青少年横纹肌肉瘤诊疗规范
2026-06-11 01:26:50 [INFO] 正在下载正文附件: 7-4.儿童及青少年非横纹肌肉瘤类软组织肉瘤诊疗规范
2026-06-11 01:26:52 [INFO] 正在下载正文附件: 8.儿童肝母细胞瘤诊疗规范
2026-06-11 01:26:54 [INFO] 正在下载正文附件: 9.儿童肾母细胞瘤诊疗规范
2026-06-11 01:26:56 [INFO] 正在下载正文附件: 10.儿童视网膜母细胞瘤诊疗规范
2026-06-11 01:27:02 [INFO] 正在下载正文附件: 2019年预防出生缺陷日宣传海报（印刷尺寸60×80cm）.unknown
2026-06-11 01:27:31 [INFO] 正在下载正文附件: 达到县级医院综合服务能力推荐标准县医院名单.unknown
2026-06-11 01:27:58 [INFO] 正在下载正文附件: 卫生健康领域基层政务公开标准目录（试行）.unknown
2026-06-11 01:29:06 [INFO] 正在下载正文附件: 1.国家卫生健康委儿童血液病专家委员会名单
2026-06-11 01:29:07 [INFO] 正在下载正文附件: 2.国家卫生健康委儿童恶性肿瘤（实体肿瘤）专家委员会名单
2026-06-11 01:29:12 [INFO] 正在下载正文附件: 全国儿童血液病定点医院名单（第一批）.unknown
2026-06-11 01:29:13 [INFO] 正在下载正文附件: 全国儿童实体肿瘤诊疗协作组名单（第一批）.unknown
2026-06-11 01:29:18 [INFO] 正在下载正文附件: 《职业卫生技术服务机构管理办法（征求意见稿）》.unknown
2026-06-11 01:29:19 [INFO] 正在下载正文附件: 《职业卫生技术服务机构管理办法（征求意见稿）》起草说明.unknown
2026-06-11 01:29:24 [INFO] 正在下载正文附件: 职业卫生执法装备标准.unknown
2026-06-11 01:29:35 [INFO] 正在下载正文附件: 2019年920全国爱牙日海报60x90cm-06.unknown
2026-06-11 01:30:11 [INFO] 正在下载正文附件: 碘缺乏病消除评价内容及判定标准.unknown
2026-06-11 01:30:11 [INFO] 正在下载正文附件: 大骨节病消除评价内容及判定标准.unknown
2026-06-11 01:30:12 [INFO] 正在下载正文附件: 克山病控制和消除评价内容及判定标准.unknown
2026-06-11 01:30:12 [INFO] 正在下载正文附件: 燃煤污染型氟中毒控制和消除评价内容及判定标准.unknown
2026-06-11 01:30:12 [INFO] 正在下载正文附件: 饮水型氟中毒控制评价内容及判定标准.unknown
2026-06-11 01:30:13 [INFO] 正在下载正文附件: 饮茶型地氟病控制评价内容及判定标准.unknown
2026-06-11 01:30:13 [INFO] 正在下载正文附件: 燃煤污染型砷中毒消除评价内容及判定标准.unknown
2026-06-11 01:30:13 [INFO] 正在下载正文附件: 饮水型砷中毒消除评价内容及判定标准.unknown
2026-06-11 01:30:18 [INFO] 正在下载正文附件: 1. 2019年中华医学会Ⅰ类学分继续医学教育项目（第二批）
2026-06-11 01:30:18 [INFO] 正在下载正文附件: 2. 2019年中华预防医学会Ⅰ类学分继续医学教育项目（第二批）
2026-06-11 01:30:18 [INFO] 正在下载正文附件: 3. 2019年中华护理学会Ⅰ类学分继续教育项目（第二批）
2026-06-11 01:30:18 [INFO] 正在下载正文附件: 4. 2019年中华口腔医学会Ⅰ类学分继续医学教育项目（第二批）
2026-06-11 01:30:19 [INFO] 正在下载正文附件: 5. 2019年中国医院协会Ⅰ类学分继续医学教育项目（第二批）
2026-06-11 01:30:19 [INFO] 正在下载正文附件: 6. 2019年中国医师协会Ⅰ类学分继续医学教育项目（第二批）
2026-06-11 01:30:19 [INFO] 正在下载正文附件: 7. 各省（自治区、直辖市）继续医学教育委员会地址及联系方式
2026-06-11 01:34:48 [INFO] 正在下载正文附件: 22家职业卫生技术服务甲级机构资质变更信息汇总表.unknown
2026-06-11 01:34:54 [INFO] 正在下载正文附件: WST664—2019.unknown
2026-06-11 01:35:07 [INFO] 正在下载正文附件: 职业卫生监督协管巡查个案信息表.unknown
2026-06-11 01:35:08 [INFO] 正在下载正文附件: 职业卫生监督协管巡查工作登记表.unknown
2026-06-11 01:35:29 [INFO] 正在下载正文附件: 全面提升县级医院综合能力第二阶段500家县级医院名单.unknown
2026-06-11 01:35:29 [INFO] 正在下载正文附件: 全面提升县级医院综合能力第二阶段500家县级中医医院名单.unknown
2026-06-11 01:36:04 [INFO] 正在下载正文附件: 婴幼儿照护海报1.unknown
2026-06-11 01:36:17 [INFO] 正在下载正文附件: 婴幼儿照护海报2.unknown
2026-06-11 01:36:30 [INFO] 正在下载正文附件: 婴幼儿照护海报3.unknown
2026-06-11 01:36:43 [INFO] 正在下载正文附件: 婴幼儿照护海报4.unknown
2026-06-11 01:37:07 [INFO] 正在下载正文附件: 1.社区医院基本标准（试行）
2026-06-11 01:37:07 [INFO] 正在下载正文附件: 2.社区医院医疗质量安全核心制度要点（试行）
2026-06-11 01:37:49 [INFO] 正在下载正文附件: 附件1职业病防治技术支撑机构调查表(公立机构填报).unknown
2026-06-11 01:37:50 [INFO] 正在下载正文附件: 附件2职业病防治技术支撑机构调查表(专业机构填报).unknown
2026-06-11 01:37:51 [INFO] 正在下载正文附件: 附件3职业病防治技术支撑机构基本情况汇总表.unknown
2026-06-11 01:37:51 [INFO] 正在下载正文附件: 附件4职业健康有关技术服务机构基本情况汇总表.unknown
2026-06-11 01:37:56 [INFO] 正在下载正文附件: 1：疾病应急救助基金申请支付情况个案统计表.unknown
2026-06-11 01:37:56 [INFO] 正在下载正文附件: 2：疾病应急救助基金汇总表.unknown
2026-06-11 01:39:01 [INFO] 正在下载正文附件: 附件1职业健康检查机构备案表.unknown
2026-06-11 01:39:01 [INFO] 正在下载正文附件: 附件2职业健康检查机构备案变更表.unknown
2026-06-11 01:39:01 [INFO] 正在下载正文附件: 附件3职业健康检查机构汇总表.unknown
2026-06-11 01:39:02 [INFO] 正在下载正文附件: 附件4职业健康检查信息报告卡.unknown
2026-06-11 01:40:38 [INFO] 正在下载正文附件: 国家三级公立医院绩效考核操作手册（2019版）.unknown
2026-06-11 01:40:46 [INFO] 正在下载正文附件: 附件1：甲类大型医用设备配置审批服务指南.unknown
2026-06-11 01:40:54 [INFO] 正在下载正文附件: 附件2：甲类大型医用设备配置许可申报须知.unknown
2026-06-11 01:40:58 [INFO] 正在下载正文附件: 附件3：甲类大型医用设备配置许可评审标准.unknown
2026-06-11 01:41:44 [INFO] 正在下载正文附件: 1.全国真菌病监测网方案（2019版）
2026-06-11 01:41:44 [INFO] 正在下载正文附件: 2.全国真菌病监测网监测单位情况信息表
2026-06-11 01:41:51 [INFO] 正在下载正文附件: 大骨节病监测方案（2019年版）.unknown
2026-06-11 01:41:52 [INFO] 正在下载正文附件: 克山病监测方案（2019年版）.unknown
2026-06-11 01:41:52 [INFO] 正在下载正文附件: 燃煤污染型地方性氟中毒监测方案（2019年版）.unknown
2026-06-11 01:41:52 [INFO] 正在下载正文附件: 饮水型地方性氟中毒监测方案（2019年版）.unknown
2026-06-11 01:41:53 [INFO] 正在下载正文附件: 饮茶型地氟病监测方案（2019年版）.unknown
2026-06-11 01:41:53 [INFO] 正在下载正文附件: 燃煤污染型地方性砷中毒监测方案（2019年版）.unknown
2026-06-11 01:41:53 [INFO] 正在下载正文附件: 饮水型地方性砷中毒监测方案（2019年版）.unknown
2026-06-11 01:43:16 [INFO] 正在下载正文附件: 2019年全国“爱眼日”宣传海报.unknown
2026-06-11 01:43:42 [INFO] 正在下载正文附件: 县医院医疗服务能力调查操作手册.unknown
2026-06-11 01:43:54 [INFO] 正在下载正文附件: 2019年世界献血者日海报.unknown
2026-06-11 01:44:19 [INFO] 正在下载正文附件: 城市医疗联合体建设试点工作方案.unknown
2026-06-11 01:44:20 [INFO] 正在下载正文附件: 候选城市推荐材料模板.unknown
2026-06-11 01:44:20 [INFO] 正在下载正文附件: 候选城市推荐表.unknown
2026-06-11 01:44:50 [INFO] 正在下载正文附件: 一图读懂：国务院办公厅关于促进3岁以下婴幼儿照护服务发展的指导意见（第二版）.unknown
2026-06-11 01:45:31 [INFO] 正在下载正文附件: 全国医院上报数据统计分析指标集（试行）.unknown
2026-06-11 01:45:37 [INFO] 正在下载正文附件: 附件1-全国医院数据上报管理方案-医疗业务（试行）.unknown
2026-06-11 01:45:42 [INFO] 正在下载正文附件: 附件2-全国医院数据上报管理方案-运营业务（试行）.unknown
2026-06-11 01:45:43 [INFO] 正在下载正文附件: 附件3-全国医院数据上报管理方案-接口技术规范（试行）.unknown
2026-06-11 01:45:46 [INFO] 正在下载正文附件: 附件4-全国医院数据上报管理方案-医疗数据字典（试行）.unknown
2026-06-11 01:45:50 [INFO] 正在下载正文附件: 附件5-全国医院数据上报管理方案-运营数据字典（试行）.unknown
2026-06-11 01:45:59 [INFO] 正在下载正文附件: 1.治理前用人单位基本情况登记表
2026-06-11 01:45:59 [INFO] 正在下载正文附件: 2.治理前用人单位基本情况汇总表
2026-06-11 01:46:00 [INFO] 正在下载正文附件: 3.用人单位尘毒危害治理主要工程技术措施
2026-06-11 01:46:00 [INFO] 正在下载正文附件: 4.用人单位尘毒危害情况及防护设施自查表
2026-06-11 01:46:02 [INFO] 正在下载正文附件: 5.用人单位职业健康管理措施自查表
2026-06-11 01:46:03 [INFO] 正在下载正文附件: 6.治理后用人单位基本情况统计表
2026-06-11 01:46:03 [INFO] 正在下载正文附件: 7.治理后用人单位基本情况汇总表
2026-06-11 01:46:15 [INFO] 正在下载正文附件: 地中海贫血防治核心信息及知识要点宣传手册.unknown
2026-06-11 01:46:26 [INFO] 正在下载正文附件: 地中海贫血防治健康教育知识读本.unknown
2026-06-11 01:46:37 [INFO] 正在下载正文附件: 世界地贫日主题宣传海报（尺寸52cm×74cm).unknown
2026-06-11 01:46:56 [INFO] 正在下载正文附件: 附件：三级医院对口帮扶贫困县县级医院关系表.unknown
2026-06-11 01:47:20 [INFO] 正在下载正文附件: 护士执业注册申请审核表.unknown
2026-06-11 01:47:25 [INFO] 正在下载正文附件: 1.优质服务基层行推荐专家信息表
2026-06-11 01:47:25 [INFO] 正在下载正文附件: 2.优质服务基层行活动联系人信息表
2026-06-11 01:47:26 [INFO] 正在下载正文附件: 3.达到推荐标准基层机构名单
2026-06-11 01:47:30 [INFO] 正在下载正文附件: 附件1-6.unknown
2026-06-11 01:47:47 [INFO] 正在下载正文附件: 1.乡镇卫生院服务能力评价指南（2019年版）
2026-06-11 01:47:50 [INFO] 正在下载正文附件: 2.社区卫生服务中心服务能力评价指南（2019年版）
2026-06-11 01:48:07 [INFO] 正在下载正文附件: 教室（教学场所）采光和照明抽检结果汇总表.unknown
2026-06-11 01:50:11 [INFO] 正在下载正文附件: 2019年深入落实进一步改善医疗服务行动计划重点工作方案.unknown
2026-06-11 01:50:16 [INFO] 正在下载正文附件: 医院智慧服务分级评估标准体系（试行）.unknown
2026-06-11 01:50:48 [INFO] 正在下载正文附件: “一分钟看懂 先天性结构畸形救助项目（2019年版）”宣传手册.unknown
2026-06-11 01:52:12 [INFO] 正在下载正文附件: 1.通报表扬单位
2026-06-11 01:52:13 [INFO] 正在下载正文附件: 2.通报表扬个人
2026-06-11 01:53:03 [INFO] 正在下载正文附件: 一图读懂：中国骨质疏松症流行病学调查结果.unknown
2026-06-11 02:17:38 [INFO] 正在下载正文附件: 食物数据成分表达规范.pdf
2026-06-11 02:17:45 [INFO] 正在下载正文附件: 人群铁缺乏筛查方法.pdf
2026-06-11 02:18:09 [INFO] 正在下载正文附件: WST404.5-2015 临床常用生化检验项目参考区间第5 部分：血清尿素、肌酐.pdf
2026-06-11 02:18:11 [INFO] 正在下载正文附件: WST404.6-2015 临床常用生化检验项目参考区间第6部分：血清总钙、无机磷、镁、铁.pdf
2026-06-11 02:18:13 [INFO] 正在下载正文附件: WST404.7-2015 临床常用生化检验项目参考区间第7部分：血清乳酸脱氢酶、肌酸激酶.pdf
2026-06-11 02:18:15 [INFO] 正在下载正文附件: WST404.8-2015 临床常用生化检验项目参考区间第8部分：血清淀粉酶.pdf
2026-06-11 02:18:21 [INFO] 正在下载正文附件: GBZ14-2015 职业性氯丁二烯中毒的诊断.pdf
2026-06-11 02:18:27 [INFO] 正在下载正文附件: GBZ14-2015 职业性急性氨中毒的诊断.pdf
2026-06-11 02:18:33 [INFO] 正在下载正文附件: GBZ50-2015 职业性丙烯酰胺中毒的诊断.pdf
2026-06-11 02:19:17 [INFO] 正在下载正文附件: GB29922-2013 特殊医学用途配方食品通则.pdf
2026-06-11 02:23:37 [INFO] 正在下载正文附件: GB13432-2013 预包装特殊膳食用食品标签.pdf
2026-06-11 02:25:44 [INFO] 正在下载正文附件: 1、呼吸内镜诊疗技术管理规范.doc
2026-06-11 02:25:45 [INFO] 正在下载正文附件: 2、消化内镜诊疗技术管理规范.doc
2026-06-11 02:25:45 [INFO] 正在下载正文附件: 3、普通外科内镜诊疗技术管理规范.doc
2026-06-11 02:25:46 [INFO] 正在下载正文附件: 4、关节镜诊疗技术管理规范.doc
2026-06-11 02:25:47 [INFO] 正在下载正文附件: 5、脊柱内镜诊疗技术管理规范.doc
2026-06-11 02:25:47 [INFO] 正在下载正文附件: 6、泌尿外科内镜诊疗技术管理规范.doc
2026-06-11 02:25:48 [INFO] 正在下载正文附件: 7、胸外科内镜诊疗技术管理规范.doc
2026-06-11 02:25:48 [INFO] 正在下载正文附件: 8、妇科内镜诊疗技术管理规范.doc
2026-06-11 02:25:49 [INFO] 正在下载正文附件: 9、儿科呼吸内镜诊疗技术管理规范.doc
2026-06-11 02:25:49 [INFO] 正在下载正文附件: 10、儿科消化内镜诊疗技术管理规范.doc
2026-06-11 02:25:50 [INFO] 正在下载正文附件: 11、小儿外科内镜诊疗技术管理规范.doc
2026-06-11 02:25:51 [INFO] 正在下载正文附件: 12、鼻科内镜诊疗技术管理规范.doc
2026-06-11 02:25:51 [INFO] 正在下载正文附件: 13、咽喉科内镜诊疗技术管理规范.doc
2026-06-11 02:28:34 [INFO] 正在下载正文附件: 县级公立医院综合改革试点现场评估联络员名单.docx
2026-06-11 02:28:35 [INFO] 正在下载正文附件: 县级公立医院综合改革试点现场评估联系人回执.docx
2026-06-11 02:28:39 [INFO] 正在下载正文附件: 《医疗机构临床检验项目目录》（2013年版）.xlsx
2026-06-11 02:28:43 [INFO] 正在下载正文附件: 县级公立医院综合改革试点评估提纲.doc
2026-06-11 02:28:43 [INFO] 正在下载正文附件: 县级公立医院综合改革试点总体推进情况调查表.docx
2026-06-11 02:28:43 [INFO] 正在下载正文附件: 县级公立医院综合改革试点政府落实政策情况调查表.docx
2026-06-11 02:28:44 [INFO] 正在下载正文附件: 县级公立医院综合改革试点试点医院落实政策情况调查表.docx
2026-06-11 02:28:44 [INFO] 正在下载正文附件: 县域医疗服务体系建设数据调查表.docx
2026-06-11 02:28:44 [INFO] 正在下载正文附件: 县级公立医院基本运行情况调查表.doc
2026-06-11 02:28:53 [INFO] 正在下载正文附件: 中医药健康管理服务规范.doc
2026-06-11 02:29:21 [INFO] 正在下载正文附件: 2013年基层医疗机构集中整顿工作督导检查组成员信息表.doc
2026-06-11 02:29:22 [INFO] 正在下载正文附件: 2013年基层医疗机构集中整顿工作省际间督导检查对应关系表.doc
2026-06-11 02:29:26 [INFO] 正在下载正文附件: 关于编制中央国家机关在京单位2014年度土地利用计划的通知.rar
2026-06-11 02:29:29 [INFO] 正在下载正文附件: 附件：财政部关于中央部门和单位开展财政票据电子化改革试点工作的通知（财综〔2013〕46号）.rar
2026-06-11 02:30:10 [INFO] 正在下载正文附件: 《酱油》等8项食品安全国家标准征求意见稿及编制说明.zip
2026-06-11 02:30:12 [INFO] 正在下载正文附件: 食品安全国家标准征求意见反馈表.doc
2026-06-11 02:30:20 [INFO] 正在下载正文附件: 3,4-二乙酰氧基-1-丁烯等4种食品包装材料用添加剂新品种.doc
2026-06-11 02:30:20 [INFO] 正在下载正文附件: 食品包装材料用树脂新品种环氧丙烷改性的乙烯-乙烯醇聚合物.doc
2026-06-11 02:30:21 [INFO] 正在下载正文附件: 十八酸钴盐等3种扩大使用范围的食品包装材料用添加剂.doc
2026-06-11 02:30:25 [INFO] 正在下载正文附件: 丹凤牡丹花等7种拟批准的新食品原料.doc
2026-06-11 02:30:33 [INFO] 正在下载正文附件: 《按照传统既是食品又是中药材的物质目录（2013版）》（征求意见稿）.doc
2026-06-11 02:30:41 [INFO] 正在下载正文附件: 涉及人体的医学科学技术研究管理办法（征求意见稿）.doc
2026-06-11 02:31:19 [INFO] 正在下载正文附件: 附件：财政部关于进一步加强行政事业单位资金往来结算票据使用管理的通知.docx
2026-06-11 02:31:30 [INFO] 正在下载正文附件: 《医师定期考核结果通知书》样式及使用说明.doc
2026-06-11 02:31:42 [INFO] 正在下载正文附件: 《医师定期考核合格防伪标贴》样式及其使用说明.doc
2026-06-11 02:31:51 [INFO] 正在下载正文附件: 医院人感染H7N9禽流感病毒核酸检测标准操作程序.docx
2026-06-11 02:31:52 [INFO] 正在下载正文附件: H7N9禽流感病毒核酸检测试剂盒（PCR-荧光探针法）说明书.docx
2026-06-11 02:31:59 [INFO] 正在下载正文附件: 人感染H7N9禽流感疫情防控方案（第二版）.docx
2026-06-11 02:32:04 [INFO] 正在下载正文附件: 食品安全国家标准制（修）订项目委托协议书.docx
2026-06-11 02:32:08 [INFO] 正在下载正文附件: 2013年国家医疗队巡回医疗地区分布表.doc
2026-06-11 02:32:08 [INFO] 正在下载正文附件: 国家医疗队队旗标准样式.doc
2026-06-11 02:32:17 [INFO] 正在下载正文附件: 医师资格考试大纲（军事医学2013年版）.rar
2026-06-11 02:32:21 [INFO] 正在下载正文附件: 2013年全国抗菌药物临床应用专项整治活动方案.doc
2026-06-11 02:32:35 [INFO] 正在下载正文附件: 1.医疗机构2013年活动具体工作内容和任务分解量化指标.docx
2026-06-11 02:32:35 [INFO] 正在下载正文附件: 2.疾控机构2013年活动具体工作内容和任务分解量化指标.docx
2026-06-11 02:32:35 [INFO] 正在下载正文附件: 3.卫生监督机构2013年活动具体工作内容和任务分解量化指标.docx
2026-06-11 02:32:47 [INFO] 正在下载正文附件: 胃癌诊疗指南.pdf
2026-06-11 02:32:49 [INFO] 正在下载正文附件: 直肠癌诊疗指南.pdf
2026-06-11 02:32:52 [INFO] 正在下载正文附件: 结肠癌诊疗指南.pdf
2026-06-11 02:32:54 [INFO] 正在下载正文附件: 原发性乳腺癌诊疗指南.pdf
2026-06-11 02:32:56 [INFO] 正在下载正文附件: 宫颈癌诊疗指南.pdf
2026-06-11 02:33:06 [INFO] 正在下载正文附件: 附件：地震伤员常见损伤早期康复治疗指导原则.docx
2026-06-11 02:33:18 [INFO] 正在下载正文附件: 图片.rar
2026-06-11 02:38:10 [INFO] 正在下载正文附件: 1.儿童眼及视力保健技术规范（办公厅发）.doc
2026-06-11 02:38:11 [INFO] 正在下载正文附件: 2.儿童耳及听力保健技术规范（办公厅发）.doc
2026-06-11 02:38:11 [INFO] 正在下载正文附件: 3.儿童口腔保健指导技术规范（办公厅发）.doc
2026-06-11 02:38:12 [INFO] 正在下载正文附件: 4.儿童心理保健技术规范（办公厅发）.doc
2026-06-11 02:38:16 [INFO] 正在下载正文附件: 1.儿童眼及视力保健技术规范（办公厅发）.doc
2026-06-11 02:38:16 [INFO] 正在下载正文附件: 2.儿童耳及听力保健技术规范（办公厅发）.doc
2026-06-11 02:38:16 [INFO] 正在下载正文附件: 3.儿童口腔保健指导技术规范（办公厅发）.doc
2026-06-11 02:38:16 [INFO] 正在下载正文附件: 4.儿童心理保健技术规范（办公厅发）.doc
2026-06-11 02:38:21 [INFO] 正在下载正文附件: 1.国家卫生和计划生育委员会外周血管介入诊疗培训基地名单.docx
2026-06-11 02:38:21 [INFO] 正在下载正文附件: 2.国家卫生和计划生育委员会外周血管介入诊疗培训基地培育单位名单.docx
2026-06-11 02:38:26 [INFO] 正在下载正文附件: 人感染H7N9禽流感诊疗方案.doc
2026-06-11 02:38:34 [INFO] 正在下载正文附件: 人感染H7N9禽流感病例诊断程序.docx
2026-06-11 02:38:47 [INFO] 正在下载正文附件: 1. 2013年第二批国家级继续医学教育项目（网上公布）.pdf
2026-06-11 02:38:50 [INFO] 正在下载正文附件: 2. 2013年国家级继续医学教育基地项目（网上公布）.pdf
2026-06-11 02:38:51 [INFO] 正在下载正文附件: 3. 本年度国家级继续医学教育项目执行情况总结汇报表.doc
2026-06-11 02:38:51 [INFO] 正在下载正文附件: 4. 国家级继续医学教育项目教材使用情况简介表.doc
2026-06-11 02:38:52 [INFO] 正在下载正文附件: 5. 各省、自治区、直辖市继续医学教育委员会等地址及联系方式.doc
2026-06-11 02:38:58 [INFO] 正在下载正文附件: 人感染H7N9禽流感疫情防控方案（第一版）.doc
2026-06-11 02:39:03 [INFO] 正在下载正文附件: 人感染H7N9禽流感医院感染预防与控制技术指南（2013年版）.doc
2026-06-11 02:39:07 [INFO] 正在下载正文附件: 人感染H7N9禽流感诊疗方案.doc
2026-06-11 02:39:11 [INFO] 正在下载正文附件: 人感染H7N9禽流感诊疗方案.doc
2026-06-11 02:39:14 [INFO] 正在下载正文附件: 人感染H7N9禽流感诊疗方案.doc
2026-06-11 02:39:18 [INFO] 正在下载正文附件: 人感染H7N9禽流感诊疗方案.doc
2026-06-11 02:40:31 [INFO] 正在下载正文附件: 卫生部食品安全事故应急预案（试行）.doc
2026-06-11 02:40:36 [INFO] 正在下载正文附件: 全科医学师资培训实施意见（试行）.doc
2026-06-11 02:40:51 [INFO] 正在下载正文附件: 中华人民共和国药品监督行政执法文书.doc
2026-06-11 02:40:58 [INFO] 正在下载正文附件: 中国烟草控制规划（2012-2015年）.doc
2026-06-11 02:41:14 [INFO] 正在下载正文附件: 关于对用量小 临床必需的基本药物品种实行定点生产试点的实施方案.doc
2026-06-11 02:41:34 [INFO] 正在下载正文附件: 工作流程图.unknown
2026-06-11 02:42:00 [INFO] 正在下载正文附件: 助理全科医生培训标准（试行）.doc
2026-06-11 02:42:45 [INFO] 正在下载正文附件: 神经介入管理规范.doc
2026-06-11 02:42:49 [INFO] 正在下载正文附件: 综合介入诊疗规范.doc
2026-06-11 02:42:54 [INFO] 正在下载正文附件: 外周血管介入诊疗技术管理规范.doc
2026-06-11 02:43:12 [INFO] 正在下载正文附件: 《献血者健康检查要求》（GB 18467-2011）.unknown
2026-06-11 02:43:39 [INFO] 正在下载正文附件: 手足口病暴发疫情调查主要信息登记表.doc
2026-06-11 02:44:27 [INFO] 正在下载正文附件: 托儿所幼儿园卫生保健工作规范.doc
2026-06-11 02:45:12 [INFO] 正在下载正文附件: 康复治疗技术操作规范.pdf
2026-06-11 02:45:23 [INFO] 正在下载正文附件: 新生儿访视技术规范.doc
2026-06-11 02:45:24 [INFO] 正在下载正文附件: 儿童健康检查服务技术规范.zip
2026-06-11 02:45:46 [INFO] 正在下载正文附件: 儿童喂养与营养指导技术规范.doc
2026-06-11 02:45:47 [INFO] 正在下载正文附件: 儿童营养性疾病管理技术规范.doc
2026-06-11 02:45:51 [INFO] 正在下载正文附件: 放射卫生技术服务机构管理办法.doc
2026-06-11 02:45:53 [INFO] 正在下载正文附件: 放射诊疗建设项目卫生审查管理规定.doc
2026-06-11 02:45:53 [INFO] 正在下载正文附件: 放射卫生技术评审专家库管理办法.doc
2026-06-11 02:46:25 [INFO] 正在下载正文附件: 《重型精神疾病管理治疗工作规范（2012年版）》.pdf
2026-06-11 02:47:25 [INFO] 正在下载正文附件: 医院等级标牌标准样式.doc
2026-06-11 02:48:04 [INFO] 正在下载正文附件: 国家卫生应急综合示范县（市、区）申报表.unknown
2026-06-11 02:48:05 [INFO] 正在下载正文附件: 国家卫生应急综合示范县（市、区）推荐表.unknown
2026-06-11 02:48:18 [INFO] 正在下载正文附件: 血站技术操作规程（2012版）.doc
2026-06-11 02:48:33 [INFO] 正在下载正文附件: 母婴健康素养-基本知识与技能（试行）.doc
2026-06-11 02:48:58 [INFO] 正在下载正文附件: 中国护理事业发展规划纲要（2011-2015年）.doc
2026-06-11 02:49:11 [INFO] 正在下载正文附件: 癌痛规范化诊疗规范（2011年版）.doc
2026-06-11 02:49:30 [INFO] 正在下载正文附件: 三级综合医院评审标准实施细则（2.9）.pdf
2026-06-11 02:49:55 [INFO] 正在下载正文附件: 国家卫生应急综合示范县（市、区）评估标准.doc
2026-06-11 02:50:14 [INFO] 正在下载正文附件: 全国卫生应急工作培训大纲（2011-2015年）.doc
2026-06-11 02:50:18 [INFO] 正在下载正文附件: 点击下载附件.unknown
2026-06-11 02:50:41 [INFO] 正在下载正文附件: 三级医院优质护理服务检查评价表.doc
2026-06-11 02:50:42 [INFO] 正在下载正文附件: 三级医院优质护理服务检查评价结果表.xls
2026-06-11 02:51:21 [INFO] 正在下载正文附件: 伤害技术指南印发版pdf.rar
2026-06-11 02:52:03 [INFO] 正在下载正文附件: 中国妇女发展纲要.doc
2026-06-11 02:52:03 [INFO] 正在下载正文附件: 中国儿童发展纲要.doc
2026-06-11 02:52:31 [INFO] 正在下载正文附件: 中西部地区儿童口腔疾病综合干预项目工作规范（2011版）.unknown
2026-06-11 02:52:36 [INFO] 正在下载正文附件: 氨.pdf
2026-06-11 02:52:37 [INFO] 正在下载正文附件: 氯气.pdf
2026-06-11 02:52:39 [INFO] 正在下载正文附件: 硫化氢.pdf
2026-06-11 02:52:40 [INFO] 正在下载正文附件: 砷化氢.pdf
2026-06-11 02:52:41 [INFO] 正在下载正文附件: 一氧化碳.pdf
2026-06-11 02:52:42 [INFO] 正在下载正文附件: 单纯性窒息性气体.pdf
2026-06-11 02:52:43 [INFO] 正在下载正文附件: 苯及苯系物.pdf
2026-06-11 02:52:45 [INFO] 正在下载正文附件: 甲醇.pdf
2026-06-11 02:52:46 [INFO] 正在下载正文附件: 氰化物.pdf
2026-06-11 02:52:47 [INFO] 正在下载正文附件: 亚硝酸盐.pdf
2026-06-11 02:52:48 [INFO] 正在下载正文附件: 盐酸克伦特罗.pdf
2026-06-11 02:52:49 [INFO] 正在下载正文附件: 有机磷酸酯类杀虫剂.pdf
2026-06-11 02:52:51 [INFO] 正在下载正文附件: 抗凝血类杀鼠剂.pdf
2026-06-11 02:52:53 [INFO] 正在下载正文附件: 致痉挛性杀鼠剂.pdf
2026-06-11 02:52:55 [INFO] 正在下载正文附件: 化学中毒事件应急医学人员防护导则.pdf
2026-06-11 02:53:27 [INFO] 正在下载正文附件: 2010年度全国碘盐监测报告.unknown
2026-06-11 02:53:35 [INFO] 正在下载正文附件: 食品相关产品新品种行政许可申请表.doc
2026-06-11 02:53:38 [INFO] 正在下载正文附件: 国家基本公共卫生服务规范（2011年版）.doc
2026-06-11 02:53:54 [INFO] 正在下载正文附件: 部令82号附表.doc
2026-06-11 02:54:07 [INFO] 正在下载正文附件: 肠道病毒71型（EV71）感染重症病例临床救治专家共识（2011年版）.doc
2026-06-11 02:54:08 [INFO] 正在下载正文附件: 肠道病毒71型（EV71）感染临床处置流程图（2011年版）.doc
2026-06-11 02:54:12 [INFO] 正在下载正文附件: 人间传染的病原微生物菌（毒）种保藏机构指定工作细则.doc
2026-06-11 02:54:32 [INFO] 正在下载正文附件: 1.药品不良反应_事件报告表.doc
2026-06-11 02:54:33 [INFO] 正在下载正文附件: 2.群体不良事件基本信息表.doc
2026-06-11 02:54:33 [INFO] 正在下载正文附件: 3.境外发生的药品不良反应_事件报告表.doc
2026-06-11 02:55:00 [INFO] 正在下载正文附件: 三级综合医院评审标准（2011年版）.doc
2026-06-11 02:55:09 [INFO] 正在下载正文附件: 全国慢性病预防控制工作规范（试行）.pdf
2026-06-11 02:55:24 [INFO] 正在下载正文附件: 单采血浆站技术操作规程（2011版）.rar
2026-06-11 02:57:27 [INFO] 正在下载正文附件: 按病种收费推荐目录.unknown
2026-06-11 02:57:35 [INFO] 正在下载正文附件: 医疗机构药事管理规定.doc
2026-06-11 02:57:51 [INFO] 正在下载正文附件: 1733385969850_53378.pdf
2026-06-11 02:57:53 [INFO] 正在下载正文附件: 附件.unknown
2026-06-11 02:57:58 [INFO] 正在下载正文附件: 耳鼻咽喉科专业11个病种临床路径.doc
2026-06-11 02:58:33 [INFO] 正在下载正文附件: 流行性感冒诊断与治疗指南（2011年版）.doc
2026-06-11 02:58:37 [INFO] 正在下载正文附件: 预防艾滋病、梅毒和乙肝母婴传播工作实施方案.doc
2026-06-11 02:58:44 [INFO] 正在下载正文附件: 胃癌诊疗规范（2011年版）.doc
2026-06-11 02:58:48 [INFO] 正在下载正文附件: 糖皮质激素类药物临床应用指导原则.doc
2026-06-11 02:58:54 [INFO] >>> 开始爬取栏目：统计数据
2026-06-11 02:58:56 [INFO] 列表页请求成功：https://www.nhc.gov.cn/mohwsbwstjxxzx/tjzxtjsj/tjsj_list.shtml，状态码：200
2026-06-11 02:58:56 [INFO] 栏目 [统计数据] 第 1 页解析到 44 条
2026-06-11 02:58:58 [INFO] 列表页请求成功：https://www.nhc.gov.cn/mohwsbwstjxxzx/tjzxtjsj/tjsj_list_2.shtml，状态码：200
2026-06-11 02:58:58 [INFO] 栏目 [统计数据] 第 2 页解析到 0 条
2026-06-11 02:58:58 [INFO] 栏目 [统计数据] 当前页未解析到任何数据，自动判断已达最后一页，停止翻页！
2026-06-11 03:01:24 [INFO] 正在下载正文附件: 2019中国卫生健康统计提要.unknown
2026-06-11 03:01:37 [INFO] 正在下载正文附件: 2018中国卫生和计划生育统计提要.unknown
2026-06-11 03:02:14 [INFO] 正在下载正文附件: 2017统计提要.unknown
2026-06-11 03:02:27 [INFO] 正在下载正文附件: 2016中国卫生和计划生育统计提要.unknown
2026-06-11 03:02:42 [INFO] 正在下载正文附件: 2015中国卫生统计提要.unknown
2026-06-11 03:05:01 [INFO] 正在下载正文附件: 2014统计提要.unknown
2026-06-11 03:05:15 [INFO] 正在下载正文附件: 2013中国卫生统计提要.unknown
2026-06-11 03:05:37 [INFO] 正在下载正文附件: 2012年中国卫生统计提要.pdf
2026-06-11 03:05:43 [INFO] 正在下载正文附件: 2011年中国卫生统计提要说明及目录.pdf
2026-06-11 03:05:43 [INFO] 正在下载正文附件: 2011年中国卫生统计提要.pdf
2026-06-11 03:05:45 [INFO] 正在下载正文附件: 1740021364859_59891.pdf
2026-06-11 03:05:46 [INFO] 正在下载正文附件: 1740021364713_64482.pdf
2026-06-11 03:05:48 [INFO] 正在下载正文附件: 1740021364908_36206.pdf
2026-06-11 03:05:56 [INFO] 正在下载正文附件: 终-2024中国卫生健康统计年鉴.unknown
2026-06-11 03:06:52 [INFO] 正在下载正文附件: 2023中国卫生健康统计年鉴.unknown
2026-06-11 03:07:48 [INFO] 正在下载正文附件: 2022中国卫生健康统计年鉴.unknown
2026-06-11 03:08:12 [INFO] 正在下载正文附件: 2021中国卫生健康统计年鉴.unknown
2026-06-11 03:08:24 [INFO] 正在下载正文附件: 2020中国卫生健康统计年鉴.unknown
2026-06-11 03:08:50 [INFO] 正在下载正文附件: 2019中国卫生健康统计年鉴.unknown
2026-06-11 03:09:20 [INFO] 正在下载正文附件: 2018中国卫生健康统计年鉴.unknown
2026-06-11 03:09:53 [INFO] 正在下载正文附件: 2017年中国卫生和计划生育统计年鉴.unknown
2026-06-11 03:10:02 [INFO] 正在下载正文附件: 2016中国卫生和计划生育统计年鉴.unknown
2026-06-11 03:10:30 [INFO] 正在下载正文附件: 2015中国卫生统计年鉴.unknown
2026-06-11 03:11:03 [INFO] 正在下载正文附件: 2014中国卫生统计年鉴.unknown
2026-06-11 03:11:36 [INFO] 正在下载正文附件: 2013中国卫生统计年鉴.unknown
2026-06-11 03:18:16 [INFO] 正在下载正文附件: 2012中国卫生统计年鉴.unknown
2026-06-11 03:20:35 [INFO] 正在下载正文附件: 2011中国卫生统计年鉴.unknown
2026-06-11 03:24:24 [INFO] [国家卫生健康委员会] 爬取完毕！成功 3187 条，失败 0 条，数据保存至：D:\LZH\A-Project\Crawler311\nhc_crawler\data\output\nhc_all_documents.jsonl

2026-06-11 03:24:24 [INFO] ============== 成功加载 [国家疾病预防控制局] 解析器 ==============
2026-06-11 03:24:36 [INFO] [国家疾病预防控制局] 首页 warm-up 成功，已建立 Session/Cookie
2026-06-11 03:24:36 [INFO] 开始爬取：国家疾病预防控制局，共 6 个栏目
2026-06-11 03:24:36 [INFO] >>> 开始爬取栏目：疾控政策法规
2026-06-11 03:24:38 [INFO] 列表页请求成功：https://www.ndcpa.gov.cn/jbkzzx/c100012/common/list.html，状态码：200
2026-06-11 03:24:38 [INFO] 栏目 [疾控政策法规] 第 1 页解析到 25 条
2026-06-11 03:24:39 [INFO] 列表页请求成功：https://www.ndcpa.gov.cn/jbkzzx/c100012/common/list_1.html，状态码：200
2026-06-11 03:24:39 [INFO] 栏目 [疾控政策法规] 第 2 页解析到 0 条
2026-06-11 03:24:39 [INFO] 栏目 [疾控政策法规] 当前页未解析到任何数据，自动判断已达最后一页，停止翻页！
2026-06-11 03:25:43 [INFO] 正在下载正文附件: WST10042-2025 污水中新型冠状病毒监测技术规范.pdf
2026-06-11 03:25:45 [INFO] 正在下载正文附件: WST10043-2025 寄生虫病名词术语.pdf
2026-06-11 03:25:48 [INFO] 正在下载正文附件: WST10044-2025 学生常见病和健康影响因素监测技术规范.pdf
2026-06-11 03:25:49 [INFO] 正在下载正文附件: WST10045-2025 基于电子病历的传染病症候群监测数据元.pdf
2026-06-11 03:25:51 [INFO] 正在下载正文附件: WST10046-2025 传染病监测预警基本业务指标体系指引.pdf
2026-06-11 03:25:53 [INFO] 正在下载正文附件: WST10047-2025 实验室病原监测业务协同基本数据集.pdf
2026-06-11 03:25:55 [INFO] 正在下载正文附件: WST10048-2025 实验室病原监测协同信息接口技术规范.pdf
2026-06-11 03:25:57 [INFO] 正在下载正文附件: WST10049-2025 伤害预防控制术语标准.pdf
2026-06-11 03:26:08 [INFO] 正在下载正文附件: 优先控制化学品名录（第三批）.pdf
2026-06-11 03:26:25 [INFO] 正在下载正文附件: WST10029-2025 疟原虫检测 免疫层析法.pdf
2026-06-11 03:26:26 [INFO] 正在下载正文附件: WST10030-2025 疟原虫检测 虫种核酸鉴定法.pdf
2026-06-11 03:26:27 [INFO] 正在下载正文附件: WST10031-2025 成人及孕妇血清碘正常值标准.pdf
2026-06-11 03:26:28 [INFO] 正在下载正文附件: WST10032-2025 大骨节病消除标准.pdf
2026-06-11 03:26:28 [INFO] 正在下载正文附件: WST10033-2025 地方性氟骨症疗效判定标准.pdf
2026-06-11 03:26:30 [INFO] 正在下载正文附件: WST10034-2025 尿中氟化物测定 全自动电位法.pdf
2026-06-11 03:26:33 [INFO] 正在下载正文附件: WST10035-2025 尿中砷形态测定 液相色谱-电感耦合等离子体质谱联用法.pdf
2026-06-11 03:26:35 [INFO] 正在下载正文附件: WST10036-2025 水中氟化物快速检测 酶标仪法.pdf
2026-06-11 03:26:36 [INFO] 正在下载正文附件: WST10037-2025 热浪人群健康风险评估技术指南.pdf
2026-06-11 03:26:37 [INFO] 正在下载正文附件: WST10038-2025 突发饮用水污染事件应急供水水质卫生标准.pdf.pdf
2026-06-11 03:26:39 [INFO] 正在下载正文附件: WST10039-2025 儿童青少年裸眼视力和屈光状态评价规范.pdf
2026-06-11 03:26:40 [INFO] 正在下载正文附件: WST10040-2025传染病监测预警智慧化成熟度评估指标体系.pdf
2026-06-11 03:26:41 [INFO] 正在下载正文附件: WST10041-2025传染病监测预警信息平台基础数据底座基本要求.pdf
2026-06-11 03:27:47 [INFO] 正在下载正文附件: 流行病学个案调查表.pdf
2026-06-11 03:27:48 [INFO] 正在下载正文附件: 监测指标要求及说明.pdf
2026-06-11 03:27:48 [INFO] 正在下载正文附件: 麻疹风疹聚集性疫情调查处置指南.pdf
2026-06-11 03:27:49 [INFO] 正在下载正文附件: 麻疹风疹实验室检测技术指南.pdf
2026-06-11 03:27:49 [INFO] 正在下载正文附件: 麻疹防控科普知识要点.pdf
2026-06-11 03:27:50 [INFO] 正在下载正文附件: 风疹防控科普知识要点.pdf
2026-06-11 03:28:30 [INFO] 正在下载正文附件: 国家突发急性传染病防控队伍管理办法.pdf
2026-06-11 03:28:45 [INFO] >>> 开始爬取栏目：疾病预防控制标准
2026-06-11 03:28:46 [INFO] 列表页请求成功：https://www.ndcpa.gov.cn/jbkzzx/c100042/common/list.html，状态码：200
2026-06-11 03:28:46 [INFO] 栏目 [疾病预防控制标准] 第 1 页解析到 42 条
2026-06-11 03:28:48 [INFO] 列表页请求成功：https://www.ndcpa.gov.cn/jbkzzx/c100042/common/list_1.html，状态码：200
2026-06-11 03:28:48 [INFO] 栏目 [疾病预防控制标准] 第 2 页解析到 0 条
2026-06-11 03:28:48 [INFO] 栏目 [疾病预防控制标准] 当前页未解析到任何数据，自动判断已达最后一页，停止翻页！
2026-06-11 03:28:54 [INFO] 正在下载正文附件: WST10042-2025 污水中新型冠状病毒监测技术规范.pdf
2026-06-11 03:29:04 [INFO] 正在下载正文附件: WS 196-2017.结核病分类.pdf
2026-06-11 03:29:13 [INFO] 正在下载正文附件: WST 590—2018.基孔肯雅热诊断.pdf
2026-06-11 03:29:23 [INFO] 正在下载正文附件: WST 191-2017.软下疳诊断.pdf
2026-06-11 03:29:33 [INFO] 正在下载正文附件: WST 236-2017.生殖器疱疹诊断.pdf
2026-06-11 03:29:41 [INFO] 正在下载正文附件: WST10043-2025 寄生虫病名词术语.pdf
2026-06-11 03:29:52 [INFO] 正在下载正文附件: WST10030-2025 疟原虫检测 虫种核酸鉴定法.pdf
2026-06-11 03:30:00 [INFO] 正在下载正文附件: WST10029-2025 疟原虫检测 免疫层析法.pdf
2026-06-11 03:30:09 [INFO] 正在下载正文附件: WST10018-2024. 利什曼原虫检测 涂片镜检法.pdf
2026-06-11 03:30:17 [INFO] 正在下载正文附件: WST 791—2021.钩虫检测及虫种鉴定标准 钩蚴培养法.pdf
2026-06-11 03:30:27 [INFO] 正在下载正文附件: GBT 16006-2025碘缺乏病消除.pdf
2026-06-11 03:30:35 [INFO] 正在下载正文附件: GBT 46659-2025水源性高碘地区和高碘病区控制.pdf
2026-06-11 03:30:45 [INFO] 正在下载正文附件: WST10036-2025 水中氟化物快速检测 酶标仪法.pdf
2026-06-11 03:30:53 [INFO] 正在下载正文附件: WST10035-2025 尿中砷形态测定 液相色谱-电感耦合等离子体质谱联用法.pdf
2026-06-11 03:31:02 [INFO] 正在下载正文附件: WST10034-2025 尿中氟化物测定 全自动电位法.pdf
2026-06-11 03:31:10 [INFO] 正在下载正文附件: WST10038-2025 突发饮用水污染事件应急供水水质卫生标准.pdf
2026-06-11 03:31:35 [INFO] 正在下载正文附件: WST10037-2025 热浪人群健康风险评估技术指南.pdf
2026-06-11 03:31:45 [INFO] 正在下载正文附件: GBT 17219-2025生活饮用水输配水设备及防护材料的安全性评价标准.pdf
2026-06-11 03:31:56 [INFO] 正在下载正文附件: GBT 17218-2025生活饮用水化学处理剂卫生安全性评价.pdf
2026-06-11 03:32:06 [INFO] 正在下载正文附件: GBT 16126-2025人体生物监测质量保证规范.pdf
2026-06-11 03:32:15 [INFO] 正在下载正文附件: WST10044-2025 学生常见病和健康影响因素监测技术规范.pdf
2026-06-11 03:32:24 [INFO] 正在下载正文附件: WST10039-2025 儿童青少年裸眼视力和屈光状态评价规范.pdf
2026-06-11 03:32:32 [INFO] 正在下载正文附件: GB 7793-2025中小学校教室采光和照明卫生标准.pdf
2026-06-11 03:32:41 [INFO] 正在下载正文附件: WST10021-2024 .学生健康管理技术规范.pdf
2026-06-11 03:32:51 [INFO] 正在下载正文附件: WST10020-2024 .中小学生健康体检质量控制规范.pdf
2026-06-11 03:33:01 [INFO] 正在下载正文附件: GB 19193-2025传染病消毒规范.pdf
2026-06-11 03:33:09 [INFO] 正在下载正文附件: WST10017-2024.邻苯二甲醛消毒剂卫生要求.pdf
2026-06-11 03:33:19 [INFO] 正在下载正文附件: WST10016-2024.消毒剂与抗抑菌剂中激素的检测方法.pdf
2026-06-11 03:33:30 [INFO] 正在下载正文附件: WST10015-2024 .内镜灭菌效果评价方法 .pdf
2026-06-11 03:33:38 [INFO] 正在下载正文附件: GB 28931-2024.二氧化氯消毒剂发生器卫生要求.pdf
2026-06-11 03:33:48 [INFO] 正在下载正文附件: WST10048-2025 实验室病原监测协同信息接口技术规范.pdf
2026-06-11 03:33:56 [INFO] 正在下载正文附件: WST10047-2025 实验室病原监测业务协同基本数据集.pdf
2026-06-11 03:34:06 [INFO] 正在下载正文附件: WST10046-2025 传染病监测预警基本业务指标体系指引.pdf
2026-06-11 03:34:16 [INFO] 正在下载正文附件: WST10045-2025 基于电子病历的传染病症候群监测数据元.pdf
2026-06-11 03:34:27 [INFO] 正在下载正文附件: WST10041-2025传染病监测预警信息平台基础数据底座基本要求.pdf
2026-06-11 03:34:36 [INFO] 正在下载正文附件: WST10049-2025 伤害预防控制术语标准.pdf
2026-06-11 03:34:46 [INFO] 正在下载正文附件: GBT31180-2014.儿童青少年伤害监测方法.pdf
2026-06-11 03:34:56 [INFO] 正在下载正文附件: WST 10011.5-2023.公共卫生检测与评价实验室常用名词术语标准 第5部分：分子生物学检测.pdf
2026-06-11 03:35:05 [INFO] 正在下载正文附件: WS_T10011.4-2023.公共卫生检测与评价实验室常用名词术语标准 第4部分：毒理学安全性评价.pdf
2026-06-11 03:35:15 [INFO] 正在下载正文附件: WS_T10011.3-2023.公共卫生检测与评价实验室常用名词术语标准 第3部分：微生物检测.pdf
2026-06-11 03:35:24 [INFO] 正在下载正文附件: WS_T10011.2-2023.公共卫生检测与评价实验室常用名词术语标准 第2部分：理化检测.pdf.
2026-06-11 03:35:33 [INFO] 正在下载正文附件: WS_T10011.1-2023.公共卫生检测与评价实验室常用名词术语标准 第1部分：基础术语.pdf
2026-06-11 03:35:38 [INFO] >>> 开始爬取栏目：政策解读
2026-06-11 03:35:39 [INFO] 列表页请求成功：https://www.ndcpa.gov.cn/jbkzzx/c100013/common/list.html，状态码：200
2026-06-11 03:35:39 [INFO] 栏目 [政策解读] 第 1 页解析到 25 条
2026-06-11 03:35:41 [INFO] 列表页请求成功：https://www.ndcpa.gov.cn/jbkzzx/c100013/common/list_1.html，状态码：200
2026-06-11 03:35:41 [INFO] 栏目 [政策解读] 第 2 页解析到 0 条
2026-06-11 03:35:41 [INFO] 栏目 [政策解读] 当前页未解析到任何数据，自动判断已达最后一页，停止翻页！
2026-06-11 03:38:57 [INFO] >>> 开始爬取栏目：疫情信息
2026-06-11 03:38:58 [INFO] 列表页请求成功：https://www.ndcpa.gov.cn/jbkzzx/c100016/second/list.html，状态码：200
2026-06-11 03:38:59 [INFO] 栏目 [疫情信息] 第 1 页解析到 25 条
2026-06-11 03:39:00 [INFO] 列表页请求成功：https://www.ndcpa.gov.cn/jbkzzx/c100016/second/list_1.html，状态码：200
2026-06-11 03:39:00 [INFO] 栏目 [疫情信息] 第 2 页解析到 0 条
2026-06-11 03:39:00 [INFO] 栏目 [疫情信息] 当前页未解析到任何数据，自动判断已达最后一页，停止翻页！
2026-06-11 03:42:19 [INFO] >>> 开始爬取栏目：法定传染病目录
2026-06-11 03:42:20 [INFO] 列表页请求成功：https://www.ndcpa.gov.cn/jbkzzx/c100041/common/list.html，状态码：200
2026-06-11 03:42:20 [INFO] 栏目 [法定传染病目录] 第 1 页解析到 42 条
2026-06-11 03:42:23 [INFO] 列表页请求成功：https://www.ndcpa.gov.cn/jbkzzx/c100041/common/list_1.html，状态码：200
2026-06-11 03:42:23 [INFO] 栏目 [法定传染病目录] 第 2 页解析到 0 条
2026-06-11 03:42:23 [INFO] 栏目 [法定传染病目录] 当前页未解析到任何数据，自动判断已达最后一页，停止翻页！
2026-06-11 03:47:48 [INFO] >>> 开始爬取栏目：疾控科普
2026-06-11 03:47:50 [INFO] 列表页请求成功：https://www.ndcpa.gov.cn/jbkzzx/c100040/common/list.html，状态码：200
2026-06-11 03:47:50 [INFO] 栏目 [疾控科普] 第 1 页解析到 25 条
2026-06-11 03:47:51 [INFO] 列表页请求成功：https://www.ndcpa.gov.cn/jbkzzx/c100040/common/list_1.html，状态码：200
2026-06-11 03:47:51 [INFO] 栏目 [疾控科普] 第 2 页解析到 0 条
2026-06-11 03:47:51 [INFO] 栏目 [疾控科普] 当前页未解析到任何数据，自动判断已达最后一页，停止翻页！
2026-06-11 03:51:14 [INFO] [国家疾病预防控制局] 爬取完毕！成功 184 条，失败 0 条，数据保存至：D:\LZH\A-Project\Crawler311\nhc_crawler\data\output\ndcpa_all_documents.jsonl

2026-06-11 03:51:14 [INFO] ============== 成功加载 [中国疾病预防控制中心] 解析器 ==============
2026-06-11 03:51:24 [INFO] [中国疾病预防控制中心] 首页 warm-up 成功，已建立 Session/Cookie
2026-06-11 03:51:24 [INFO] 开始爬取：中国疾病预防控制中心，共 18 个栏目
2026-06-11 03:51:24 [INFO] >>> 开始爬取栏目：全国法定传染病疫情情况
2026-06-11 03:51:26 [INFO] 列表页请求成功：https://www.chinacdc.cn/jksj/jksj01/，状态码：200
2026-06-11 03:51:26 [INFO] 栏目 [全国法定传染病疫情情况] 第 1 页解析到 12 条
2026-06-11 03:51:28 [INFO] 列表页请求成功：https://www.chinacdc.cn/jksj/jksj01/index_1.html，状态码：200
2026-06-11 03:51:28 [INFO] 栏目 [全国法定传染病疫情情况] 第 2 页解析到 12 条
2026-06-11 03:51:30 [INFO] 列表页请求成功：https://www.chinacdc.cn/jksj/jksj01/index_2.html，状态码：200
2026-06-11 03:51:30 [INFO] 栏目 [全国法定传染病疫情情况] 第 3 页解析到 6 条
2026-06-11 03:51:31 [INFO] 列表页请求成功：https://www.chinacdc.cn/jksj/jksj01/index_3.html，状态码：200
2026-06-11 03:51:31 [INFO] 栏目 [全国法定传染病疫情情况] 第 4 页解析到 0 条
2026-06-11 03:51:31 [INFO] 栏目 [全国法定传染病疫情情况] 当前页未解析到任何数据，自动判断已达最后一页，停止翻页！
2026-06-11 03:53:21 [INFO] >>> 开始爬取栏目：全国新型冠状病毒感染疫情情况
2026-06-11 03:53:22 [INFO] 列表页请求成功：https://www.chinacdc.cn/jksj/xgbdyq/，状态码：200
2026-06-11 03:53:22 [INFO] 栏目 [全国新型冠状病毒感染疫情情况] 第 1 页解析到 12 条
2026-06-11 03:53:24 [INFO] 列表页请求成功：https://www.chinacdc.cn/jksj/xgbdyq/index_1.html，状态码：200
2026-06-11 03:53:24 [INFO] 栏目 [全国新型冠状病毒感染疫情情况] 第 2 页解析到 12 条
2026-06-11 03:53:26 [INFO] 列表页请求成功：https://www.chinacdc.cn/jksj/xgbdyq/index_2.html，状态码：200
2026-06-11 03:53:26 [INFO] 栏目 [全国新型冠状病毒感染疫情情况] 第 3 页解析到 12 条
2026-06-11 03:53:28 [INFO] 列表页请求成功：https://www.chinacdc.cn/jksj/xgbdyq/index_3.html，状态码：200
2026-06-11 03:53:28 [INFO] 栏目 [全国新型冠状病毒感染疫情情况] 第 4 页解析到 12 条
2026-06-11 03:53:29 [INFO] 列表页请求成功：https://www.chinacdc.cn/jksj/xgbdyq/index_4.html，状态码：200
2026-06-11 03:53:29 [INFO] 栏目 [全国新型冠状病毒感染疫情情况] 第 5 页解析到 8 条
2026-06-11 03:53:31 [INFO] 列表页请求成功：https://www.chinacdc.cn/jksj/xgbdyq/index_5.html，状态码：200
2026-06-11 03:53:31 [INFO] 栏目 [全国新型冠状病毒感染疫情情况] 第 6 页解析到 0 条
2026-06-11 03:53:31 [INFO] 栏目 [全国新型冠状病毒感染疫情情况] 当前页未解析到任何数据，自动判断已达最后一页，停止翻页！
2026-06-11 04:00:43 [INFO] >>> 开始爬取栏目：重点传染病和突发公共卫生事件风险评估报告
2026-06-11 04:00:45 [INFO] 列表页请求成功：https://www.chinacdc.cn/jksj/jksj02/，状态码：200
2026-06-11 04:00:45 [INFO] 栏目 [重点传染病和突发公共卫生事件风险评估报告] 第 1 页解析到 12 条
2026-06-11 04:00:47 [INFO] 列表页请求成功：https://www.chinacdc.cn/jksj/jksj02/index_1.html，状态码：200
2026-06-11 04:00:47 [INFO] 栏目 [重点传染病和突发公共卫生事件风险评估报告] 第 2 页解析到 12 条
2026-06-11 04:00:49 [INFO] 列表页请求成功：https://www.chinacdc.cn/jksj/jksj02/index_2.html，状态码：200
2026-06-11 04:00:49 [INFO] 栏目 [重点传染病和突发公共卫生事件风险评估报告] 第 3 页解析到 5 条
2026-06-11 04:00:50 [INFO] 列表页请求成功：https://www.chinacdc.cn/jksj/jksj02/index_3.html，状态码：200
2026-06-11 04:00:50 [INFO] 栏目 [重点传染病和突发公共卫生事件风险评估报告] 第 4 页解析到 0 条
2026-06-11 04:00:50 [INFO] 栏目 [重点传染病和突发公共卫生事件风险评估报告] 当前页未解析到任何数据，自动判断已达最后一页，停止翻页！
2026-06-11 04:00:50 [INFO] 检测到直链文件，直接入库跳过解析：https://www.chinacdc.cn/jksj/jksj02/202606/P020260604408941797248.pdf
2026-06-11 04:00:50 [INFO] 正在下载直链文件: 2026年5月中国需关注的突发公共卫生事件风险评估 2026-06-04.pdf
2026-06-11 04:00:51 [INFO] 检测到直链文件，直接入库跳过解析：https://www.chinacdc.cn/jksj/jksj02/202604/P020260428210474174178.pdf
2026-06-11 04:00:51 [INFO] 正在下载直链文件: 2026年4月中国需关注的突发公共卫生事件风险评估 2026-04-27.pdf
2026-06-11 04:00:52 [INFO] 检测到直链文件，直接入库跳过解析：https://www.chinacdc.cn/jksj/jksj02/202604/P020260423416557955257.pdf
2026-06-11 04:00:52 [INFO] 正在下载直链文件: 2026年3月中国需关注的突发公共卫生事件风险评估 2026-04-23.pdf
2026-06-11 04:00:53 [INFO] 检测到直链文件，直接入库跳过解析：https://www.chinacdc.cn/jksj/jksj02/202603/P020260415619962249466.pdf
2026-06-11 04:00:53 [INFO] 正在下载直链文件: 2026年2月中国需关注的突发公共卫生事件风险评估 2026-03-06.pdf
2026-06-11 04:00:54 [INFO] 检测到直链文件，直接入库跳过解析：https://www.chinacdc.cn/jksj/jksj02/202601/P020260422833406812816.pdf
2026-06-11 04:00:54 [INFO] 正在下载直链文件: 2026年1月中国需关注的突发公共卫生事件风险评估 2026-01-23.pdf
2026-06-11 04:00:54 [INFO] 检测到直链文件，直接入库跳过解析：https://www.chinacdc.cn/jksj/jksj02/202601/P020260105330213069563.pdf
2026-06-11 04:00:54 [INFO] 正在下载直链文件: 2025年12月中国需关注的突发公共卫生事件风险评估 2026-01-04.pdf
2026-06-11 04:00:55 [INFO] 检测到直链文件，直接入库跳过解析：https://www.chinacdc.cn/jksj/jksj02/202512/P020260428344408144028.pdf
2026-06-11 04:00:55 [INFO] 正在下载直链文件: 2025年11月中国需关注的突发公共卫生事件风险评估 2025-12-23.pdf
2026-06-11 04:00:56 [INFO] 检测到直链文件，直接入库跳过解析：https://www.chinacdc.cn/jksj/jksj02/202510/P020260423030698951113.pdf
2026-06-11 04:00:56 [INFO] 正在下载直链文件: 2025年10月中国需关注的突发公共卫生事件风险评估 2025-10-28.pdf
2026-06-11 04:00:57 [INFO] 检测到直链文件，直接入库跳过解析：https://www.chinacdc.cn/jksj/jksj02/202510/P020260423031008974995.pdf
2026-06-11 04:00:57 [INFO] 正在下载直链文件: 2025年9月中国需关注的突发公共卫生事件风险评估 2025-10-15.pdf
2026-06-11 04:00:58 [INFO] 检测到直链文件，直接入库跳过解析：https://www.chinacdc.cn/jksj/jksj02/202509/P020260423031286650310.pdf
2026-06-11 04:00:58 [INFO] 正在下载直链文件: 2025年8月中国需关注的突发公共卫生事件风险评估 2025-09-02.pdf
2026-06-11 04:00:59 [INFO] 检测到直链文件，直接入库跳过解析：https://www.chinacdc.cn/jksj/jksj02/202507/P020260423031563486433.pdf
2026-06-11 04:00:59 [INFO] 正在下载直链文件: 2025年7月中国需关注的突发公共卫生事件风险评估 2025-07-31.pdf
2026-06-11 04:01:00 [INFO] 检测到直链文件，直接入库跳过解析：https://www.chinacdc.cn/jksj/jksj02/202506/P020250625788242467817.pdf
2026-06-11 04:01:00 [INFO] 正在下载直链文件: 2025年6月中国需关注的突发公共卫生事件风险评估 2025-06-25.pdf
2026-06-11 04:01:01 [INFO] 检测到直链文件，直接入库跳过解析：https://www.chinacdc.cn/jksj/jksj02/202506/P020260423401522080810.pdf
2026-06-11 04:01:01 [INFO] 正在下载直链文件: 2025年5月中国需关注的突发公共卫生事件风险评估 2025-06-09.pdf
2026-06-11 04:01:02 [INFO] 检测到直链文件，直接入库跳过解析：https://www.chinacdc.cn/jksj/jksj02/202505/P020260423401152153683.pdf
2026-06-11 04:01:02 [INFO] 正在下载直链文件: 2025年4月中国需关注的突发公共卫生事件风险评估 2025-05-12.pdf
2026-06-11 04:01:02 [INFO] 检测到直链文件，直接入库跳过解析：https://www.chinacdc.cn/jksj/jksj02/202503/P020250331764425124678.pdf
2026-06-11 04:01:02 [INFO] 正在下载直链文件: 2025年3月中国需关注的突发公共卫生事件风险评估 2025-03-31.pdf
2026-06-11 04:01:04 [INFO] 检测到直链文件，直接入库跳过解析：https://www.chinacdc.cn/jksj/jksj02/202503/P020260424585180135718.pdf
2026-06-11 04:01:04 [INFO] 正在下载直链文件: 2025年2月中国需关注的突发公共卫生事件风险评估 2025-02-28.pdf
2026-06-11 04:01:05 [INFO] 检测到直链文件，直接入库跳过解析：https://www.chinacdc.cn/jksj/jksj02/202503/P020260423400871387969.pdf
2026-06-11 04:01:05 [INFO] 正在下载直链文件: 2025年1月中国需关注的突发公共卫生事件风险评估 2025-01-30.pdf
2026-06-11 04:01:06 [INFO] 检测到直链文件，直接入库跳过解析：https://www.chinacdc.cn/jksj/jksj02/202501/P020260423400531862333.pdf
2026-06-11 04:01:06 [INFO] 正在下载直链文件: 2024年12月中国需关注的突发公共卫生事件风险评估 2025-01-01.pdf
2026-06-11 04:01:07 [INFO] 检测到直链文件，直接入库跳过解析：https://www.chinacdc.cn/jksj/jksj02/202411/P020260424583297963956.pdf
2026-06-11 04:01:07 [INFO] 正在下载直链文件: 2024年11月中国需关注的突发公共卫生事件风险评估 2024-11-28.pdf
2026-06-11 04:01:08 [INFO] 检测到直链文件，直接入库跳过解析：https://www.chinacdc.cn/jksj/jksj02/202411/P020241127415924213412.pdf
2026-06-11 04:01:08 [INFO] 正在下载直链文件: 2024年10月中国需关注的突发公共卫生事件风险评估 2024-10-30.pdf
2026-06-11 04:01:09 [INFO] 检测到直链文件，直接入库跳过解析：https://www.chinacdc.cn/jksj/jksj02/202410/P020241012526950115591.pdf
2026-06-11 04:01:09 [INFO] 正在下载直链文件: 2024年9月中国需关注的突发公共卫生事件风险评估 2024-09-29.pdf
2026-06-11 04:01:10 [INFO] 检测到直链文件，直接入库跳过解析：https://www.chinacdc.cn/jksj/jksj02/202410/P020241012526668584278.pdf
2026-06-11 04:01:10 [INFO] 正在下载直链文件: 2024年8月中国需关注的突发公共卫生事件风险评估 2024-08-30.pdf
2026-06-11 04:01:11 [INFO] 检测到直链文件，直接入库跳过解析：https://www.chinacdc.cn/jksj/jksj02/202409/P020240918317790244791.pdf
2026-06-11 04:01:11 [INFO] 正在下载直链文件: 2024年7月中国需关注的突发公共卫生事件风险评估 2024-07-30.pdf
2026-06-11 04:01:11 [INFO] 检测到直链文件，直接入库跳过解析：https://www.chinacdc.cn/jksj/jksj02/202408/P020240829448284024943.pdf
2026-06-11 04:01:11 [INFO] 正在下载直链文件: 2024年6月中国需关注的突发公共卫生事件风险评估 2024-06-30.pdf
2026-06-11 04:01:12 [INFO] 检测到直链文件，直接入库跳过解析：https://www.chinacdc.cn/jksj/jksj02/202408/P020240829447824194023.pdf
2026-06-11 04:01:12 [INFO] 正在下载直链文件: 2024年5月中国需关注的突发公共卫生事件风险评估 2024-05-30.pdf
2026-06-11 04:01:13 [INFO] 检测到直链文件，直接入库跳过解析：https://www.chinacdc.cn/jksj/jksj02/202408/P020240829447248568315.pdf
2026-06-11 04:01:13 [INFO] 正在下载直链文件: 2024年4月中国需关注的突发公共卫生事件风险评估 2024-04-30.pdf
2026-06-11 04:01:14 [INFO] 检测到直链文件，直接入库跳过解析：https://www.chinacdc.cn/jksj/jksj02/202408/P020240829446770013475.pdf
2026-06-11 04:01:14 [INFO] 正在下载直链文件: 2024年3月中国需关注的突发公共卫生事件风险评估 2024-03-30.pdf
2026-06-11 04:01:15 [INFO] 检测到直链文件，直接入库跳过解析：https://www.chinacdc.cn/jksj/jksj02/202408/P020240829446283692472.pdf
2026-06-11 04:01:15 [INFO] 正在下载直链文件: 2024年2月中国需关注的突发公共卫生事件风险评估 2024-02-28.pdf
2026-06-11 04:01:15 [INFO] 检测到直链文件，直接入库跳过解析：https://www.chinacdc.cn/jksj/jksj02/202408/P020240829445763653434.pdf
2026-06-11 04:01:15 [INFO] 正在下载直链文件: 2024年1月中国需关注的突发公共卫生事件风险评估 2024-01-30.pdf
2026-06-11 04:01:16 [INFO] >>> 开始爬取栏目：全球传染病疫情风险评估报告
2026-06-11 04:01:18 [INFO] 列表页请求成功：https://www.chinacdc.cn/jksj/jksj03/，状态码：200
2026-06-11 04:01:18 [INFO] 栏目 [全球传染病疫情风险评估报告] 第 1 页解析到 12 条
2026-06-11 04:01:20 [INFO] 列表页请求成功：https://www.chinacdc.cn/jksj/jksj03/index_1.html，状态码：200
2026-06-11 04:01:20 [INFO] 栏目 [全球传染病疫情风险评估报告] 第 2 页解析到 12 条
2026-06-11 04:01:21 [INFO] 列表页请求成功：https://www.chinacdc.cn/jksj/jksj03/index_2.html，状态码：200
2026-06-11 04:01:21 [INFO] 栏目 [全球传染病疫情风险评估报告] 第 3 页解析到 4 条
2026-06-11 04:01:23 [INFO] 列表页请求成功：https://www.chinacdc.cn/jksj/jksj03/index_3.html，状态码：200
2026-06-11 04:01:23 [INFO] 栏目 [全球传染病疫情风险评估报告] 第 4 页解析到 0 条
2026-06-11 04:01:23 [INFO] 栏目 [全球传染病疫情风险评估报告] 当前页未解析到任何数据，自动判断已达最后一页，停止翻页！
2026-06-11 04:01:23 [INFO] 检测到直链文件，直接入库跳过解析：https://www.chinacdc.cn/jksj/jksj03/202605/P020260515789507851975.pdf
2026-06-11 04:01:23 [INFO] 正在下载直链文件: 2026年4月全球传染病事件风险评估 2026-05-15.pdf
2026-06-11 04:01:24 [INFO] 检测到直链文件，直接入库跳过解析：https://www.chinacdc.cn/jksj/jksj03/202604/P020260420552565033760.pdf
2026-06-11 04:01:24 [INFO] 正在下载直链文件: 2026年3月全球传染病事件风险评估 2026-04-20.pdf
2026-06-11 04:01:24 [INFO] 检测到直链文件，直接入库跳过解析：https://www.chinacdc.cn/jksj/jksj03/202603/P020260422834464065806.pdf
2026-06-11 04:01:24 [INFO] 正在下载直链文件: 2026年2月全球传染病事件风险评估 2026-03-17.pdf
2026-06-11 04:01:25 [INFO] 检测到直链文件，直接入库跳过解析：https://www.chinacdc.cn/jksj/jksj03/202602/P020260318352474208369.pdf
2026-06-11 04:01:25 [INFO] 正在下载直链文件: 2026年1月全球传染病事件风险评估 2026-02-11.pdf
2026-06-11 04:01:26 [INFO] 检测到直链文件，直接入库跳过解析：https://www.chinacdc.cn/jksj/jksj03/202601/P020260428342047504959.pdf
2026-06-11 04:01:26 [INFO] 正在下载直链文件: 2025年12月全球传染病事件风险评估 2026-01-15.pdf
2026-06-11 04:01:27 [INFO] 检测到直链文件，直接入库跳过解析：https://www.chinacdc.cn/jksj/jksj03/202512/P020260423402255544352.pdf
2026-06-11 04:01:27 [INFO] 正在下载直链文件: 2025年11月全球传染病事件风险评估 2025-12-17.pdf
2026-06-11 04:01:28 [INFO] 检测到直链文件，直接入库跳过解析：https://www.chinacdc.cn/jksj/jksj03/202511/P020260507511389751155.pdf
2026-06-11 04:01:28 [INFO] 正在下载直链文件: 2025年10月全球传染病事件风险评估 2025-11-18.pdf
2026-06-11 04:01:29 [INFO] 检测到直链文件，直接入库跳过解析：https://www.chinacdc.cn/jksj/jksj03/202510/P020251125320012364736.pdf
2026-06-11 04:01:29 [INFO] 正在下载直链文件: 2025年9月全球传染病事件风险评估 2025-10-15.pdf
2026-06-11 04:01:30 [INFO] 检测到直链文件，直接入库跳过解析：https://www.chinacdc.cn/jksj/jksj03/202509/P020260423401976764662.pdf
2026-06-11 04:01:30 [INFO] 正在下载直链文件: 2025年8月全球传染病事件风险评估 2025-09-12.pdf
2026-06-11 04:01:31 [INFO] 检测到直链文件，直接入库跳过解析：https://www.chinacdc.cn/jksj/jksj03/202508/P020250820398520499019.pdf
2026-06-11 04:01:31 [INFO] 正在下载直链文件: 2025年7月全球传染病事件风险评估 2025-08-14.pdf
2026-06-11 04:01:32 [INFO] 检测到直链文件，直接入库跳过解析：https://www.chinacdc.cn/jksj/jksj03/202507/P020250715540887339435.pdf
2026-06-11 04:01:32 [INFO] 正在下载直链文件: 2025年6月全球传染病事件风险评估 2025-07-15.pdf
2026-06-11 04:01:33 [INFO] 检测到直链文件，直接入库跳过解析：https://www.chinacdc.cn/jksj/jksj03/202506/P020250616337584394650.pdf
2026-06-11 04:01:33 [INFO] 正在下载直链文件: 2025年5月全球传染病事件风险评估 2025-06-14.pdf
2026-06-11 04:01:34 [INFO] 检测到直链文件，直接入库跳过解析：https://www.chinacdc.cn/jksj/jksj03/202505/P020250519553920700486.pdf
2026-06-11 04:01:34 [INFO] 正在下载直链文件: 2025年4月全球传染病事件风险评估 2025-05-19.pdf
2026-06-11 04:01:35 [INFO] 检测到直链文件，直接入库跳过解析：https://www.chinacdc.cn/jksj/jksj03/202505/P020250519423736875668.pdf
2026-06-11 04:01:35 [INFO] 正在下载直链文件: 2025年3月全球传染病事件风险评估 2025-05-19.pdf
2026-06-11 04:01:37 [INFO] 检测到直链文件，直接入库跳过解析：https://www.chinacdc.cn/jksj/jksj03/202503/P020250326420304409160.pdf
2026-06-11 04:01:37 [INFO] 正在下载直链文件: 2025年2月全球传染病事件风险评估 2025-03-20.pdf
2026-06-11 04:01:38 [INFO] 检测到直链文件，直接入库跳过解析：https://www.chinacdc.cn/jksj/jksj03/202502/P020250224506992954832.pdf
2026-06-11 04:01:38 [INFO] 正在下载直链文件: 2025年1月全球传染病事件风险评估 2025-02-20.pdf
2026-06-11 04:01:38 [INFO] 检测到直链文件，直接入库跳过解析：https://www.chinacdc.cn/jksj/jksj03/202502/P020250321565088981163.pdf
2026-06-11 04:01:38 [INFO] 正在下载直链文件: 2024年12月全球传染病事件风险评估 2025-01-20.pdf
2026-06-11 04:01:39 [INFO] 检测到直链文件，直接入库跳过解析：https://www.chinacdc.cn/jksj/jksj03/202412/P020241224343939494237.pdf
2026-06-11 04:01:39 [INFO] 正在下载直链文件: 2024年11月全球传染病事件风险评估 2024-12-20.pdf
2026-06-11 04:01:40 [INFO] 检测到直链文件，直接入库跳过解析：https://www.chinacdc.cn/jksj/jksj03/202412/P020260424583885364646.pdf
2026-06-11 04:01:40 [INFO] 正在下载直链文件: 2024年10月全球传染病事件风险评估 2024-11-20.pdf
2026-06-11 04:01:41 [INFO] 检测到直链文件，直接入库跳过解析：https://www.chinacdc.cn/jksj/jksj03/202410/P020241107332401105800.pdf
2026-06-11 04:01:41 [INFO] 正在下载直链文件: 2024年9月全球传染病事件风险评估 2024-10-28.pdf
2026-06-11 04:01:41 [INFO] 检测到直链文件，直接入库跳过解析：https://www.chinacdc.cn/jksj/jksj03/202410/P020241107332538143303.pdf
2026-06-11 04:01:41 [INFO] 正在下载直链文件: 2024年8月全球传染病事件风险评估 2024-10-01.pdf
2026-06-11 04:01:42 [INFO] 检测到直链文件，直接入库跳过解析：https://www.chinacdc.cn/jksj/jksj03/202408/P020241107332659210449.pdf
2026-06-11 04:01:42 [INFO] 正在下载直链文件: 2024年7月全球传染病事件风险评估 2024-08-27.pdf
2026-06-11 04:01:43 [INFO] 检测到直链文件，直接入库跳过解析：https://www.chinacdc.cn/jksj/jksj03/202408/P020241107332777955500.pdf
2026-06-11 04:01:43 [INFO] 正在下载直链文件: 2024年6月全球传染病事件风险评估 2024-07-31.pdf
2026-06-11 04:01:44 [INFO] 检测到直链文件，直接入库跳过解析：https://www.chinacdc.cn/jksj/jksj03/202408/P020241107332893077100.pdf
2026-06-11 04:01:44 [INFO] 正在下载直链文件: 2024年5月全球传染病事件风险评估 2024-06-30.pdf
2026-06-11 04:01:45 [INFO] 检测到直链文件，直接入库跳过解析：https://www.chinacdc.cn/jksj/jksj03/202408/P020241107332992831832.pdf
2026-06-11 04:01:45 [INFO] 正在下载直链文件: 2024年4月全球传染病事件风险评估 2024-05-30.pdf
2026-06-11 04:01:46 [INFO] 检测到直链文件，直接入库跳过解析：https://www.chinacdc.cn/jksj/jksj03/202408/P020241107333109201961.pdf
2026-06-11 04:01:46 [INFO] 正在下载直链文件: 2024年3月全球传染病事件风险评估 2024-04-30.pdf
2026-06-11 04:01:47 [INFO] 检测到直链文件，直接入库跳过解析：https://www.chinacdc.cn/jksj/jksj03/202408/P020241107333214279220.pdf
2026-06-11 04:01:47 [INFO] 正在下载直链文件: 2024年2月全球传染病事件风险评估 2024-03-30.pdf
2026-06-11 04:01:47 [INFO] 检测到直链文件，直接入库跳过解析：https://www.chinacdc.cn/jksj/jksj03/202408/P020241107335113336468.pdf
2026-06-11 04:01:47 [INFO] 正在下载直链文件: 2024年1月全球传染病事件风险评估 2024-02-28.pdf
2026-06-11 04:01:49 [INFO] >>> 开始爬取栏目：全国预防接种异常反应监测信息概况
2026-06-11 04:01:51 [INFO] 列表页请求成功：https://www.chinacdc.cn/jksj/jksj04_14209/，状态码：200
2026-06-11 04:01:51 [INFO] 栏目 [全国预防接种异常反应监测信息概况] 第 1 页解析到 12 条
2026-06-11 04:01:52 [INFO] 列表页请求成功：https://www.chinacdc.cn/jksj/jksj04_14209/index_1.html，状态码：200
2026-06-11 04:01:52 [INFO] 栏目 [全国预防接种异常反应监测信息概况] 第 2 页解析到 1 条
2026-06-11 04:01:54 [INFO] 列表页请求成功：https://www.chinacdc.cn/jksj/jksj04_14209/index_2.html，状态码：200
2026-06-11 04:01:54 [INFO] 栏目 [全国预防接种异常反应监测信息概况] 第 3 页解析到 0 条
2026-06-11 04:01:54 [INFO] 栏目 [全国预防接种异常反应监测信息概况] 当前页未解析到任何数据，自动判断已达最后一页，停止翻页！
2026-06-11 04:02:57 [INFO] >>> 开始爬取栏目：流感监测周报
2026-06-11 04:02:58 [INFO] 列表页请求成功：https://www.chinacdc.cn/jksj/jksj04_14249/，状态码：200
2026-06-11 04:02:58 [INFO] 栏目 [流感监测周报] 第 1 页解析到 12 条
2026-06-11 04:03:00 [INFO] 列表页请求成功：https://www.chinacdc.cn/jksj/jksj04_14249/index_1.html，状态码：200
2026-06-11 04:03:00 [INFO] 栏目 [流感监测周报] 第 2 页解析到 12 条
2026-06-11 04:03:02 [INFO] 列表页请求成功：https://www.chinacdc.cn/jksj/jksj04_14249/index_2.html，状态码：200
2026-06-11 04:03:02 [INFO] 栏目 [流感监测周报] 第 3 页解析到 12 条
2026-06-11 04:03:04 [INFO] 列表页请求成功：https://www.chinacdc.cn/jksj/jksj04_14249/index_3.html，状态码：200
2026-06-11 04:03:04 [INFO] 栏目 [流感监测周报] 第 4 页解析到 12 条
2026-06-11 04:03:05 [INFO] 列表页请求成功：https://www.chinacdc.cn/jksj/jksj04_14249/index_4.html，状态码：200
2026-06-11 04:03:05 [INFO] 栏目 [流感监测周报] 第 5 页解析到 12 条
2026-06-11 04:03:07 [INFO] 列表页请求成功：https://www.chinacdc.cn/jksj/jksj04_14249/index_5.html，状态码：200
2026-06-11 04:03:07 [INFO] 栏目 [流感监测周报] 第 6 页解析到 12 条
2026-06-11 04:03:09 [INFO] 列表页请求成功：https://www.chinacdc.cn/jksj/jksj04_14249/index_6.html，状态码：200
2026-06-11 04:03:09 [INFO] 栏目 [流感监测周报] 第 7 页解析到 12 条
2026-06-11 04:03:11 [INFO] 列表页请求成功：https://www.chinacdc.cn/jksj/jksj04_14249/index_7.html，状态码：200
2026-06-11 04:03:11 [INFO] 栏目 [流感监测周报] 第 8 页解析到 12 条
2026-06-11 04:03:12 [INFO] 列表页请求成功：https://www.chinacdc.cn/jksj/jksj04_14249/index_8.html，状态码：200
2026-06-11 04:03:12 [INFO] 栏目 [流感监测周报] 第 9 页解析到 12 条
2026-06-11 04:03:14 [INFO] 列表页请求成功：https://www.chinacdc.cn/jksj/jksj04_14249/index_9.html，状态码：200
2026-06-11 04:03:14 [INFO] 栏目 [流感监测周报] 第 10 页解析到 12 条
2026-06-11 04:03:16 [INFO] 列表页请求成功：https://www.chinacdc.cn/jksj/jksj04_14249/index_10.html，状态码：200
2026-06-11 04:03:16 [INFO] 栏目 [流感监测周报] 第 11 页解析到 6 条
2026-06-11 04:03:18 [INFO] 列表页请求成功：https://www.chinacdc.cn/jksj/jksj04_14249/index_11.html，状态码：200
2026-06-11 04:03:18 [INFO] 栏目 [流感监测周报] 第 12 页解析到 0 条
2026-06-11 04:03:18 [INFO] 栏目 [流感监测周报] 当前页未解析到任何数据，自动判断已达最后一页，停止翻页！
2026-06-11 04:03:19 [INFO] 正在下载正文附件: 2026年第22周第911期中国流感监测周报.pdf
2026-06-11 04:03:28 [INFO] 正在下载正文附件: 2026年第21周第910期中国流感监测周报.pdf
2026-06-11 04:03:38 [INFO] 正在下载正文附件: 2026年第20周第909期中国流感监测周报.pdf
2026-06-11 04:03:46 [INFO] 正在下载正文附件: 2026年第19周第908期中国流感监测周报.pdf
2026-06-11 04:03:53 [INFO] 正在下载正文附件: 2026年第18周第907期中国流感监测周报.pdf
2026-06-11 04:04:01 [INFO] 正在下载正文附件: 2026年第17周第906期中国流感监测周报1.pdf
2026-06-11 04:04:10 [INFO] 正在下载正文附件: 2026年第16周第905期中国流感监测周报.pdf
2026-06-11 04:04:18 [INFO] 正在下载正文附件: 2026年第15周第904期中国流感监测周报.pdf
2026-06-11 04:04:27 [INFO] 正在下载正文附件: 2026年第14周第903期中国流感监测周报.pdf
2026-06-11 04:04:35 [INFO] 正在下载正文附件: 2026年第13周第902期中国流感监测周报.pdf
2026-06-11 04:04:43 [INFO] 正在下载正文附件: 2026年第12周第901期中国流感监测周报.pdf
2026-06-11 04:04:53 [INFO] 正在下载正文附件: 2026年第11周第900期中国流感监测周报.pdf
2026-06-11 04:05:02 [INFO] 正在下载正文附件: 2026年第10周第899期中国流感监测周报.pdf
2026-06-11 04:05:11 [INFO] 正在下载正文附件: 2026年第9周第898期中国流感监测周报.pdf
2026-06-11 04:05:20 [INFO] 正在下载正文附件: 2026年第8周第897期中国流感监测周报.pdf
2026-06-11 04:05:29 [INFO] 正在下载正文附件: 2026年第7周第896期中国流感监测周报.pdf
2026-06-11 04:05:36 [INFO] 正在下载正文附件: 2026年第6周第895期中国流感监测周报.pdf
2026-06-11 04:05:42 [INFO] 正在下载正文附件: 2026年第5周第894期中国流感监测周报.pdf
2026-06-11 04:05:49 [INFO] 正在下载正文附件: 2026年第4周第893期中国流感监测周报.pdf
2026-06-11 04:05:57 [INFO] 正在下载正文附件: 2026年第3周第892期中国流感监测周报.pdf
2026-06-11 04:06:05 [INFO] 正在下载正文附件: 2026年第2周第891期中国流感监测周报.pdf
2026-06-11 04:06:11 [INFO] 正在下载正文附件: 2026年第1周第890期中国流感监测周报.pdf
2026-06-11 04:06:19 [INFO] 正在下载正文附件: 2025年第52周第889期中国流感监测周报.pdf
2026-06-11 04:06:26 [INFO] 正在下载正文附件: 2025年第51周第888期中国流感监测周报.pdf
2026-06-11 04:06:34 [INFO] 正在下载正文附件: 2025年第50周第887期中国流感监测周报.pdf
2026-06-11 04:06:41 [INFO] 正在下载正文附件: 2025年第49周第886期中国流感监测周报.pdf
2026-06-11 04:06:48 [INFO] 正在下载正文附件: 2025年第48周第885期中国流感监测周报.pdf
2026-06-11 04:06:56 [INFO] 正在下载正文附件: 2025年第47周第884期中国流感监测周报.pdf
2026-06-11 04:07:04 [INFO] 正在下载正文附件: 2025年第46周第883期中国流感监测周报.pdf
2026-06-11 04:07:12 [INFO] 正在下载正文附件: 2025年第45周第882期中国流感监测周报.pdf
2026-06-11 04:07:20 [INFO] 正在下载正文附件: 2025年第44周第881期中国流感监测周报.pdf
2026-06-11 04:07:27 [INFO] 正在下载正文附件: 2025年第43周第880期中国流感监测周报.pdf
2026-06-11 04:07:34 [INFO] 正在下载正文附件: 2025年第42周第879期中国流感监测周报.pdf
2026-06-11 04:07:42 [INFO] 正在下载正文附件: 2025年第41周第878期中国流感监测周报.pdf
2026-06-11 04:07:49 [INFO] 正在下载正文附件: 2025年第40周第877期中国流感监测周报.pdf
2026-06-11 04:07:56 [INFO] 正在下载正文附件: 2025年第39周第876期中国流感监测周报.pdf
2026-06-11 04:08:04 [INFO] 正在下载正文附件: 2025年第38周第875期中国流感监测周报.pdf
2026-06-11 04:08:11 [INFO] 正在下载正文附件: 2025年第37周第874期中国流感监测周报.pdf
2026-06-11 04:08:17 [INFO] 正在下载正文附件: 2025年第36周第873期中国流感监测周报.pdf
2026-06-11 04:08:25 [INFO] 正在下载正文附件: 2025年第35周第872期中国流感监测周报.pdf
2026-06-11 04:08:33 [INFO] 正在下载正文附件: 2025年第34周第871期中国流感监测周报.pdf
2026-06-11 04:08:41 [INFO] 正在下载正文附件: 2025年第33周第870期中国流感监测周报.pdf
2026-06-11 04:08:48 [INFO] 正在下载正文附件: 2025年第32周第869期中国流感监测周报.pdf
2026-06-11 04:08:54 [INFO] 正在下载正文附件: 2025年第31周第868期中国流感监测周报.pdf
2026-06-11 04:09:01 [INFO] 正在下载正文附件: 2025年第30周第867期中国流感监测周报.pdf
2026-06-11 04:09:08 [INFO] 正在下载正文附件: 2025年第29周第866期中国流感监测周报.pdf
2026-06-11 04:09:16 [INFO] 正在下载正文附件: 2025年第28周第865期中国流感监测周报.pdf
2026-06-11 04:09:23 [INFO] 正在下载正文附件: 2025年第27周第864期中国流感监测周报.pdf
2026-06-11 04:09:32 [INFO] 正在下载正文附件: 2025年第26周第863期中国流感监测周报.pdf
2026-06-11 04:09:40 [INFO] 正在下载正文附件: 2025年第25周第862期中国流感监测周报.pdf
2026-06-11 04:09:48 [INFO] 正在下载正文附件: 2025年第24周第861期中国流感监测周报.pdf
2026-06-11 04:09:56 [INFO] 正在下载正文附件: 2025年第23周第860期中国流感监测周报.pdf
2026-06-11 04:10:05 [INFO] 正在下载正文附件: 2025年第22周第859期中国流感监测周报.pdf
2026-06-11 04:10:12 [INFO] 正在下载正文附件: 2025年第21周第858期中国流感监测周报.pdf
2026-06-11 04:10:20 [INFO] 正在下载正文附件: 2025年第20周第857期中国流感监测周报.pdf
2026-06-11 04:10:26 [INFO] 正在下载正文附件: 2025年第19周第856期中国流感监测周报.pdf
2026-06-11 04:10:35 [INFO] 正在下载正文附件: 2025年第18周第855期中国流感监测周报.pdf
2026-06-11 04:10:43 [INFO] 正在下载正文附件: 2025年第17周第854期中国流感监测周报.pdf
2026-06-11 04:10:50 [INFO] 正在下载正文附件: 2025年第16周第853期中国流感监测周报.pdf
2026-06-11 04:10:58 [INFO] 正在下载正文附件: 2025年第15周第852期中国流感监测周报.pdf
2026-06-11 04:11:05 [INFO] 正在下载正文附件: 2025年第14周第851期中国流感监测周报.pdf
2026-06-11 04:11:15 [INFO] 正在下载正文附件: 2025年第13周第850期中国流感监测周报.pdf
2026-06-11 04:11:22 [INFO] 正在下载正文附件: 2025年第12周第849期中国流感监测周报.pdf
2026-06-11 04:11:30 [INFO] 正在下载正文附件: 2025年第11周第848期中国流感监测周报.pdf
2026-06-11 04:11:37 [INFO] 正在下载正文附件: 2025年第10周第847期中国流感监测周报.pdf
2026-06-11 04:11:45 [INFO] 正在下载正文附件: 2025年第9周第846期中国流感监测周报..pdf
2026-06-11 04:11:52 [INFO] 正在下载正文附件: 2025年第8周第845期中国流感监测周报.pdf
2026-06-11 04:11:59 [INFO] 正在下载正文附件: 2025年第7周第844期中国流感监测周报.pdf
2026-06-11 04:12:08 [INFO] 正在下载正文附件: 2025年第6周第843期中国流感监测周报.pdf
2026-06-11 04:12:16 [INFO] 正在下载正文附件: 2025年第5周第842期中国流感监测周报.pdf
2026-06-11 04:12:24 [INFO] 正在下载正文附件: 2025年第4周第841期中国流感监测周报.pdf
2026-06-11 04:12:32 [INFO] 正在下载正文附件: 2025年第3周第840期中国流感监测周报.pdf
2026-06-11 04:12:41 [INFO] 正在下载正文附件: 2025年第2周第839期中国流感监测周报.pdf
2026-06-11 04:12:50 [INFO] 正在下载正文附件: 2025年第1周第838期中国流感监测周报.pdf
2026-06-11 04:12:57 [INFO] 正在下载正文附件: 2024年第52周第837期中国流感监测周报.pdf
2026-06-11 04:13:06 [INFO] 正在下载正文附件: 2024年第51周第836期中国流感监测周报.pdf
2026-06-11 04:13:13 [INFO] 正在下载正文附件: 2024年第50周第835期中国流感监测周报.pdf
2026-06-11 04:13:19 [INFO] 正在下载正文附件: 2024年第49周第834期中国流感监测周报.pdf
2026-06-11 04:13:26 [INFO] 正在下载正文附件: 2024年第48周第833期中国流感监测周报.pdf
2026-06-11 04:13:33 [INFO] 正在下载正文附件: 2024年第47周第832期中国流感监测周报.pdf
2026-06-11 04:13:42 [INFO] 正在下载正文附件: 2024年第46周第831期中国流感监测周报.pdf
2026-06-11 04:13:49 [INFO] 正在下载正文附件: 2024年第45周第830期中国流感监测周报.pdf
2026-06-11 04:13:57 [INFO] 正在下载正文附件: 2024年第44周第829期中国流感监测周报.pdf
2026-06-11 04:14:04 [INFO] 正在下载正文附件: 2024年第43周第828期中国流感监测周报.pdf
2026-06-11 04:14:12 [INFO] 正在下载正文附件: 2024年第42周第827期中国流感监测周报.pdf
2026-06-11 04:14:19 [INFO] 正在下载正文附件: 2024年第41周第826期中国流感监测周报.pdf
2026-06-11 04:14:27 [INFO] 正在下载正文附件: 2024年第40周第825期中国流感监测周报.pdf
2026-06-11 04:14:35 [INFO] 正在下载正文附件: 2024年第39周第824期中国流感监测周报.pdf
2026-06-11 04:14:43 [INFO] 正在下载正文附件: 2024年第38周第823期中国流感监测周报.pdf
2026-06-11 04:14:49 [INFO] 正在下载正文附件: 2024年第37周第822期中国流感监测周报.pdf
2026-06-11 04:14:57 [INFO] 正在下载正文附件: 2024年第36周第821期中国流感监测周报.pdf
2026-06-11 04:15:04 [INFO] 正在下载正文附件: 2024年第35周第820期中国流感监测周报.pdf
2026-06-11 04:15:11 [INFO] 正在下载正文附件: 2024年第34周第819期中国流感监测周报.pdf
2026-06-11 04:15:18 [INFO] 正在下载正文附件: 2024年第33周第818期中国流感监测周报.pdf
2026-06-11 04:15:25 [INFO] 正在下载正文附件: 2024年第32周第817期中国流感监测周报.pdf
2026-06-11 04:15:33 [INFO] 正在下载正文附件: 2024年第31周第816期中国流感监测周报.pdf
2026-06-11 04:15:41 [INFO] 正在下载正文附件: 2024年第30周第815期中国流感监测周报.pdf
2026-06-11 04:15:49 [INFO] 正在下载正文附件: 2024年第29周第814期中国流感监测周报.pdf
2026-06-11 04:15:55 [INFO] 正在下载正文附件: 2024年第28周第813期中国流感监测周报.pdf
2026-06-11 04:16:03 [INFO] 正在下载正文附件: 2024年第27周第812期中国流感监测周报.pdf
2026-06-11 04:16:10 [INFO] 正在下载正文附件: 2024年第26周第811期中国流感监测周报.pdf
2026-06-11 04:16:18 [INFO] 正在下载正文附件: 2024年第25周第810期中国流感监测周报.pdf
2026-06-11 04:16:25 [INFO] 正在下载正文附件: 2024年第24周第809期中国流感监测周报.pdf
2026-06-11 04:16:31 [INFO] 正在下载正文附件: 2024年第23周第808期中国流感监测周报.pdf
2026-06-11 04:16:39 [INFO] 正在下载正文附件: 2024年第22周第807期中国流感监测周报.pdf
2026-06-11 04:16:47 [INFO] 正在下载正文附件: 2024年第21周第806期中国流感监测周报.pdf
2026-06-11 04:16:53 [INFO] 正在下载正文附件: 2024年第20周第805期中国流感监测周报.pdf
2026-06-11 04:17:01 [INFO] 正在下载正文附件: 2024年第19周第804期中国流感监测周报.pdf
2026-06-11 04:17:08 [INFO] 正在下载正文附件: 2024年第18周第803期中国流感监测周报 (1).pdf
2026-06-11 04:17:17 [INFO] 正在下载正文附件: 2024年第17周第802期中国流感监测周报.pdf
2026-06-11 04:17:24 [INFO] 正在下载正文附件: 2024年第16周第801期中国流感监测周报.pdf
2026-06-11 04:17:33 [INFO] 正在下载正文附件: 2024年第15周第800期中国流感监测周报.pdf
2026-06-11 04:17:40 [INFO] 正在下载正文附件: 2024年第14周第799期中国流感监测周报.pdf
2026-06-11 04:17:48 [INFO] 正在下载正文附件: 2024年第13周第798期中国流感监测周报.pdf
2026-06-11 04:17:55 [INFO] 正在下载正文附件: 2024年第12周第797期中国流感监测周报.pdf
2026-06-11 04:18:03 [INFO] 正在下载正文附件: 2024年第11周第796期中国流感监测周报.pdf
2026-06-11 04:18:09 [INFO] 正在下载正文附件: 2024年第10周第795期中国流感监测周报.pdf
2026-06-11 04:18:17 [INFO] 正在下载正文附件: 2024年第9周第794期中国流感监测周报.pdf
2026-06-11 04:18:24 [INFO] 正在下载正文附件: 2024年第8周第793期中国流感监测周报.pdf
2026-06-11 04:18:31 [INFO] 正在下载正文附件: 2024年第7周第792期中国流感监测周报.pdf
2026-06-11 04:18:38 [INFO] 正在下载正文附件: 2024年第6周第791期中国流感监测周报.pdf
2026-06-11 04:18:46 [INFO] 正在下载正文附件: 2024年第5周第790期中国流感监测周报.pdf
2026-06-11 04:18:54 [INFO] 正在下载正文附件: 2024年第4周第789期中国流感监测周报.pdf
2026-06-11 04:19:05 [INFO] 正在下载正文附件: 2024年第3周第788期中国流感监测周报.pdf
2026-06-11 04:19:13 [INFO] 正在下载正文附件: 2024年第2周第787期中国流感监测周报.pdf
2026-06-11 04:19:22 [INFO] 正在下载正文附件: 2024年第1周第786期中国流感监测周报.pdf
2026-06-11 04:19:27 [INFO] >>> 开始爬取栏目：全国急性呼吸道传染病哨点监测情况
2026-06-11 04:19:29 [INFO] 列表页请求成功：https://www.chinacdc.cn/jksj/jksj04_14275/，状态码：200
2026-06-11 04:19:29 [INFO] 栏目 [全国急性呼吸道传染病哨点监测情况] 第 1 页解析到 12 条
2026-06-11 04:19:31 [INFO] 列表页请求成功：https://www.chinacdc.cn/jksj/jksj04_14275/index_1.html，状态码：200
2026-06-11 04:19:31 [INFO] 栏目 [全国急性呼吸道传染病哨点监测情况] 第 2 页解析到 12 条
2026-06-11 04:19:33 [INFO] 列表页请求成功：https://www.chinacdc.cn/jksj/jksj04_14275/index_2.html，状态码：200
2026-06-11 04:19:33 [INFO] 栏目 [全国急性呼吸道传染病哨点监测情况] 第 3 页解析到 12 条
2026-06-11 04:19:34 [INFO] 列表页请求成功：https://www.chinacdc.cn/jksj/jksj04_14275/index_3.html，状态码：200
2026-06-11 04:19:34 [INFO] 栏目 [全国急性呼吸道传染病哨点监测情况] 第 4 页解析到 12 条
2026-06-11 04:19:36 [INFO] 列表页请求成功：https://www.chinacdc.cn/jksj/jksj04_14275/index_4.html，状态码：200
2026-06-11 04:19:36 [INFO] 栏目 [全国急性呼吸道传染病哨点监测情况] 第 5 页解析到 12 条
2026-06-11 04:19:38 [INFO] 列表页请求成功：https://www.chinacdc.cn/jksj/jksj04_14275/index_5.html，状态码：200
2026-06-11 04:19:38 [INFO] 栏目 [全国急性呼吸道传染病哨点监测情况] 第 6 页解析到 12 条
2026-06-11 04:19:40 [INFO] 列表页请求成功：https://www.chinacdc.cn/jksj/jksj04_14275/index_6.html，状态码：200
2026-06-11 04:19:40 [INFO] 栏目 [全国急性呼吸道传染病哨点监测情况] 第 7 页解析到 2 条
2026-06-11 04:19:41 [INFO] 列表页请求成功：https://www.chinacdc.cn/jksj/jksj04_14275/index_7.html，状态码：200
2026-06-11 04:19:41 [INFO] 栏目 [全国急性呼吸道传染病哨点监测情况] 第 8 页解析到 0 条
2026-06-11 04:19:41 [INFO] 栏目 [全国急性呼吸道传染病哨点监测情况] 当前页未解析到任何数据，自动判断已达最后一页，停止翻页！
2026-06-11 04:26:31 [INFO] >>> 开始爬取栏目：健康报告
2026-06-11 04:26:32 [INFO] 列表页请求成功：https://www.chinacdc.cn/jksj/jksj04/，状态码：200
2026-06-11 04:26:32 [INFO] 栏目 [健康报告] 第 1 页解析到 5 条
2026-06-11 04:26:34 [INFO] 列表页请求成功：https://www.chinacdc.cn/jksj/jksj04/index_1.html，状态码：200
2026-06-11 04:26:34 [INFO] 栏目 [健康报告] 第 2 页解析到 0 条
2026-06-11 04:26:34 [INFO] 栏目 [健康报告] 当前页未解析到任何数据，自动判断已达最后一页，停止翻页！
2026-06-11 04:26:36 [INFO] 正在下载正文附件: 2024年中国成人烟草调查主要结果和发现.pdf
2026-06-11 04:26:59 [INFO] >>> 开始爬取栏目：科技进展
2026-06-11 04:27:02 [INFO] 列表页请求成功：https://www.chinacdc.cn/kxyj/kjjz/，状态码：200
2026-06-11 04:27:02 [INFO] 栏目 [科技进展] 第 1 页解析到 0 条
2026-06-11 04:27:02 [INFO] 栏目 [科技进展] 当前页未解析到任何数据，自动判断已达最后一页，停止翻页！
2026-06-11 04:27:02 [WARNING] 栏目 [科技进展] 未解析到任何列表数据
2026-06-11 04:27:02 [INFO] >>> 开始爬取栏目：学术动态
2026-06-11 04:27:04 [INFO] 列表页请求成功：https://www.chinacdc.cn/kxyj/xsdt/，状态码：200
2026-06-11 04:27:04 [INFO] 栏目 [学术动态] 第 1 页解析到 12 条
2026-06-11 04:27:06 [INFO] 列表页请求成功：https://www.chinacdc.cn/kxyj/xsdt/index_1.html，状态码：200
2026-06-11 04:27:06 [INFO] 栏目 [学术动态] 第 2 页解析到 12 条
2026-06-11 04:27:08 [INFO] 列表页请求成功：https://www.chinacdc.cn/kxyj/xsdt/index_2.html，状态码：200
2026-06-11 04:27:08 [INFO] 栏目 [学术动态] 第 3 页解析到 12 条
2026-06-11 04:27:09 [INFO] 列表页请求成功：https://www.chinacdc.cn/kxyj/xsdt/index_3.html，状态码：200
2026-06-11 04:27:09 [INFO] 栏目 [学术动态] 第 4 页解析到 12 条
2026-06-11 04:27:11 [INFO] 列表页请求成功：https://www.chinacdc.cn/kxyj/xsdt/index_4.html，状态码：200
2026-06-11 04:27:11 [INFO] 栏目 [学术动态] 第 5 页解析到 10 条
2026-06-11 04:27:13 [INFO] 列表页请求成功：https://www.chinacdc.cn/kxyj/xsdt/index_5.html，状态码：200
2026-06-11 04:27:13 [INFO] 栏目 [学术动态] 第 6 页解析到 0 条
2026-06-11 04:27:13 [INFO] 栏目 [学术动态] 当前页未解析到任何数据，自动判断已达最后一页，停止翻页！
2026-06-11 04:33:51 [INFO] >>> 开始爬取栏目：科研平台
2026-06-11 04:33:52 [INFO] 列表页请求成功：https://www.chinacdc.cn/kxyj/xsjl/，状态码：200
2026-06-11 04:33:52 [INFO] 栏目 [科研平台] 第 1 页解析到 9 条
2026-06-11 04:33:54 [INFO] 列表页请求成功：https://www.chinacdc.cn/kxyj/xsjl/index_1.html，状态码：200
2026-06-11 04:33:54 [INFO] 栏目 [科研平台] 第 2 页解析到 0 条
2026-06-11 04:33:54 [INFO] 栏目 [科研平台] 当前页未解析到任何数据，自动判断已达最后一页，停止翻页！
2026-06-11 04:34:29 [INFO] >>> 开始爬取栏目：科研亮点
2026-06-11 04:34:31 [INFO] 列表页请求成功：https://www.chinacdc.cn/kxyj/kyld/，状态码：200
2026-06-11 04:34:31 [INFO] 栏目 [科研亮点] 第 1 页解析到 12 条
2026-06-11 04:34:32 [INFO] 列表页请求成功：https://www.chinacdc.cn/kxyj/kyld/index_1.html，状态码：200
2026-06-11 04:34:33 [INFO] 栏目 [科研亮点] 第 2 页解析到 1 条
2026-06-11 04:34:34 [INFO] 列表页请求成功：https://www.chinacdc.cn/kxyj/kyld/index_2.html，状态码：200
2026-06-11 04:34:34 [INFO] 栏目 [科研亮点] 第 3 页解析到 0 条
2026-06-11 04:34:34 [INFO] 栏目 [科研亮点] 当前页未解析到任何数据，自动判断已达最后一页，停止翻页！
2026-06-11 04:35:31 [INFO] >>> 开始爬取栏目：科技成果
2026-06-11 04:35:33 [INFO] 列表页请求成功：https://www.chinacdc.cn/kxyj/kyld_14420/，状态码：200
2026-06-11 04:35:33 [INFO] 栏目 [科技成果] 第 1 页解析到 0 条
2026-06-11 04:35:33 [INFO] 栏目 [科技成果] 当前页未解析到任何数据，自动判断已达最后一页，停止翻页！
2026-06-11 04:35:33 [WARNING] 栏目 [科技成果] 未解析到任何列表数据
2026-06-11 04:35:33 [INFO] >>> 开始爬取栏目：科技政策
2026-06-11 04:35:35 [INFO] 列表页请求成功：https://www.chinacdc.cn/kxyj/kjzc/，状态码：200
2026-06-11 04:35:35 [INFO] 栏目 [科技政策] 第 1 页解析到 0 条
2026-06-11 04:35:35 [INFO] 栏目 [科技政策] 当前页未解析到任何数据，自动判断已达最后一页，停止翻页！
2026-06-11 04:35:35 [WARNING] 栏目 [科技政策] 未解析到任何列表数据
2026-06-11 04:35:35 [INFO] >>> 开始爬取栏目：合作伙伴
2026-06-11 04:35:36 [INFO] 列表页请求成功：https://www.chinacdc.cn/qqgw/hzhb/，状态码：200
2026-06-11 04:35:36 [INFO] 栏目 [合作伙伴] 第 1 页解析到 12 条
2026-06-11 04:35:38 [INFO] 列表页请求成功：https://www.chinacdc.cn/qqgw/hzhb/index_1.html，状态码：200
2026-06-11 04:35:38 [INFO] 栏目 [合作伙伴] 第 2 页解析到 5 条
2026-06-11 04:35:40 [INFO] 列表页请求成功：https://www.chinacdc.cn/qqgw/hzhb/index_2.html，状态码：200
2026-06-11 04:35:40 [INFO] 栏目 [合作伙伴] 第 3 页解析到 0 条
2026-06-11 04:35:40 [INFO] 栏目 [合作伙伴] 当前页未解析到任何数据，自动判断已达最后一页，停止翻页！
2026-06-11 04:36:55 [INFO] >>> 开始爬取栏目：世界卫生组织合作中心和参比实验室
2026-06-11 04:36:57 [INFO] 列表页请求成功：https://www.chinacdc.cn/qqgw/wszz/，状态码：200
2026-06-11 04:36:57 [INFO] 栏目 [世界卫生组织合作中心和参比实验室] 第 1 页解析到 0 条
2026-06-11 04:36:57 [INFO] 栏目 [世界卫生组织合作中心和参比实验室] 当前页未解析到任何数据，自动判断已达最后一页，停止翻页！
2026-06-11 04:36:57 [WARNING] 栏目 [世界卫生组织合作中心和参比实验室] 未解析到任何列表数据
2026-06-11 04:36:57 [INFO] >>> 开始爬取栏目：国际交流(港澳台交流)
2026-06-11 04:36:59 [INFO] 列表页请求成功：https://www.chinacdc.cn/qqgw/gjjl/，状态码：200
2026-06-11 04:36:59 [INFO] 栏目 [国际交流(港澳台交流)] 第 1 页解析到 5 条
2026-06-11 04:37:00 [INFO] 列表页请求成功：https://www.chinacdc.cn/qqgw/gjjl/index_1.html，状态码：200
2026-06-11 04:37:00 [INFO] 栏目 [国际交流(港澳台交流)] 第 2 页解析到 0 条
2026-06-11 04:37:00 [INFO] 栏目 [国际交流(港澳台交流)] 当前页未解析到任何数据，自动判断已达最后一页，停止翻页！
2026-06-11 04:37:31 [INFO] >>> 开始爬取栏目：公共卫生援外与合作
2026-06-11 04:37:33 [INFO] 列表页请求成功：https://www.chinacdc.cn/qqgw/ggws/rhcx/，状态码：200
2026-06-11 04:37:33 [INFO] 栏目 [公共卫生援外与合作] 第 1 页解析到 5 条
2026-06-11 04:37:35 [INFO] 列表页请求成功：https://www.chinacdc.cn/qqgw/ggws/rhcx/index_1.html，状态码：200
2026-06-11 04:37:35 [INFO] 栏目 [公共卫生援外与合作] 第 2 页解析到 0 条
2026-06-11 04:37:35 [INFO] 栏目 [公共卫生援外与合作] 当前页未解析到任何数据，自动判断已达最后一页，停止翻页！
2026-06-11 04:38:19 [INFO] [中国疾病预防控制中心] 爬取完毕！成功 468 条，失败 0 条，数据保存至：D:\LZH\A-Project\Crawler311\nhc_crawler\data\output\chinacdc_all_documents.jsonl

2026-06-11 04:38:19 [INFO] ============== 成功加载 [中国疾控中心慢病中心] 解析器 ==============
2026-06-11 04:38:23 [INFO] [中国疾控中心慢病中心] 首页 warm-up 成功，已建立 Session/Cookie
2026-06-11 04:38:23 [INFO] 开始爬取：中国疾控中心慢病中心，共 5 个栏目
2026-06-11 04:38:23 [INFO] >>> 开始爬取栏目：监测与数据
2026-06-11 04:38:25 [INFO] 列表页请求成功：https://ncncd.chinacdc.cn/jcysj/，状态码：200
2026-06-11 04:38:25 [INFO] 栏目 [监测与数据] 第 1 页解析到 0 条
2026-06-11 04:38:25 [INFO] 栏目 [监测与数据] 当前页未解析到任何数据，自动判断已达最后一页，停止翻页！
2026-06-11 04:38:25 [WARNING] 栏目 [监测与数据] 未解析到任何列表数据
2026-06-11 04:38:25 [INFO] >>> 开始爬取栏目：健康生活方式
2026-06-11 04:38:26 [INFO] 列表页请求成功：https://ncncd.chinacdc.cn/jkzt_14579/jiankangshfs/，状态码：200
2026-06-11 04:38:26 [INFO] 栏目 [健康生活方式] 第 1 页解析到 11 条
2026-06-11 04:38:28 [INFO] 列表页请求成功：https://ncncd.chinacdc.cn/jkzt_14579/jiankangshfs/index_1.html，状态码：200
2026-06-11 04:38:28 [INFO] 栏目 [健康生活方式] 第 2 页解析到 0 条
2026-06-11 04:38:28 [INFO] 栏目 [健康生活方式] 当前页未解析到任何数据，自动判断已达最后一页，停止翻页！
2026-06-11 04:39:17 [INFO] >>> 开始爬取栏目：重点慢病防治
2026-06-11 04:39:18 [INFO] 列表页请求成功：https://ncncd.chinacdc.cn/jkzt_14579/zhongdianmbfz/，状态码：200
2026-06-11 04:39:18 [INFO] 栏目 [重点慢病防治] 第 1 页解析到 0 条
2026-06-11 04:39:18 [INFO] 栏目 [重点慢病防治] 当前页未解析到任何数据，自动判断已达最后一页，停止翻页！
2026-06-11 04:39:18 [WARNING] 栏目 [重点慢病防治] 未解析到任何列表数据
2026-06-11 04:39:18 [INFO] >>> 开始爬取栏目：伤害预防
2026-06-11 04:39:20 [INFO] 列表页请求成功：https://ncncd.chinacdc.cn/jkzt_14579/shanghaiyf/，状态码：200
2026-06-11 04:39:20 [INFO] 栏目 [伤害预防] 第 1 页解析到 12 条
2026-06-11 04:39:21 [INFO] 列表页请求成功：https://ncncd.chinacdc.cn/jkzt_14579/shanghaiyf/index_1.html，状态码：200
2026-06-11 04:39:21 [INFO] 栏目 [伤害预防] 第 2 页解析到 0 条
2026-06-11 04:39:21 [INFO] 栏目 [伤害预防] 当前页未解析到任何数据，自动判断已达最后一页，停止翻页！
2026-06-11 04:40:10 [INFO] >>> 开始爬取栏目：老年健康
2026-06-11 04:40:11 [INFO] 列表页请求成功：https://ncncd.chinacdc.cn/jkzt_14579/laonianjk/，状态码：200
2026-06-11 04:40:11 [INFO] 栏目 [老年健康] 第 1 页解析到 1 条
2026-06-11 04:40:13 [INFO] 列表页请求成功：https://ncncd.chinacdc.cn/jkzt_14579/laonianjk/index_1.html，状态码：200
2026-06-11 04:40:13 [INFO] 栏目 [老年健康] 第 2 页解析到 0 条
2026-06-11 04:40:13 [INFO] 栏目 [老年健康] 当前页未解析到任何数据，自动判断已达最后一页，停止翻页！
2026-06-11 04:40:16 [INFO] [中国疾控中心慢病中心] 爬取完毕！成功 24 条，失败 0 条，数据保存至：D:\LZH\A-Project\Crawler311\nhc_crawler\data\output\ncncd_all_documents.jsonl

2026-06-15 14:52:12 [INFO] ============== Loaded registered parser [who_publications] ==============
2026-06-15 14:52:15 [INFO] [WHO Publications] page 1 parsed 3 items
2026-06-15 14:52:24 [INFO] [WHO Publications] page 2 parsed 3 items
2026-06-15 14:52:24 [INFO] [who_publications] Finished. success=3 failed=0 skipped=0 output=D:\LZH\A-Project\Crawler311\who_crawler\Crawler_Gov\data\output\who\who_publications.jsonl
2026-06-15 14:53:19 [INFO] ============== Loaded registered parser [who_publications] ==============
2026-06-15 14:53:22 [INFO] [WHO Publications] page 1 parsed 3 items
2026-06-15 14:53:29 [INFO] [WHO Publications] page 2 parsed 3 items
2026-06-15 14:53:29 [INFO] [who_publications] Finished. success=3 failed=0 skipped=0 output=D:\LZH\A-Project\Crawler311\who_crawler\Crawler_Gov\data\output\who\who_publications.jsonl
2026-06-15 16:15:32 [INFO] ============== Loaded registered parser [who_publications] ==============
2026-06-15 16:15:35 [INFO] [WHO Publications] page 1 parsed 3 items
2026-06-15 16:15:52 [INFO] [WHO Publications] page 2 parsed 3 items
2026-06-15 16:15:52 [INFO] [who_publications] Finished. success=3 failed=0 skipped=0 output=D:\LZH\A-Project\Crawler311\who_crawler\Crawler_Gov\data\output\who\who_publications.jsonl
2026-06-15 16:16:36 [INFO] ============== Loaded registered parser [who_publications] ==============
2026-06-15 16:16:38 [INFO] [WHO Publications] page 1 parsed 3 items
2026-06-15 16:16:52 [INFO] [WHO Publications] page 2 parsed 3 items
2026-06-15 16:16:52 [INFO] [who_publications] Finished. success=3 failed=0 skipped=0 output=D:\LZH\A-Project\Crawler311\who_crawler\Crawler_Gov\data\output\who\who_publications.jsonl
2026-06-15 16:20:44 [INFO] ============== 成功加载 [国家卫生健康委员会] 解析器 ==============
2026-06-15 16:20:48 [INFO] [国家卫生健康委员会] 首页 WAF 响应已保存：data/raw_html/nhc_gov_cn_homepage_waf_error_20260615_0001.html
2026-06-15 16:20:48 [ERROR] 检测到站点返回 WAF/JS 校验页。如果是纯 requests 爬虫，不执行 JavaScript，因此无法自动通过该校验。
2026-06-15 16:20:48 [ERROR] 请设置正确的 Cookie，或使用 DrissionPage 浏览器内核绕过。
2026-06-15 16:20:48 [INFO] [国家卫生健康委员会] 暂未开启任何栏目抓取
2026-06-15 16:20:48 [INFO] ============== 成功加载 [国家疾病预防控制局] 解析器 ==============
2026-06-15 16:20:54 [INFO] [国家疾病预防控制局] 首页 warm-up 成功，已建立 Session/Cookie
2026-06-15 16:20:54 [INFO] [国家疾病预防控制局] 暂未开启任何栏目抓取
2026-06-15 16:20:54 [INFO] ============== 成功加载 [中国疾病预防控制中心] 解析器 ==============
2026-06-15 16:21:03 [INFO] [中国疾病预防控制中心] 首页 warm-up 成功，已建立 Session/Cookie
2026-06-15 16:21:03 [INFO] [中国疾病预防控制中心] 暂未开启任何栏目抓取
2026-06-15 16:21:03 [INFO] ============== 成功加载 [中国疾控中心慢病中心] 解析器 ==============
2026-06-15 16:21:07 [INFO] [中国疾控中心慢病中心] 首页 warm-up 成功，已建立 Session/Cookie
2026-06-15 16:21:07 [INFO] [中国疾控中心慢病中心] 暂未开启任何栏目抓取
2026-06-15 16:21:07 [INFO] ============== Loaded registered parser [who_publications] ==============
2026-06-15 16:21:43 [INFO] [WHO Publications] page 1 parsed 3 items
2026-06-15 16:31:09 [INFO] ============== Loaded registered parser [who_publications] ==============
2026-06-15 16:31:12 [INFO] [WHO Publications] page 1 parsed 3 items
2026-06-15 16:32:13 [INFO] [WHO Publications] page 2 parsed 3 items
2026-06-15 16:32:13 [INFO] [who_publications] Finished. success=3 failed=0 skipped=0 output=D:\LZH\A-Project\Crawler311\who_crawler\Crawler_Gov\data\output\who\who_publications.jsonl
2026-06-15 16:49:07 [INFO] ============== Loaded registered parser [who_publications] ==============
2026-06-15 16:49:10 [INFO] [WHO Publications] page 1 parsed 3 items
2026-06-15 16:49:49 [INFO] [WHO Publications] page 2 parsed 3 items
2026-06-15 16:49:49 [INFO] [who_publications] Finished. success=3 failed=0 skipped=0 output=D:\LZH\A-Project\Crawler311\who_crawler\Crawler_Gov\data\output\who\who_publications.jsonl
2026-06-15 17:03:25 [INFO] ============== Loaded registered parser [who_publications] ==============
2026-06-15 17:03:29 [INFO] [WHO Publications] page 1 parsed 3 items
2026-06-15 17:03:55 [INFO] [WHO Publications] page 2 parsed 3 items
2026-06-15 17:03:55 [INFO] [who_publications] Finished. success=3 failed=0 skipped=0 output=D:\LZH\A-Project\Crawler311\who_crawler\Crawler_Gov\data\output\who\who_publications.jsonl
2026-06-15 17:05:06 [INFO] ============== Loaded registered parser [who_publications] ==============
2026-06-15 17:05:10 [INFO] [WHO Publications] page 1 parsed 3 items
2026-06-15 17:05:30 [ERROR] [WHO Publications] detail failed: https://www.who.int/publications/i/item/9789240121546 error=HTTPSConnectionPool(host='www.who.int', port=443): Read timed out. (read timeout=20)
2026-06-15 17:05:53 [ERROR] [WHO Publications] detail failed: https://www.who.int/publications/i/item/9789240119482 error=HTTPSConnectionPool(host='www.who.int', port=443): Read timed out. (read timeout=20)
2026-06-15 17:06:17 [ERROR] [WHO Publications] detail failed: https://www.who.int/publications/i/item/9789240119406 error=HTTPSConnectionPool(host='www.who.int', port=443): Read timed out. (read timeout=20)
2026-06-15 17:06:21 [INFO] [WHO Publications] page 2 parsed 3 items
2026-06-15 17:06:21 [INFO] [who_publications] Finished. success=0 failed=3 skipped=0 output=D:\LZH\A-Project\Crawler311\who_crawler\Crawler_Gov\data\output\who\who_publications.jsonl
2026-06-15 17:06:31 [INFO] ============== Loaded registered parser [who_publications] ==============
2026-06-15 17:06:33 [INFO] [WHO Publications] page 1 parsed 3 items
2026-06-15 17:06:40 [INFO] [WHO Publications] page 2 parsed 3 items
2026-06-15 17:06:40 [INFO] [who_publications] Finished. success=3 failed=0 skipped=0 output=D:\LZH\A-Project\Crawler311\who_crawler\Crawler_Gov\data\output\who\who_publications.jsonl
2026-06-15 17:08:46 [INFO] ============== Loaded registered parser [who_publications] ==============
2026-06-15 17:08:48 [INFO] [WHO Publications] page 1 parsed 3 items
2026-06-15 17:08:54 [INFO] [WHO Publications] page 2 parsed 3 items
2026-06-15 17:08:54 [INFO] [who_publications] Finished. success=3 failed=0 skipped=0 output=D:\LZH\A-Project\Crawler311\who_crawler\Crawler_Gov\data\output\who\who_publications.jsonl
2026-06-25 11:20:04 [INFO] ============== 成功加载 [国家卫生健康委员会] 解析器 ==============
2026-06-25 11:20:06 [INFO] [国家卫生健康委员会] 首页 WAF 响应已保存：data/raw_html/nhc_gov_cn_homepage_waf_error_20260625_0001.html
2026-06-25 11:20:06 [ERROR] 检测到站点返回 WAF/JS 校验页。如果是纯 requests 爬虫，不执行 JavaScript，因此无法自动通过该校验。
2026-06-25 11:20:06 [ERROR] 请设置正确的 Cookie，或使用 DrissionPage 浏览器内核绕过。
2026-06-25 11:20:06 [INFO] [国家卫生健康委员会] 暂未开启任何栏目抓取
2026-06-25 11:20:06 [INFO] ============== 成功加载 [国家疾病预防控制局] 解析器 ==============
2026-06-25 11:20:09 [INFO] [国家疾病预防控制局] 首页 warm-up 成功，已建立 Session/Cookie
2026-06-25 11:20:09 [INFO] [国家疾病预防控制局] 暂未开启任何栏目抓取
2026-06-25 11:20:09 [INFO] ============== 成功加载 [中国疾病预防控制中心] 解析器 ==============
2026-06-25 11:20:13 [INFO] [中国疾病预防控制中心] 首页 warm-up 成功，已建立 Session/Cookie
2026-06-25 11:20:13 [INFO] [中国疾病预防控制中心] 暂未开启任何栏目抓取
2026-06-25 11:20:13 [INFO] ============== 成功加载 [中国疾控中心慢病中心] 解析器 ==============
2026-06-25 11:20:15 [INFO] [中国疾控中心慢病中心] 首页 warm-up 成功，已建立 Session/Cookie
2026-06-25 11:20:15 [INFO] [中国疾控中心慢病中心] 暂未开启任何栏目抓取
2026-06-25 11:20:15 [INFO] Skip disabled site/source: World Health Organization
2026-06-25 11:20:15 [INFO] Skip disabled site/source: World Health Organization
2026-06-25 11:20:15 [INFO] Skip disabled site/source: World Health Organization
2026-06-25 11:20:15 [INFO] Skip disabled site/source: World Health Organization
2026-06-25 11:20:15 [INFO] Skip disabled site/source: World Health Organization
2026-06-25 11:20:15 [INFO] ============== 成功加载 [国家心理健康和精神卫生防治中心] 解析器 ==============
2026-06-25 11:20:27 [INFO] [国家心理健康和精神卫生防治中心] 首页 warm-up 成功，已建立 Session/Cookie
2026-06-25 11:20:27 [INFO] 开始爬取：国家心理健康和精神卫生防治中心，共 2 个栏目
2026-06-25 11:20:27 [INFO] >>> 开始爬取栏目：新闻资讯
2026-06-25 11:20:31 [INFO] 列表页请求成功：https://ncmhc.org.cn/news，状态码：200
2026-06-25 11:20:31 [INFO] 栏目 [新闻资讯] 第 1 页解析到 24 条
2026-06-25 11:20:36 [INFO] 列表页请求成功：https://ncmhc.org.cn/channel_index/news/page/2，状态码：200
2026-06-25 11:20:36 [INFO] 栏目 [新闻资讯] 第 2 页解析到 21 条
2026-06-25 11:23:23 [INFO] 正在下载正文附件: 关于举办第三届全国社会心理服务创新发展大会的第一轮会议通知.pdf
2026-06-25 11:23:38 [INFO] 正在下载正文附件: 第三届全国社会心理服务创新发展大会圆桌对话会和主题工作坊初步设置指南.docx
2026-06-25 11:23:38 [INFO] 正在下载正文附件: 第三届全国社会心理服务创新发展大会圆桌对话会（工作坊）承办申请表.docx
2026-06-25 11:23:39 [INFO] 正在下载正文附件: 第三届全国社会心理服务创新发展大会专题报告申请表.docx
2026-06-25 11:23:39 [INFO] 正在下载正文附件: 第三届全国社会心理服务创新发展大会参展机构申请表.docx
2026-06-25 11:26:55 [INFO] >>> 开始爬取栏目：政策法规
2026-06-25 11:26:58 [INFO] 列表页请求成功：https://ncmhc.org.cn/channel_index/news_zc，状态码：200
2026-06-25 11:26:58 [INFO] 栏目 [政策法规] 第 1 页解析到 31 条
2026-06-25 11:27:01 [INFO] 正在下载正文附件: 1.中华人民共和国基本医疗卫生与健康促进法_.pdf
2026-06-25 11:27:08 [INFO] 正在下载正文附件: 2.中华人民共和国精神卫生法_.pdf
2026-06-25 11:27:28 [INFO] 正在下载正文附件: 3.国民经济和社会发展第十四个五年规划和2035年远景目标纲要‐涉及心理健康部分（2021年3月）_.pdf
2026-06-25 11:27:33 [INFO] 正在下载正文附件: 4.健康中国行动（2019‐2030）‐心理健康促进行动及其他专项行动相关内容（2019年7月9日）_.pdf
2026-06-25 11:27:38 [INFO] 正在下载正文附件: 5.决胜全面建成小康社会夺取新时代中国特色社会主义伟大胜利十九大报告‐心理健康部分（2017年10月18日）_.pdf
2026-06-25 11:27:44 [INFO] 正在下载正文附件: 6.中共中央国务院印发《“健康中国2030”规划纲要》‐心理健康部分（2016年10月25日）_.pdf
2026-06-25 11:27:50 [INFO] 正在下载正文附件: 10.关于印发全国社会心理服务体系建设试点2021年重点工作任务的通知（国卫办疾控函〔2021〕125号）_.pdf
2026-06-25 11:27:56 [INFO] 正在下载正文附件: 11.关于印发全国社会心理服务体系建设试点2020年重点工作任务及增设试点的通知（国卫办疾控函〔2020〕336号）_.pdf
2026-06-25 11:28:02 [INFO] 正在下载正文附件: 12.关于印发入境人员心理疏导和社会工作服务方案的通知（国卫办疾控函〔2020〕319号）_.pdf
2026-06-25 11:28:11 [INFO] 正在下载正文附件: 13.关于印发全国社会心理服务体系建设试点工作方案的通知（国卫疾控发〔2018〕44号）_.pdf
2026-06-25 11:28:18 [INFO] 正在下载正文附件: 14.关于加强心理健康服务的指导意见（国卫疾控发〔2016〕77号）_.pdf
2026-06-25 11:28:25 [INFO] 正在下载正文附件: 16.国家卫生健康委办公厅关于探索开展抑郁症、老年痴呆防治特色服务工作的通知国（卫办疾控函〔2020〕726号）_.pdf
2026-06-25 11:28:30 [INFO] 正在下载正文附件: 17.关于印发健康中国行动——儿童青少年心理健康行动方案（2019‐2022年）的通知（国卫疾控发〔2019〕63号）_.pdf
2026-06-25 11:28:37 [INFO] 正在下载正文附件: 18.国家卫生健康委办公厅关于实施老年人心理关爱项目的通知（国卫办老龄函〔2019〕322号）_.pdf
2026-06-25 11:28:44 [INFO] 正在下载正文附件: 19.教育部办公厅关于印发《中小学心理辅导室建设指南》的通知（教基一厅函〔2015〕36号）_.pdf
2026-06-25 11:28:51 [INFO] 正在下载正文附件: 20.关于印发儿童眼及视力保健等儿童保健相关技术规范的通知（卫办妇社发〔2013〕26号）_.pdf
2026-06-25 11:28:58 [INFO] 正在下载正文附件: 26.国家卫生健康委办公厅关于印发心理援助热线技术指南（试行）的通知（国卫办疾控函〔2021〕15号）_.pdf
2026-06-25 11:29:04 [INFO] 正在下载正文附件: 27.关于印发新冠肺炎疫情防控常态化下治愈患者心理疏导工作方案的通知（联防联控机制综发〔2020〕224号）_.pdf
2026-06-25 11:29:09 [INFO] 正在下载正文附件: 28.关于加强应对新冠肺炎疫情工作中心理援助与社会工作服务的通知（国卫办疾控函〔2020〕194号）_.pdf
2026-06-25 11:29:15 [INFO] 正在下载正文附件: 29.关于印发新冠肺炎患者、隔离人员及家属心理疏导和社会工作服务方案的通知（联防联控机制发〔2020〕39号）_.pdf
2026-06-25 11:29:22 [INFO] 正在下载正文附件: 30.关于设立应对疫情心理援助热线的通知（肺炎机制发〔2020〕18号）_.pdf
2026-06-25 11:29:28 [INFO] 正在下载正文附件: 33.关于印发加强和完善精神专科医疗服务意见的通知（2020年10月21日）201_.pdf
2026-06-25 11:29:34 [INFO] 正在下载正文附件: 34.关于加强新冠肺炎疫情期间严重精神障碍患者治疗管理工作的通知（肺炎机制综发〔2020〕70号）_.pdf
2026-06-25 11:29:40 [INFO] 正在下载正文附件: 35.民政部国家卫生健康委中国残联关于印发《精神障碍社区康复服务工作规范》的通知（民发〔2020〕147号）_.pdf
2026-06-25 11:29:47 [INFO] 正在下载正文附件: 36.国家卫生健康委办公厅关于印发国家精神医学中心及国家精神区域医疗中心设置标准的通知（国卫办医函〔2019〕805号）_.pdf
2026-06-25 11:30:26 [INFO] 正在下载正文附件: 37.民政部财政部卫生计生委中国残联关于加快精神障碍社区康复服务发展的意见（民发〔2017〕167号）_.pdf
2026-06-25 11:30:32 [INFO] 正在下载正文附件: 44.国家卫生健康委办公厅关于印发社会心理服务体系建设试点地区基层人员培训方案的通知（国卫办疾控函〔2020〕987号）_.pdf
2026-06-25 11:30:37 [INFO] 正在下载正文附件: 46.国家卫生计生委办公厅关于精神科从业医师执业注册有关事项的通知（国卫办医函〔2014〕605号）_.pdf
2026-06-25 11:30:43 [INFO] 正在下载正文附件: 47.教育部等六部门关于医教协同深化临床医学人才培养改革的意见（教研〔2014〕2号）_.pdf
2026-06-25 11:30:45 [INFO] [国家心理健康和精神卫生防治中心] 爬取完毕！成功 76 条，失败 0 条，数据保存至：D:\LZH\A-Project\Crawler311\corpus_crawler\Crawler_Gov\data\output\ncmhc_all_documents.jsonl

2026-06-25 11:30:45 [INFO] ============== 成功加载 [广东省卫生健康委员会] 解析器 ==============
2026-06-25 11:31:10 [INFO] [广东省卫生健康委员会] 首页 warm-up 成功，已建立 Session/Cookie
2026-06-25 11:31:10 [INFO] 开始爬取：广东省卫生健康委员会，共 5 个栏目
2026-06-25 11:31:10 [INFO] >>> 开始爬取栏目：公卫信息
2026-06-25 11:31:11 [INFO] 列表页请求成功：https://wsjkw.gd.gov.cn/zwyw_yqxx/index.html，状态码：200
2026-06-25 11:31:11 [INFO] 栏目 [公卫信息] 第 1 页解析到 20 条
2026-06-25 11:31:13 [INFO] 列表页请求成功：https://wsjkw.gd.gov.cn/zwyw_yqxx/index_2.html，状态码：200
2026-06-25 11:31:13 [INFO] 栏目 [公卫信息] 第 2 页解析到 20 条
2026-06-25 11:31:15 [INFO] 正在下载正文附件: 2026年5月广东省法定传染病报告发病、死亡统计表.docx
2026-06-25 11:33:34 [INFO] >>> 开始爬取栏目：卫生健康规划计划
2026-06-25 11:33:36 [INFO] 列表页请求成功：https://wsjkw.gd.gov.cn/zwgk_wsjkghjh/index.html，状态码：200
2026-06-25 11:33:36 [INFO] 栏目 [卫生健康规划计划] 第 1 页解析到 10 条
2026-06-25 11:33:38 [INFO] 列表页请求成功：https://wsjkw.gd.gov.cn/zwgk_wsjkghjh/index_2.html，状态码：200
2026-06-25 11:33:38 [INFO] 栏目 [卫生健康规划计划] 第 2 页解析到 0 条
2026-06-25 11:33:38 [INFO] 栏目 [卫生健康规划计划] 当前页未解析到任何数据，自动判断已达最后一页，停止翻页！
2026-06-25 11:33:40 [INFO] 正在下载正文附件: 省卫生健康委贯彻2021-2030年广东省妇女儿童发展规划实施方案.docx
2026-06-25 11:34:02 [INFO] 正在下载正文附件: “十四五”广东省老龄事业发展和养老服务体系建设规划.docx
2026-06-25 11:34:10 [INFO] 正在下载正文附件: 广东省职业病防治“十四五”规划.docx
2026-06-25 11:34:13 [INFO] 正在下载正文附件: “十四五”广东省眼健康规划（2021-2025年）.docx
2026-06-25 11:34:23 [INFO] >>> 开始爬取栏目：数据发布
2026-06-25 11:34:25 [INFO] 列表页请求成功：https://wsjkw.gd.gov.cn/zwgk_tjxx/index.html，状态码：200
2026-06-25 11:34:25 [INFO] 栏目 [数据发布] 第 1 页解析到 10 条
2026-06-25 11:34:27 [INFO] 列表页请求成功：https://wsjkw.gd.gov.cn/zwgk_tjxx/index_2.html，状态码：200
2026-06-25 11:34:27 [INFO] 栏目 [数据发布] 第 2 页解析到 0 条
2026-06-25 11:34:27 [INFO] 栏目 [数据发布] 当前页未解析到任何数据，自动判断已达最后一页，停止翻页！
2026-06-25 11:34:42 [INFO] 正在下载正文附件: 广东省卫生健康委员会2025年度行政执法数据.wps.bin
2026-06-25 11:34:53 [INFO] 正在下载正文附件: 广东省卫生健康委员会2024年度行政执法数据.docx
2026-06-25 11:34:58 [INFO] 正在下载正文附件: 2023年广东省医疗卫生资源和医疗服务情况简报.pdf
2026-06-25 11:35:02 [INFO] 正在下载正文附件: 广东省卫生健康委员会2023年度行政执法数据.docx
2026-06-25 11:35:36 [INFO] 正在下载正文附件: 广东省卫生健康委员会2021年度行政执法数据.docx
2026-06-25 11:35:46 [INFO] >>> 开始爬取栏目：规范性文件库
2026-06-25 11:35:48 [INFO] 列表页请求成功：https://wsjkw.gd.gov.cn/gkmlpt/search?type=standardSearch，状态码：200
2026-06-25 11:35:49 [INFO] 栏目 [规范性文件库] 第 1 页解析到 132 条
2026-06-25 11:35:52 [INFO] 正在下载正文附件: 1.广东省医疗卫生行政处罚信息信用修复告知书（参考样式）.docx
2026-06-25 11:35:52 [INFO] 正在下载正文附件: 2.广东省医疗卫生信用修复申请书（以行政处罚为例参考样式）.docx
2026-06-25 11:35:53 [INFO] 正在下载正文附件: 3.广东省医疗卫生信用修复确认（不予确认）通知书（参考样式）.docx
2026-06-25 11:35:58 [INFO] 正在下载正文附件: 1.广东省育儿补贴申请表.docx
2026-06-25 11:35:59 [INFO] 正在下载正文附件: 2.广东省育儿补贴申请与发放流程图.docx
2026-06-25 11:36:00 [INFO] 正在下载正文附件: 3.2022-2024年各月份出生婴幼儿申领育儿补贴金额对照表.docx
2026-06-25 11:36:21 [INFO] 正在下载正文附件: 1.疾病应急救助基金申请流程图（参考）.docx
2026-06-25 11:36:22 [ERROR] 正文附件下载失败: 1.疾病应急救助基金申请流程图（参考）.docx, 目标链接: https://wsjkw.gd.gov.cn/attachment/0/576/576330/4687563.docx
2026-06-25 11:36:22 [INFO] 正在下载正文附件: 2.疾病应急救助基金申请表（个人）.docx
2026-06-25 11:36:22 [ERROR] 正文附件下载失败: 2.疾病应急救助基金申请表（个人）.docx, 目标链接: https://wsjkw.gd.gov.cn/attachment/0/576/576331/4687563.docx
2026-06-25 11:36:22 [INFO] 正在下载正文附件: 3.疾病应急救助基金申请表（单位）.docx
2026-06-25 11:36:22 [ERROR] 正文附件下载失败: 3.疾病应急救助基金申请表（单位）.docx, 目标链接: https://wsjkw.gd.gov.cn/attachment/0/576/576332/4687563.docx
2026-06-25 11:36:29 [INFO] 正在下载正文附件: 广东省卫生健康委员会职业健康专家推荐表.docx
2026-06-25 11:36:34 [INFO] 正在下载正文附件: 广东省卫生健康委员会职业卫生技术服务机构资质认可实施细则.docx
2026-06-25 11:36:39 [INFO] 正在下载正文附件: 1.申请材料的具体要求.docx
2026-06-25 11:36:40 [INFO] 正在下载正文附件: 2.广东省职业健康检查机构医疗卫生技术人员要求.docx
2026-06-25 11:36:41 [INFO] 正在下载正文附件: 3.广东省职业健康检查机构设备（仪器、车辆）及职业卫生生物监测能力要求.docx
2026-06-25 11:36:41 [INFO] 正在下载正文附件: 4.广东省职业健康检查机构质量管理制度要求.docx
2026-06-25 11:36:42 [INFO] 正在下载正文附件: 5.广东省职业健康检查机构信息化要求.docx
2026-06-25 11:36:43 [INFO] 正在下载正文附件: 6.广东省职业健康检查机构备案申请表.docx
2026-06-25 11:36:43 [INFO] 正在下载正文附件: 7.广东省职业健康检查机构变更备案申请表.docx
2026-06-25 11:36:44 [INFO] 正在下载正文附件: 8.承诺书.docx
2026-06-25 11:36:45 [INFO] 正在下载正文附件: 9.广东省职业健康检查机构检查类别（项目）变更备案申请表.docx
2026-06-25 11:36:46 [INFO] 正在下载正文附件: 10.广东省职业健康检查机构注销备案信息申请表.docx
2026-06-25 11:36:51 [INFO] 正在下载正文附件: 广东省职业病诊断医师资格考核申请表.docx
2026-06-25 11:36:56 [INFO] 正在下载正文附件: 慢性阻塞性肺病筛查问卷（COPD-SQ）.docx
2026-06-25 11:36:57 [INFO] 正在下载正文附件: 慢性阻塞性肺疾病患者常规随访服务记录表.docx
2026-06-25 11:36:57 [INFO] 正在下载正文附件: 慢性阻塞性肺疾病患者主动随访服务记录表.docx
2026-06-25 11:36:57 [INFO] 正在下载正文附件: 广东省基本公共卫生服务项目慢阻肺患者健康管理任务数（2024年）.docx
2026-06-25 11:37:05 [INFO] 正在下载正文附件: 1.外籍人员参加中国医师资格考试实习申请审核表.docx
2026-06-25 11:37:06 [INFO] 正在下载正文附件: 2.台湾、香港、澳门居民参加国家医师资格考试实习申请审核表.docx
2026-06-25 11:37:07 [INFO] 正在下载正文附件: 3.香港、澳门特别行政区永久性居民参加国家医师资格考试实习合格证明.docx
2026-06-25 11:37:07 [INFO] 正在下载正文附件: 4.境外人员申请医学实习业务流程图.docx
2026-06-25 11:37:12 [INFO] 正在下载正文附件: 1.广东省医疗机构设置审批业务手册.doc
2026-06-25 11:37:13 [INFO] 正在下载正文附件: 2.广东省医疗机构执业登记审批业务手册.doc
2026-06-25 11:37:19 [INFO] 正在下载正文附件: 首批设置的省级质控中心清单.docx
2026-06-25 11:37:30 [INFO] 正在下载正文附件: 1.广东省卫生健康系统依法分类处理信访诉求清单（2024年版）.docx
2026-06-25 11:37:30 [ERROR] 正文附件下载失败: 1.广东省卫生健康系统依法分类处理信访诉求清单（2024年版）.docx, 目标链接: https://wsjkw.gd.gov.cn/attachment/0/551/551111/4435465.docx
2026-06-25 11:37:30 [INFO] 正在下载正文附件: 2.广东省卫生健康系统依法依规处理信访事项“导引图”.pdf
2026-06-25 11:37:31 [ERROR] 正文附件下载失败: 2.广东省卫生健康系统依法依规处理信访事项“导引图”.pdf, 目标链接: https://wsjkw.gd.gov.cn/attachment/0/551/551112/4435465.pdf
2026-06-25 11:37:31 [INFO] 正在下载正文附件: 3.答复文书模板（2024年版）.doc
2026-06-25 11:37:31 [ERROR] 正文附件下载失败: 3.答复文书模板（2024年版）.doc, 目标链接: https://wsjkw.gd.gov.cn/attachment/0/551/551113/4435465.doc
2026-06-25 11:37:35 [INFO] 正在下载正文附件: 广东省推进卫生健康领域设备设施迭代升级工作方案.docx
2026-06-25 11:37:40 [INFO] 正在下载正文附件: 广东省出生缺陷综合防控项目管理方案（2024—2026年）.docx
2026-06-25 11:37:45 [INFO] 正在下载正文附件: 职业病诊断鉴定流程图.docx
2026-06-25 11:37:46 [INFO] 正在下载正文附件: 申请职业病诊断鉴定须知.docx
2026-06-25 11:37:47 [INFO] 正在下载正文附件: _______职业病诊断鉴定办公室职业病诊断鉴定工作流程记录.docx
2026-06-25 11:37:47 [INFO] 正在下载正文附件: 职业病诊断鉴定申请表.docx
2026-06-25 11:37:48 [INFO] 正在下载正文附件: 职业病诊断鉴定材料提交清单.docx
2026-06-25 11:37:48 [INFO] 正在下载正文附件: 申请职业病诊断鉴定材料补充通知书.docx
2026-06-25 11:37:49 [INFO] 正在下载正文附件: 职业病诊断鉴定申请受理通知书.docx
2026-06-25 11:37:50 [INFO] 正在下载正文附件: 不予受理职业病诊断鉴定申请通知书.docx
2026-06-25 11:37:50 [INFO] 正在下载正文附件: 职业病诊断鉴定专家抽取通知书.docx
2026-06-25 11:37:51 [INFO] 正在下载正文附件: 职业病诊断鉴定专家抽取告知书.docx
2026-06-25 11:37:51 [INFO] 正在下载正文附件: 抽取职业病诊断鉴定专家委托书.docx
2026-06-25 11:37:52 [INFO] 正在下载正文附件: 抽取专家名单确认书.docx
2026-06-25 11:37:52 [INFO] 正在下载正文附件: 职业病诊断鉴定陈述和申辩告知书.docx
2026-06-25 11:37:52 [INFO] 正在下载正文附件: 职业病诊断鉴定当事人陈述与答辩记录.docx
2026-06-25 11:37:52 [INFO] 正在下载正文附件: 职业病诊断鉴定办公室关于借调职业病诊断（职业病诊断鉴定）材料的函.docx
2026-06-25 11:37:53 [INFO] 正在下载正文附件: 职业病诊断鉴定中止通知书.docx
2026-06-25 11:37:53 [INFO] 正在下载正文附件: 职业病诊断鉴定重启通知书.docx
2026-06-25 11:37:53 [INFO] 正在下载正文附件: 职业病诊断鉴定办公室职业病诊断鉴定材料移交记录表.docx
2026-06-25 11:37:54 [INFO] 正在下载正文附件: 职业病诊断鉴定委员会职业病诊断鉴定过程记录.docx
2026-06-25 11:37:54 [INFO] 正在下载正文附件: 职业病诊断鉴定书.docx
2026-06-25 11:37:54 [INFO] 正在下载正文附件: 职业病诊断鉴定办公室职业病诊断鉴定书审核表.docx
2026-06-25 11:37:55 [INFO] 正在下载正文附件: 职业病诊断鉴定办公室职业病诊断鉴定书送达回执.docx
2026-06-25 11:37:55 [INFO] 正在下载正文附件: 职业病诊断鉴定终止通知书.docx
2026-06-25 11:37:55 [INFO] 正在下载正文附件: 职业病诊断鉴定办公室职业病诊断鉴定材料（封面模板）.docx
2026-06-25 11:38:04 [INFO] 正在下载正文附件: 出生医学证明首次签发登记表.docx
2026-06-25 11:38:05 [INFO] 正在下载正文附件: 出生医学证明首次签发登记表（网上申办专用）.docx
2026-06-25 11:38:05 [INFO] 正在下载正文附件: 助产机构外出生的出生医学证明首次签发核查表.docx
2026-06-25 11:38:06 [INFO] 正在下载正文附件: 跨区域助产机构外出生核查表.docx
2026-06-25 11:38:06 [INFO] 正在下载正文附件: 出生医学证明换发申请表.docx
2026-06-25 11:38:06 [INFO] 正在下载正文附件: 出生医学证明补发申请表.docx
2026-06-25 11:38:07 [INFO] 正在下载正文附件: 关于换发_补发《出生医学证明》的函.docx
2026-06-25 11:38:07 [INFO] 正在下载正文附件: 《出生医学证明》签发知情告知书.docx
2026-06-25 11:38:08 [INFO] 正在下载正文附件: 出生医学证明废证登记表.docx
2026-06-25 11:38:08 [INFO] 正在下载正文附件: 年度出生医学证明申领计划表.docx
2026-06-25 11:38:09 [INFO] 正在下载正文附件: 出生医学证明入库登记本.docx
2026-06-25 11:38:10 [INFO] 正在下载正文附件: 出生医学证明出库登记本.docx
2026-06-25 11:38:10 [INFO] 正在下载正文附件: 出生医学证明管理使用情况年度统计表.docx
2026-06-25 11:38:11 [INFO] 正在下载正文附件: 出生医学证明管理信息系统后台操作申请表.docx
2026-06-25 11:38:11 [INFO] 正在下载正文附件: 关于不予签发《出生医学证明》的函.docx
2026-06-25 11:38:21 [INFO] 正在下载正文附件: 基层卫生健康便民惠民服务落实年度进展表.docx
2026-06-25 11:38:26 [INFO] 正在下载正文附件: 1.国家卫生健康委等4部门联合印发的《关于做好2023年基本公共卫生服务工作的通知》.pdf
2026-06-25 11:38:27 [INFO] 正在下载正文附件: 2023年广东省基本公共卫生服务项目绩效目标表.xlsx
2026-06-25 11:38:28 [INFO] 正在下载正文附件: 3.广东省基本公共卫生服务项目职责分工表.docx
2026-06-25 11:38:41 [INFO] 正在下载正文附件: 1.百名卫生首席专家岗位分配表.docx
2026-06-25 11:38:41 [INFO] 正在下载正文附件: 2.百名卫生首席专家考核内容（参考）.docx
2026-06-25 11:38:42 [INFO] 正在下载正文附件: 3.广东省百名卫生首席专家下基层计划申报人退休前所在单位意见书（示例）.docx
2026-06-25 11:38:42 [INFO] 正在下载正文附件: 4.百名卫生首席专家下基层计划工作联系人信息表.docx
2026-06-25 11:38:46 [INFO] 正在下载正文附件: 1..docx
2026-06-25 11:38:47 [INFO] 正在下载正文附件: 2..docx
2026-06-25 11:38:52 [INFO] 正在下载正文附件: 广东省卫生健康委业务主管社会组织管理办法（试行）.docx
2026-06-25 11:38:56 [INFO] 正在下载正文附件: 广东省人民政府关于印发广东省深化“证照分离”改革实施方案的通知.pdf
2026-06-25 11:39:01 [INFO] 正在下载正文附件: 国家卫生健康委办公厅关于印发医疗领域“证照分离”改革措施的通知.pdf
2026-06-25 11:39:17 [INFO] 正在下载正文附件: 附表1.广东省生育登记表.docx
2026-06-25 11:39:18 [INFO] 正在下载正文附件: 附表2.广东省生育登记证明.docx
2026-06-25 11:39:18 [INFO] 正在下载正文附件: 附表3.广东省不予办理生育登记通知书.docx
2026-06-25 11:39:19 [INFO] 正在下载正文附件: 附表4.广东省注销生育登记决定书.docx
2026-06-25 11:39:19 [INFO] 正在下载正文附件: 附表5.广东省再生育子女申请表.docx
2026-06-25 11:39:20 [INFO] 正在下载正文附件: 附表6.广东省批准再生育子女决定书.docx
2026-06-25 11:39:20 [INFO] 正在下载正文附件: 附表7.广东省不予批准再生育子女决定书.docx
2026-06-25 11:39:21 [INFO] 正在下载正文附件: 附表8.广东省撤回再生育审批决定书.docx
2026-06-25 11:39:51 [INFO] 正在下载正文附件: 1.乡村医生执业注册申请审核表.docx
2026-06-25 11:39:52 [INFO] 正在下载正文附件: 2.乡村医生再注册执业申请审核表.docx
2026-06-25 11:39:52 [INFO] 正在下载正文附件: 3.乡村医生变更执业注册申请审核表.docx
2026-06-25 11:40:03 [INFO] 正在下载正文附件: 1.广东省尘肺病防治攻坚行动具体工作目标和责任分解一览表.docx
2026-06-25 11:40:03 [ERROR] 正文附件下载失败: 1.广东省尘肺病防治攻坚行动具体工作目标和责任分解一览表.docx, 目标链接: https://wsjkw.gd.gov.cn/attachment/0/377/377466/2651652.docx
2026-06-25 11:40:03 [INFO] 正在下载正文附件: 2.广东省尘肺病防治攻坚行动主要政策措施清单.docx
2026-06-25 11:40:04 [ERROR] 正文附件下载失败: 2.广东省尘肺病防治攻坚行动主要政策措施清单.docx, 目标链接: https://wsjkw.gd.gov.cn/attachment/0/377/377467/2651652.docx
2026-06-25 11:40:09 [INFO] 正在下载正文附件: 广东省卫生健康委员会职业健康专家库管理办法.docx
2026-06-25 11:40:13 [INFO] 正在下载正文附件: 1.广东省职业健康检查机构申请备案医疗卫生技术人员配置条件规范.docx
2026-06-25 11:40:14 [INFO] 正在下载正文附件: 2.广东省职业健康检查机构申请备案设备（仪器、车辆）配置条件规范.docx
2026-06-25 11:40:14 [INFO] 正在下载正文附件: 3.广东省职业健康检查机构申请备案质量管理制度条件规范.docx
2026-06-25 11:40:15 [INFO] 正在下载正文附件: 4.广东省职业健康检查机构申请备案信息报告条件规范.docx
2026-06-25 11:40:15 [INFO] 正在下载正文附件: 5.广东省职业健康检查机构备案申请表.docx
2026-06-25 11:40:16 [INFO] 正在下载正文附件: 6.广东省职业健康检查机构开展外出职业健康检查项目备案申请表.docx
2026-06-25 11:40:16 [INFO] 正在下载正文附件: 7.广东省职业健康检查机构备案变更申请表.docx
2026-06-25 11:40:21 [INFO] 正在下载正文附件: 1.乙类大型医用设备配置许可申请表.docx
2026-06-25 11:40:21 [INFO] 正在下载正文附件: 2.乙类大型医用设备配置信息登记表.docx
2026-06-25 11:40:22 [INFO] 正在下载正文附件: 3.乙类大型医用设备配置许可证信息变更申请表.docx
2026-06-25 11:40:22 [INFO] 正在下载正文附件: 4.乙类大型医用设备配置许可证补办申请表.docx
2026-06-25 11:40:23 [INFO] 正在下载正文附件: 5.乙类大型医用设备配置许可申请意见反馈格式文本.docx
2026-06-25 11:40:23 [INFO] 正在下载正文附件: 6.告知承诺书格式文本.docx
2026-06-25 11:40:33 [INFO] 正在下载正文附件: 广东省多种疫苗同时接种指导意见（2019年版）.docx
2026-06-25 11:40:48 [INFO] 正在下载正文附件: 广东省基层医疗卫生机构院长（主任）目标管理责任制绩效考核指导意见.doc
2026-06-25 11:40:50 [INFO] 正在下载正文附件: 广东省基层医疗卫生机构院长（主任）目标管理责任制绩效考核指导意见.doc
2026-06-25 11:41:00 [INFO] 正在下载正文附件: 附件.doc
2026-06-25 11:41:09 [INFO] 正在下载正文附件: 附件.doc
2026-06-25 11:41:45 [INFO] 正在下载正文附件: 广东省病残儿医学鉴定参考标准.doc
2026-06-25 11:41:50 [INFO] 正在下载正文附件: 国家级“限制临床应用的医疗技术”（2017版）.doc
2026-06-25 11:41:50 [INFO] 正在下载正文附件: 广东省“限制临床应用的医疗技术”（2017版）.doc
2026-06-25 11:41:51 [INFO] 正在下载正文附件: 医疗技术备案登记表.doc
2026-06-25 11:41:51 [INFO] 正在下载正文附件: 医师开展医疗技术临床应用备案登记表.doc
2026-06-25 11:41:51 [INFO] 正在下载正文附件: 医疗技术信息填报账号申请指引.doc
2026-06-25 11:41:55 [INFO] 正在下载正文附件: 国家卫生计生委关于印发人体器官移植医师培训与认定管理办法等有关文件的通知.pdf
2026-06-25 11:41:57 [INFO] 正在下载正文附件: 广东省人体器官移植医师培训基地申请书.doc
2026-06-25 11:41:57 [INFO] 正在下载正文附件: 人体器官移植医师资格认定申请表.doc
2026-06-25 11:41:58 [INFO] 正在下载正文附件: 人体器官移植医师资格认定申请表.doc
2026-06-25 11:42:05 [INFO] 正在下载正文附件: 附件：.doc
2026-06-25 11:42:09 [INFO] 正在下载正文附件: 广东省公共场所卫生检验、检测、评价机构技术能力考核申请表.doc
2026-06-25 11:42:10 [INFO] 正在下载正文附件: 广东省公共场所卫生检验、检测、评价机构技术能力考核现场核查表.doc
2026-06-25 11:42:19 [INFO] 正在下载正文附件: 广东省公共场所卫生许可证参考格式.doc
2026-06-25 11:42:24 [INFO] 正在下载正文附件: 广东省生育登记表、广东省生育登记证明、广东省不予办理生育登记通知书、广东省注销生育登记决定书、广东省再生育子女申请表、广东省批准再生育子女决定书、广东省不予批准再生育子女决定书、广东省撤回再生育审批决定书、广东省儿童预防接种信息通报表.doc
2026-06-25 11:43:04 [INFO] 正在下载正文附件: 关于印发广东省城镇生活饮用水卫生监测方案的通知.pdf
2026-06-25 11:43:16 [INFO] 正在下载正文附件: 关于印发《右下肢、双下肢残疾人驾驶机动车身体条件规定》的通知.pdf
2026-06-25 11:43:28 [INFO] 正在下载正文附件: 1.全省民营医疗机构党建工作统计表 2. 全省民营医疗机构医疗机构情况明细表.rar
2026-06-25 11:43:29 [INFO] 正在下载正文附件: 请点击下载通知（pdf格式）.rar
2026-06-25 11:43:35 [INFO] 正在下载正文附件: 《评选表彰指导工作先进集体和先进个人的通知》和《申报表》.rar
2026-06-25 11:43:41 [INFO] 正在下载正文附件: 全省民营医院党建情况统计表.rar
2026-06-25 11:43:47 [INFO] 正在下载正文附件: 召开座谈会通知.pdf
2026-06-25 11:43:52 [INFO] 正在下载正文附件: 关于报送基层医疗卫生单位深入学习实践科学发展观活动典型事例的紧急通知.pdf
2026-06-25 11:44:00 [INFO] 正在下载正文附件: 关于印发改革药品和医疗服务价格形成机制的意见的通知.pdf
2026-06-25 11:44:05 [INFO] 正在下载正文附件: 《分析查摆问题指引》和《分析检查报告选编》.rar
2026-06-25 11:44:09 [INFO] 正在下载正文附件: 广东省基层医疗卫生单位学习实践活动进展情况统计表.rar
2026-06-25 11:44:14 [INFO] 正在下载正文附件: 关于做好基层医疗卫生单位深入学习实践科学发展观活动分析检查阶段有关工作的通知.rar
2026-06-25 11:44:19 [INFO] 正在下载正文附件: 广东省基本公共卫生服务项目.doc
2026-06-25 11:44:19 [INFO] 正在下载正文附件: 广东省城乡居民健康档案等9个项目实施方案.doc
2026-06-25 11:44:30 [INFO] 正在下载正文附件: 广东省农村孕产妇住院分娩补助项目实施方案.doc
2026-06-25 11:44:30 [INFO] 正在下载正文附件: 广东省补种乙肝疫苗项目管理方案.doc
2026-06-25 11:44:30 [INFO] 正在下载正文附件: 广东省农村妇女“两癌”检查项目实施方案.doc
2026-06-25 11:44:31 [INFO] 正在下载正文附件: 广东省农村妇女增补叶酸预防神经管缺陷项目实施方案.doc
2026-06-25 11:44:31 [INFO] 正在下载正文附件: 广东省农村改水改厕项目管理方案.doc
2026-06-25 11:44:32 [INFO] 正在下载正文附件: 广东省百万贫困白内障患者复明医疗救治项目实施方案.doc
2026-06-25 11:44:36 [INFO] 正在下载正文附件: （点击此处下载）.rar
2026-06-25 11:44:40 [INFO] 正在下载正文附件: 报送第一阶段有关情况的紧急通知.rar
2026-06-25 11:44:45 [INFO] 正在下载正文附件: 关于进一步做好基层医疗卫生单位深入学习实践科学发展观活动的紧急通知.rar
2026-06-25 11:45:12 [INFO] 正在下载正文附件: 消毒产品专项整治检查表.doc
2026-06-25 11:45:13 [INFO] 正在下载正文附件: 消毒产品专项整治情况汇总表.doc
2026-06-25 11:45:13 [INFO] 正在下载正文附件: 消毒产品委托加工调查表.doc
2026-06-25 11:45:13 [INFO] 正在下载正文附件: 广东省抗（抑）菌产品许可企业名单.doc
2026-06-25 11:45:30 [INFO] 正在下载正文附件: 1．广东省医疗卫生系统履行烟草控制框架公约领导小组成员名单.doc
2026-06-25 11:45:31 [INFO] 正在下载正文附件: 2．关于2011年起全国医疗卫生系统全面禁烟的决定（卫妇社发〔2009〕48号）.doc
2026-06-25 11:45:31 [INFO] 正在下载正文附件: 3．无烟医疗卫生机构标准（试行）.doc
2026-06-25 11:46:05 [INFO] 正在下载正文附件: 1.广东省卫生厅政府信息公开目录编制说明.doc
2026-06-25 11:46:05 [INFO] 正在下载正文附件: 2.广东省卫生厅政府信息公开指南.doc
2026-06-25 11:46:05 [INFO] 正在下载正文附件: 3.广东省卫生厅政府信息公开保密审查制度.doc
2026-06-25 11:46:06 [INFO] 正在下载正文附件: 4.广东省卫生监督机构信息公开目录（试行）.doc
2026-06-25 11:46:06 [INFO] 正在下载正文附件: 5.广东省疾病预防控制机构信息公开目录（试 行）.doc
2026-06-25 11:46:07 [INFO] 正在下载正文附件: 6.广东省医院院务公开目录（试行）.doc
2026-06-25 11:46:07 [INFO] 正在下载正文附件: 7.广东省妇幼卫生机构公开信息目录（试行）.doc
2026-06-25 11:46:08 [INFO] 正在下载正文附件: 8.广东省社区卫生服务机构信息公开目录（试行）.doc
2026-06-25 11:46:08 [INFO] 正在下载正文附件: 9.广东省乡镇卫生院信息公开目录（试行）.doc
2026-06-25 11:46:35 [INFO] 正在下载正文附件: 印发《广东省农村初级卫生保健评审认定办法》及《广东省农村初级卫生保健工作督导制度》的通知.doc
2026-06-25 11:46:35 [ERROR] 正文附件下载失败: 印发《广东省农村初级卫生保健评审认定办法》及《广东省农村初级卫生保健工作督导制度》的通知.doc, 目标链接: https://wsjkw.gd.gov.cn/attachements/2019/01/24/a2afab87272b47fc368590de2954bdbd.doc
2026-06-25 11:47:00 [INFO] 正在下载正文附件: 1.市年度省财政补贴村卫生站医生审核表(总表).doc
2026-06-25 11:47:00 [ERROR] 正文附件下载失败: 1.市年度省财政补贴村卫生站医生审核表(总表).doc, 目标链接: https://wsjkw.gd.gov.cn/attachements/2019/01/24/722d365c14c52d92261e2e4c37340344.doc
2026-06-25 11:47:00 [INFO] 正在下载正文附件: 2.市年度省财政补贴村卫生站医生审核表(明细表).doc
2026-06-25 11:47:00 [ERROR] 正文附件下载失败: 2.市年度省财政补贴村卫生站医生审核表(明细表).doc, 目标链接: https://wsjkw.gd.gov.cn/attachements/2019/01/24/b05d821f3fd5f54dc7f383bb4598b7b1.doc
2026-06-25 11:47:31 [INFO] >>> 开始爬取栏目：政策解读
2026-06-25 11:47:33 [INFO] 列表页请求成功：https://wsjkw.gd.gov.cn/hdjlpt/c_cat?name=zcjd&via=pc，状态码：200
2026-06-25 11:47:33 [INFO] 栏目 [政策解读] 第 1 页解析到 0 条
2026-06-25 11:47:33 [INFO] 栏目 [政策解读] 当前页未解析到任何数据，自动判断已达最后一页，停止翻页！
2026-06-25 11:47:33 [WARNING] 栏目 [政策解读] 未解析到任何列表数据
2026-06-25 11:47:33 [INFO] [广东省卫生健康委员会] 爬取完毕！成功 192 条，失败 0 条，数据保存至：D:\LZH\A-Project\Crawler311\corpus_crawler\Crawler_Gov\data\output\gdwsjkw_all_documents.jsonl

2026-06-25 13:26:59 [INFO] ============== 成功加载 [国家卫生健康委员会] 解析器 ==============
2026-06-25 13:27:03 [INFO] [国家卫生健康委员会] 首页 WAF 响应已保存：data/raw_html/nhc_gov_cn_homepage_waf_error_20260625_0001.html
2026-06-25 13:27:03 [ERROR] 检测到站点返回 WAF/JS 校验页。如果是纯 requests 爬虫，不执行 JavaScript，因此无法自动通过该校验。
2026-06-25 13:27:03 [ERROR] 请设置正确的 Cookie，或使用 DrissionPage 浏览器内核绕过。
2026-06-25 13:27:03 [INFO] [国家卫生健康委员会] 暂未开启任何栏目抓取
2026-06-25 13:27:03 [INFO] ============== 成功加载 [国家疾病预防控制局] 解析器 ==============
2026-06-25 13:27:06 [INFO] [国家疾病预防控制局] 首页 warm-up 成功，已建立 Session/Cookie
2026-06-25 13:27:06 [INFO] [国家疾病预防控制局] 暂未开启任何栏目抓取
2026-06-25 13:27:06 [INFO] ============== 成功加载 [中国疾病预防控制中心] 解析器 ==============
2026-06-25 13:27:16 [INFO] [中国疾病预防控制中心] 首页 warm-up 成功，已建立 Session/Cookie
2026-06-25 13:27:16 [INFO] [中国疾病预防控制中心] 暂未开启任何栏目抓取
2026-06-25 13:27:16 [INFO] ============== 成功加载 [中国疾控中心慢病中心] 解析器 ==============
2026-06-25 13:27:19 [INFO] [中国疾控中心慢病中心] 首页 warm-up 成功，已建立 Session/Cookie
2026-06-25 13:27:19 [INFO] [中国疾控中心慢病中心] 暂未开启任何栏目抓取
2026-06-25 13:27:19 [INFO] Skip disabled site/source: World Health Organization
2026-06-25 13:27:19 [INFO] Skip disabled site/source: World Health Organization
2026-06-25 13:27:19 [INFO] Skip disabled site/source: World Health Organization
2026-06-25 13:27:19 [INFO] Skip disabled site/source: World Health Organization
2026-06-25 13:27:19 [INFO] Skip disabled site/source: World Health Organization
2026-06-25 13:27:19 [INFO] ============== 成功加载 [国家心理健康和精神卫生防治中心] 解析器 ==============
2026-06-25 13:27:30 [INFO] [国家心理健康和精神卫生防治中心] 首页 warm-up 成功，已建立 Session/Cookie
2026-06-25 13:27:30 [INFO] [国家心理健康和精神卫生防治中心] 暂未开启任何栏目抓取
2026-06-25 13:27:30 [INFO] ============== 成功加载 [广东省卫生健康委员会] 解析器 ==============
2026-06-25 13:27:33 [INFO] [广东省卫生健康委员会] 首页 warm-up 成功，已建立 Session/Cookie
2026-06-25 13:27:33 [INFO] 开始爬取：广东省卫生健康委员会，共 1 个栏目
2026-06-25 13:27:33 [INFO] >>> 开始爬取栏目：政策解读
2026-06-25 13:27:35 [INFO] 列表页请求成功：https://wsjkw.gd.gov.cn/hdjl_zcjd/index.html，状态码：200
2026-06-25 13:27:35 [INFO] 栏目 [政策解读] 第 1 页解析到 20 条
2026-06-25 13:27:37 [INFO] 列表页请求成功：https://wsjkw.gd.gov.cn/hdjl_zcjd/index_2.html，状态码：200
2026-06-25 13:27:37 [INFO] 栏目 [政策解读] 第 2 页解析到 20 条
2026-06-25 13:28:21 [INFO] 正在下载正文附件: 居民死亡医学证明签发使用流程图.pdf
2026-06-25 13:30:29 [INFO] 正在下载正文附件: １.《广东省加速消除宫颈癌行动计划（2023-2030年）》政策解读.docx
2026-06-25 13:30:48 [INFO] [广东省卫生健康委员会] 爬取完毕！成功 40 条，失败 0 条，数据保存至：D:\LZH\A-Project\Crawler311\corpus_crawler\Crawler_Gov\data\output\gdwsjkw_all_documents.jsonl

2026-06-25 14:04:34 [INFO] ============== 成功加载 [国家卫生健康委员会] 解析器 ==============
2026-06-25 14:04:40 [INFO] [国家卫生健康委员会] 首页 warm-up 成功，已建立 Session/Cookie
2026-06-25 14:04:40 [INFO] 开始爬取：国家卫生健康委员会，共 3 个栏目
2026-06-25 14:04:40 [INFO] >>> 开始爬取栏目：工作动态
2026-06-25 14:04:42 [INFO] 列表页请求成功：https://www.nhc.gov.cn/bgt/c100022/new_list.shtml，状态码：200
2026-06-25 14:04:42 [INFO] 栏目 [工作动态] 第 1 页解析到 28 条
2026-06-25 14:04:44 [INFO] 列表页请求成功：https://www.nhc.gov.cn/bgt/c100022/new_list_2.shtml，状态码：200
2026-06-25 14:04:44 [INFO] 栏目 [工作动态] 第 2 页解析到 28 条
2026-06-25 14:04:45 [INFO] 列表页请求成功：https://www.nhc.gov.cn/bgt/c100022/new_list_3.shtml，状态码：200
2026-06-25 14:04:45 [INFO] 栏目 [工作动态] 第 3 页解析到 28 条
2026-06-25 14:04:47 [INFO] 列表页请求成功：https://www.nhc.gov.cn/bgt/c100022/new_list_4.shtml，状态码：200
2026-06-25 14:04:47 [INFO] 栏目 [工作动态] 第 4 页解析到 28 条
2026-06-25 14:04:49 [INFO] 列表页请求成功：https://www.nhc.gov.cn/bgt/c100022/new_list_5.shtml，状态码：200
2026-06-25 14:04:49 [INFO] 栏目 [工作动态] 第 5 页解析到 28 条
2026-06-25 14:04:51 [INFO] 列表页请求成功：https://www.nhc.gov.cn/bgt/c100022/new_list_6.shtml，状态码：200
2026-06-25 14:04:51 [INFO] 栏目 [工作动态] 第 6 页解析到 28 条
2026-06-25 14:04:52 [INFO] 列表页请求成功：https://www.nhc.gov.cn/bgt/c100022/new_list_7.shtml，状态码：200
2026-06-25 14:04:52 [INFO] 栏目 [工作动态] 第 7 页解析到 28 条
2026-06-25 14:04:54 [INFO] 列表页请求成功：https://www.nhc.gov.cn/bgt/c100022/new_list_8.shtml，状态码：200
2026-06-25 14:04:54 [INFO] 栏目 [工作动态] 第 8 页解析到 28 条
2026-06-25 14:05:01 [INFO] 列表页请求成功：https://www.nhc.gov.cn/bgt/c100022/new_list_9.shtml，状态码：200
2026-06-25 14:05:01 [INFO] 栏目 [工作动态] 第 9 页解析到 28 条
2026-06-25 14:05:03 [INFO] 列表页请求成功：https://www.nhc.gov.cn/bgt/c100022/new_list_10.shtml，状态码：200
2026-06-25 14:05:03 [INFO] 栏目 [工作动态] 第 10 页解析到 28 条
2026-06-25 14:05:04 [INFO] 列表页请求成功：https://www.nhc.gov.cn/bgt/c100022/new_list_11.shtml，状态码：200
2026-06-25 14:05:04 [INFO] 栏目 [工作动态] 第 11 页解析到 28 条
2026-06-25 14:05:06 [INFO] 列表页请求成功：https://www.nhc.gov.cn/bgt/c100022/new_list_12.shtml，状态码：200
2026-06-25 14:05:06 [INFO] 栏目 [工作动态] 第 12 页解析到 28 条
2026-06-25 14:05:08 [INFO] 列表页请求成功：https://www.nhc.gov.cn/bgt/c100022/new_list_13.shtml，状态码：200
2026-06-25 14:05:08 [INFO] 栏目 [工作动态] 第 13 页解析到 28 条
2026-06-25 14:05:09 [INFO] 列表页请求成功：https://www.nhc.gov.cn/bgt/c100022/new_list_14.shtml，状态码：200
2026-06-25 14:05:09 [INFO] 栏目 [工作动态] 第 14 页解析到 28 条
2026-06-25 14:05:11 [INFO] 列表页请求成功：https://www.nhc.gov.cn/bgt/c100022/new_list_15.shtml，状态码：200
2026-06-25 14:05:11 [INFO] 栏目 [工作动态] 第 15 页解析到 28 条
2026-06-25 14:05:13 [INFO] 列表页请求成功：https://www.nhc.gov.cn/bgt/c100022/new_list_16.shtml，状态码：200
2026-06-25 14:05:13 [INFO] 栏目 [工作动态] 第 16 页解析到 28 条
2026-06-25 14:05:15 [INFO] 列表页请求成功：https://www.nhc.gov.cn/bgt/c100022/new_list_17.shtml，状态码：200
2026-06-25 14:05:15 [INFO] 栏目 [工作动态] 第 17 页解析到 28 条
2026-06-25 14:05:16 [INFO] 列表页请求成功：https://www.nhc.gov.cn/bgt/c100022/new_list_18.shtml，状态码：200
2026-06-25 14:05:16 [INFO] 栏目 [工作动态] 第 18 页解析到 28 条
2026-06-25 14:05:18 [INFO] 列表页请求成功：https://www.nhc.gov.cn/bgt/c100022/new_list_19.shtml，状态码：200
2026-06-25 14:05:18 [INFO] 栏目 [工作动态] 第 19 页解析到 17 条
2026-06-25 14:05:20 [INFO] 列表页请求成功：https://www.nhc.gov.cn/bgt/c100022/new_list_20.shtml，状态码：200
2026-06-25 14:05:20 [INFO] 栏目 [工作动态] 第 20 页解析到 0 条
2026-06-25 14:05:20 [INFO] 栏目 [工作动态] 当前页未解析到任何数据，自动判断已达最后一页，停止翻页！
2026-06-25 14:05:31 [INFO] 数据已存在，跳过解析并保留原数据：返回主站 >
2026-06-25 14:07:13 [INFO] 数据已存在，跳过解析并保留原数据：返回主站 >
2026-06-25 14:09:15 [INFO] 数据已存在，跳过解析并保留原数据：返回主站 >
2026-06-25 14:11:12 [INFO] 数据已存在，跳过解析并保留原数据：返回主站 >
2026-06-25 14:14:09 [INFO] 正在下载正文附件: 医院信息公开基本目录.unknown
2026-06-25 14:14:10 [INFO] 正在下载正文附件: 基层医疗卫生机构信息公开基本目录.unknown
2026-06-25 14:14:11 [INFO] 正在下载正文附件: 妇幼保健机构信息公开基本目录.unknown
2026-06-25 14:14:12 [INFO] 正在下载正文附件: 疾病预防控制中心信息公开基本目录.unknown
2026-06-25 14:14:12 [INFO] 正在下载正文附件: 健康教育机构信息公开基本目录.unknown
2026-06-25 14:14:13 [INFO] 正在下载正文附件: 急救中心信息公开基本目录.unknown
2026-06-25 14:14:13 [INFO] 正在下载正文附件: 血站信息公开基本目录.unknown
2026-06-25 14:14:14 [INFO] 正在下载正文附件: 其他公共卫生机构信息公开基本目录.unknown
2026-06-25 14:15:58 [INFO] 数据已存在，跳过解析并保留原数据：返回主站 >
2026-06-25 14:18:20 [INFO] 数据已存在，跳过解析并保留原数据：返回主站 >
2026-06-25 14:18:32 [INFO] 数据已存在，跳过解析并保留原数据：《医疗机构消防安全管理九项规定（2020版）》解读
2026-06-25 14:19:29 [INFO] 数据已存在，跳过解析并保留原数据：《国家卫生健康委关于印发卫生健康系统解决形式主义突出问题为基层减负措施的通知》的解读
2026-06-25 14:19:29 [INFO] 数据已存在，跳过解析并保留原数据：一图读懂：卫生健康系统为医务人员减负措施
2026-06-25 14:20:57 [INFO] 数据已存在，跳过解析并保留原数据：返回主站 >
2026-06-25 14:21:15 [INFO] 正在下载正文附件: 2017年度政府信息公开情况统计表.unknown
2026-06-25 14:23:17 [INFO] 数据已存在，跳过解析并保留原数据：返回主站 >
2026-06-25 14:25:38 [INFO] 数据已存在，跳过解析并保留原数据：返回主站 >
2026-06-25 14:27:52 [INFO] 数据已存在，跳过解析并保留原数据：返回主站 >
2026-06-25 14:30:06 [INFO] 数据已存在，跳过解析并保留原数据：返回主站 >
2026-06-25 14:32:26 [INFO] 数据已存在，跳过解析并保留原数据：返回主站 >
2026-06-25 14:34:36 [INFO] 数据已存在，跳过解析并保留原数据：返回主站 >
2026-06-25 14:36:50 [INFO] 数据已存在，跳过解析并保留原数据：返回主站 >
2026-06-25 14:39:22 [INFO] 数据已存在，跳过解析并保留原数据：返回主站 >
2026-06-25 14:41:29 [INFO] 正在下载正文附件: 卫生部系统部分标识参考图案.doc
2026-06-25 14:41:35 [INFO] 正在下载正文附件: 卫生系统统一形象标识标准图案与说明.doc
2026-06-25 14:41:36 [INFO] 正在下载正文附件: 卫生系统统一形象标识使用管理规定.doc
2026-06-25 14:43:44 [INFO] 数据已存在，跳过解析并保留原数据：返回主站 >
2026-06-25 14:45:21 [INFO] 正在下载正文附件: 2010年全国卫生系统食品安全与卫生监督工作会议代表名额分配表.doc
2026-06-25 14:45:22 [INFO] 正在下载正文附件: 2010年全国卫生系统食品安全与卫生监督工作会议会址交通示意图.doc
2026-06-25 14:45:22 [INFO] 正在下载正文附件: 2010年全国卫生系统食品安全与卫生监督工作会议代表回执.doc
2026-06-25 14:46:28 [INFO] 数据已存在，跳过解析并保留原数据：返回主站 >
2026-06-25 14:49:35 [INFO] 数据已存在，跳过解析并保留原数据：返回主站 >
2026-06-25 14:49:52 [INFO] 正在下载正文附件: 公共场所卫生监督管理办法(征求意见稿）.doc
2026-06-25 14:49:53 [INFO] 正在下载正文附件: 《公共场所卫生监督管理办法（征求意见稿）》修订说明.doc
2026-06-25 14:50:01 [INFO] 正在下载正文附件: 第四次国家卫生服务调查设计方案.doc
2026-06-25 14:50:01 [INFO] 正在下载正文附件: 第四次国家卫生服务调查国家样本点名单.doc
2026-06-25 14:50:34 [INFO] 正在下载正文附件: 2006年卫生部门信访数量列表.doc
2026-06-25 14:50:45 [INFO] 正在下载正文附件: 培训方案.doc
2026-06-25 14:51:06 [INFO] 正在下载正文附件: 会 议 代 表 回 执.doc
2026-06-25 14:51:09 [INFO] 正在下载正文附件: 全国卫生厅局长专题研讨班报名回执表及接站返程情况反馈表.doc
2026-06-25 14:51:43 [INFO] 数据已存在，跳过解析并保留原数据：返回主站 >
2026-06-25 14:51:50 [INFO] 正在下载正文附件: 12320附件.doc
2026-06-25 14:51:55 [INFO] 正在下载正文附件: 首届中国健康传播论坛参会报名表.doc
2026-06-25 14:51:55 [INFO] 正在下载正文附件: 首届中国健康传播论坛论文征集说明.doc
2026-06-25 14:52:04 [INFO] 正在下载正文附件: 卫生部报刊管理简报（2005年第2期）.doc
2026-06-25 14:52:04 [INFO] 正在下载正文附件: 1733277995856_94236.doc
2026-06-25 14:52:09 [INFO] 正在下载正文附件: 卫生部报刊管理简报（2005年第2期）.doc
2026-06-25 14:52:09 [INFO] 正在下载正文附件: 1733278003422_96016.doc
2026-06-25 14:52:14 [INFO] 正在下载正文附件: 报刊管理简报（2005年第1期）.doc
2026-06-25 14:52:14 [INFO] 正在下载正文附件: 1733277889773_42562.doc
2026-06-25 14:52:18 [INFO] 正在下载正文附件: 附件：卫生部首届医药卫生优秀期刊获奖名单.doc
2026-06-25 14:52:19 [INFO] 正在下载正文附件: 1733277730316_69575.doc
2026-06-25 14:52:26 [INFO] 正在下载正文附件: 美国《医学索引》收录我国生物医学期刊名录.xls
2026-06-25 14:52:26 [INFO] 正在下载正文附件: 荷兰《医学文搞》收录我国生物医学期刊名录.xls
2026-06-25 14:52:27 [INFO] 正在下载正文附件: 我国生物医学期刊被国际重要检索系统收录情况.doc
2026-06-25 14:52:27 [INFO] 正在下载正文附件: 卫生部关于召开2004年全国医药卫生报刊主编、编辑岗位培训班通知.doc
2026-06-25 14:52:27 [INFO] 正在下载正文附件: 中国卫生经济学会主办期刊工作会议在京召开.doc
2026-06-25 14:52:27 [INFO] 正在下载正文附件: 中国卫生经济杂志社工作总结与思考.doc
2026-06-25 14:52:27 [INFO] 正在下载正文附件: 关于中央治理报刊联合督察组对十省区督察工作情况的通报.doc
2026-06-25 14:52:28 [INFO] 正在下载正文附件: 关于北京地区实施2003年度报刊年检的通知.doc
2026-06-25 14:52:42 [INFO] >>> 开始爬取栏目：征求意见
2026-06-25 14:52:44 [INFO] 列表页请求成功：https://www.nhc.gov.cn/wjw/zqyj/list.shtml，状态码：200
2026-06-25 14:52:44 [INFO] 栏目 [征求意见] 第 1 页解析到 24 条
2026-06-25 14:52:45 [INFO] 列表页请求成功：https://www.nhc.gov.cn/wjw/zqyj/list_2.shtml，状态码：200
2026-06-25 14:52:45 [INFO] 栏目 [征求意见] 第 2 页解析到 24 条
2026-06-25 14:52:47 [INFO] 列表页请求成功：https://www.nhc.gov.cn/wjw/zqyj/list_3.shtml，状态码：200
2026-06-25 14:52:47 [INFO] 栏目 [征求意见] 第 3 页解析到 24 条
2026-06-25 14:52:49 [INFO] 列表页请求成功：https://www.nhc.gov.cn/wjw/zqyj/list_4.shtml，状态码：200
2026-06-25 14:52:49 [INFO] 栏目 [征求意见] 第 4 页解析到 24 条
2026-06-25 14:52:51 [INFO] 列表页请求成功：https://www.nhc.gov.cn/wjw/zqyj/list_5.shtml，状态码：200
2026-06-25 14:52:51 [INFO] 栏目 [征求意见] 第 5 页解析到 24 条
2026-06-25 14:52:53 [INFO] 列表页请求成功：https://www.nhc.gov.cn/wjw/zqyj/list_6.shtml，状态码：200
2026-06-25 14:52:53 [INFO] 栏目 [征求意见] 第 6 页解析到 24 条
2026-06-25 14:52:54 [INFO] 列表页请求成功：https://www.nhc.gov.cn/wjw/zqyj/list_7.shtml，状态码：200
2026-06-25 14:52:55 [INFO] 栏目 [征求意见] 第 7 页解析到 24 条
2026-06-25 14:52:56 [INFO] 列表页请求成功：https://www.nhc.gov.cn/wjw/zqyj/list_8.shtml，状态码：200
2026-06-25 14:52:56 [INFO] 栏目 [征求意见] 第 8 页解析到 2 条
2026-06-25 14:52:58 [INFO] 列表页请求成功：https://www.nhc.gov.cn/wjw/zqyj/list_9.shtml，状态码：200
2026-06-25 14:52:58 [INFO] 栏目 [征求意见] 第 9 页解析到 0 条
2026-06-25 14:52:58 [INFO] 栏目 [征求意见] 当前页未解析到任何数据，自动判断已达最后一页，停止翻页！
2026-06-25 14:53:00 [INFO] 正在下载正文附件: 2026年度食品安全国家标准立项计划（征求意见稿）.unknown
2026-06-25 14:53:04 [INFO] 正在下载正文附件: 人类遗传资源管理条例实施细则（征求意见稿）.unknown
2026-06-25 14:53:04 [INFO] 正在下载正文附件: %E6%94%BE%E5%B0%84%E5%8D%AB%E7%94%9F%E6%8A%80%E6%9C%AF%E6%9C%8D%E5%8A%A1%E6%9C%BA%E6%9E%84%E7%AE%A1%E7%90%86%E5%8A%9E%E6%B3%95%EF%BC%88%E5%BE%81%E6%B1%82%E6%84%8F%E8%A7%81%E7%A8%BF%EF%BC%89.doc
2026-06-25 14:53:07 [ERROR] 正文附件下载失败: %E6%94%BE%E5%B0%84%E5%8D%AB%E7%94%9F%E6%8A%80%E6%9C%AF%E6%9C%8D%E5%8A%A1%E6%9C%BA%E6%9E%84%E7%AE%A1%E7%90%86%E5%8A%9E%E6%B3%95%EF%BC%88%E5%BE%81%E6%B1%82%E6%84%8F%E8%A7%81%E7%A8%BF%EF%BC%89.doc, 目标链接: https://www.nhc.gov.cn/wjw/yjzj/202507/1fac44fc78364098a0d6cc06c95bd634/files/%E6%94%BE%E5%B0%84%E5%8D%AB%E7%94%9F%E6%8A%80%E6%9C%AF%E6%9C%8D%E5%8A%A1%E6%9C%BA%E6%9E%84%E7%AE%A1%E7%90%86%E5%8A%9E%E6%B3%95%EF%BC%88%E5%BE%81%E6%B1%82%E6%84%8F%E8%A7%81%E7%A8%BF%EF%BC%89.doc
2026-06-25 14:53:12 [INFO] 正在下载正文附件: 医疗机构麻醉药品和精神药品管理规定（征求意见稿）.unknown
2026-06-25 14:53:13 [INFO] 正在下载正文附件: 关于医疗机构麻醉药品和精神药品管理规定（征求意见稿）的起草说明.unknown
2026-06-25 14:53:19 [INFO] 正在下载正文附件: 生物医学新技术临床转化应用审批工作规范（征求意见稿）.unknown
2026-06-25 14:53:20 [INFO] 正在下载正文附件: 生物医学新技术临床转化应用审批工作规范（征求意见稿）起草说明.unknown
2026-06-25 14:53:25 [INFO] 正在下载正文附件: 征求意见的食品安全国家标准目录.unknown
2026-06-25 14:53:28 [INFO] 正在下载正文附件: 1.成人脑卒中食养指南（征求意见稿）
2026-06-25 14:53:31 [INFO] 正在下载正文附件: 2.成人脑卒中食养指南编制说明
2026-06-25 14:53:31 [INFO] 正在下载正文附件: 3.成人骨质疏松症食养指南（征求意见稿）
2026-06-25 14:53:33 [INFO] 正在下载正文附件: 4.成人骨质疏松症食养指南编制说明
2026-06-25 14:53:33 [INFO] 正在下载正文附件: 5.成人肌少症食养指南（征求意见稿)
2026-06-25 14:53:36 [INFO] 正在下载正文附件: 6.成人肌少症食养指南编制说明
2026-06-25 14:53:37 [INFO] 正在下载正文附件: 7.意见反馈表
2026-06-25 14:53:40 [INFO] 正在下载正文附件: 征求意见的食品安全国家标准目录.unknown
2026-06-25 14:53:44 [INFO] 正在下载正文附件: 放射卫生技术服务机构管理办法（征求意见稿）.unknown
2026-06-25 14:53:49 [INFO] 正在下载正文附件: 放射卫生技术服务机构管理办法（征求意见稿）-20250728100848989.doc
2026-06-25 14:53:53 [INFO] 正在下载正文附件: 放射卫生技术服务机构管理办法（征求意见稿）.doc
2026-06-25 14:54:02 [INFO] 正在下载正文附件: 附件：征求意见的食品安全国家标准目录.doc
2026-06-25 14:54:02 [INFO] 正在下载正文附件: 征求意见的食品安全国家标准目录.unknown
2026-06-25 14:54:07 [INFO] 正在下载正文附件: 2025年度食品安全国家标准立项计划（征求意见稿）.unknown
2026-06-25 14:54:16 [INFO] 正在下载正文附件: 手术部规范GB50333-2013局部修订（征求意见稿）.unknown
2026-06-25 14:54:22 [INFO] 正在下载正文附件: 征求意见的食品安全国家标准目录.unknown
2026-06-25 14:54:25 [INFO] 正在下载正文附件: 《中国公民健康素养—基本知识与技能（2024年版）》（征求意见稿）.unknown
2026-06-25 14:54:27 [INFO] 正在下载正文附件: 《中国公民健康素养—基本知识与技能释义（2024年版）》（征求意见稿）.unknown
2026-06-25 14:54:34 [INFO] 正在下载正文附件: 2024年度食品安全国家标准立项计划（征求意见稿）.unknown
2026-06-25 14:54:39 [INFO] 正在下载正文附件: 《职业卫生放射卫生技术服务机构评估检查工作规范（征求意见稿）》.unknown
2026-06-25 14:54:49 [INFO] 正在下载正文附件: 《传染病医院建筑设计规范》（局部修订征求意见稿）.unknown
2026-06-25 14:55:03 [INFO] 正在下载正文附件: 《生物安全实验室建筑技术规范》（局部修订征求意见稿）.unknown
2026-06-25 14:55:17 [INFO] 正在下载正文附件: 疫苗生产车间生物安全标准（征求意见稿）.unknown
2026-06-25 14:55:23 [INFO] 正在下载正文附件: 征求意见的食品安全国家标准目录.unknown
2026-06-25 14:55:23 [ERROR] 正文附件下载失败: 征求意见的食品安全国家标准目录.unknown, 目标链接: https://www.nhc.gov.cn/wjw/yjzj/202305/839936b7eea4450ebccec12e55a476ef/files/1732845043265_22694.doc
2026-06-25 14:55:28 [INFO] 正在下载正文附件: 体细胞临床研究工作指引（公开征求意见稿）.unknown
2026-06-25 14:55:33 [INFO] 正在下载正文附件: 2023年度食品安全国家标准立项计划（征求意见稿）.unknown
2026-06-25 14:55:38 [INFO] 正在下载正文附件: 征求意见的食品安全国家标准目录.unknown
2026-06-25 14:55:42 [INFO] 正在下载正文附件: 成人高脂血症食养指南（征求意见稿）.unknown
2026-06-25 14:56:08 [INFO] 正在下载正文附件: 成人高血压食养指南（征求意见稿）.unknown
2026-06-25 14:56:35 [INFO] 正在下载正文附件: 儿童青少年生长迟缓食养指南（征求意见稿）.unknown
2026-06-25 14:56:37 [INFO] 正在下载正文附件: 成人糖尿病食养指南（征求意见稿）.unknown
2026-06-25 14:57:03 [INFO] 正在下载正文附件: 意见反馈表.unknown
2026-06-25 14:57:07 [INFO] 正在下载正文附件: 征求意见的食品安全国家标准目录.unknown
2026-06-25 14:57:12 [INFO] 正在下载正文附件: 2022年度食品安全国家标准立项计划（征求意见稿）.unknown
2026-06-25 14:57:16 [INFO] 正在下载正文附件: 附件：征求意见的食品安全国家目录.unknown
2026-06-25 14:57:21 [INFO] 正在下载正文附件: 1.临床急需药品临时进口工作方案（征求意见稿）
2026-06-25 14:57:21 [INFO] 正在下载正文附件: 2.氯巴占临时进口工作方案（征求意见稿）
2026-06-25 14:57:26 [INFO] 正在下载正文附件: 《综合医院建筑设计规范》（局部修订征求意见稿）.unknown
2026-06-25 14:57:33 [INFO] 正在下载正文附件: 关于医疗卫生机构科研用人类生物样本管理暂行办法（征求意见稿）公开征求意见的公告.unknown
2026-06-25 14:57:38 [INFO] 正在下载正文附件: 人间传染的病原微生物目录（征求意见稿）修订说明.unknown
2026-06-25 14:57:45 [INFO] 正在下载正文附件: 国家基本药物目录管理办法（修订草案）.unknown
2026-06-25 14:57:54 [INFO] 正在下载正文附件: 《中华人民共和国传染病防治法》（修订草案征求意见稿）.unknown
2026-06-25 14:57:55 [INFO] 正在下载正文附件: 《中华人民共和国传染病防治法》（修订草案征求意见稿）修订说明.unknown
2026-06-25 14:58:00 [INFO] 正在下载正文附件: 《食品安全标准管理办法》（征求意见稿）.unknown
2026-06-25 14:58:01 [INFO] 正在下载正文附件: 关于《食品安全标准管理办法(征求意见稿)》的修订说明.unknown
2026-06-25 14:58:09 [INFO] 正在下载正文附件: 静脉用药调配中心建设与管理指南(征求意见稿).unknown
2026-06-25 14:58:22 [INFO] 正在下载正文附件: 基金申请流程图和绩效考核指标.unknown
2026-06-25 14:58:27 [INFO] 正在下载正文附件: 预防艾滋病、梅毒和乙肝母婴传播工作规范（2020年版）（征求意见稿）.unknown
2026-06-25 14:58:34 [INFO] 正在下载正文附件: 血液净化标准操作规程（2020版）（征求意见稿）.unknown
2026-06-25 14:58:48 [INFO] 正在下载正文附件: 卫生健康科技创新“十四五”规划项目建议汇总表.unknown
2026-06-25 14:58:48 [INFO] 正在下载正文附件: 卫生健康科技创新“十四五”规划项目建议征集信息表.unknown
2026-06-25 14:58:49 [INFO] 正在下载正文附件: 系统操作说明.unknown
2026-06-25 14:58:58 [INFO] 正在下载正文附件: 人体器官移植条例（修订草案）（征求意见稿）.unknown
2026-06-25 14:58:59 [INFO] 正在下载正文附件: 人体器官移植条例（修订草案）（征求意见稿）起草说明.unknown
2026-06-25 14:59:03 [INFO] 正在下载正文附件: 体外膜肺氧合（ECMO）技术管理规范（征求意见稿）.unknown
2026-06-25 14:59:08 [INFO] 正在下载正文附件: 1-1餐饮食品营养标识指南 指南文本（征求意见稿）.unknown
2026-06-25 14:59:08 [INFO] 正在下载正文附件: 1-2餐饮食品营养标识指南 编制说明（征求意见稿）.unknown
2026-06-25 14:59:09 [INFO] 正在下载正文附件: 2-1营养健康餐厅创建与技术评价指南 指南文本（征求意见稿）.unknown
2026-06-25 14:59:09 [INFO] 正在下载正文附件: 2-2营养健康餐厅创建与技术评价指南 编制说明（征求意见稿）.unknown
2026-06-25 14:59:10 [INFO] 正在下载正文附件: 3-1营养健康食堂创建与评价技术指南 指南文本（征求意见稿）.unknown
2026-06-25 14:59:11 [INFO] 正在下载正文附件: 3-2营养健康食堂创建与评价技术指南 编制说明（征求意见稿）.unknown
2026-06-25 14:59:11 [INFO] 正在下载正文附件: 4-1营养与健康示范学校创建与评价技术指南 指南文本（征求意见稿）.unknown
2026-06-25 14:59:11 [INFO] 正在下载正文附件: 4-2营养与健康示范学校创建与技术评价指南 编制说明（征求意见稿）.unknown
2026-06-25 14:59:16 [INFO] 正在下载正文附件: 国家卫生健康委关于放射卫生技术服务机构管理有关事项的通知(征求意见稿）.unknown
2026-06-25 14:59:19 [INFO] 正在下载正文附件: 国家卫生健康委办公厅关于进一步加强新冠肺炎疫情防控期间消毒产品监管工作的通知（征求意见稿）.unknown
2026-06-25 14:59:24 [INFO] 正在下载正文附件: 人体角膜获取与分配管理办法（征求意见稿）.unknown
2026-06-25 14:59:28 [INFO] 正在下载正文附件: 人体捐献角膜分配原则（征求意见稿）.unknown
2026-06-25 14:59:35 [INFO] 正在下载正文附件: 同种异体肝脏移植技术管理规范（征求意见稿）.unknown
2026-06-25 14:59:36 [INFO] 正在下载正文附件: 同种异体肾脏移植技术管理规范（征求意见稿）.unknown
2026-06-25 14:59:36 [INFO] 正在下载正文附件: 同种异体心脏移植技术管理规范（征求意见稿）.unknown
2026-06-25 14:59:37 [INFO] 正在下载正文附件: 同种异体肺脏移植技术管理规范（征求意见稿）.unknown
2026-06-25 14:59:38 [INFO] 正在下载正文附件: 同种异体小肠移植技术管理规范（征求意见稿）.unknown
2026-06-25 14:59:39 [INFO] 正在下载正文附件: 同种异体胰腺移植技术管理规范（征求意见稿）.unknown
2026-06-25 14:59:51 [INFO] 正在下载正文附件: 血站建设标准（征求意见稿）.unknown
2026-06-25 14:59:52 [INFO] 正在下载正文附件: 血站建设标准（征求意见稿）条文说明.unknown
2026-06-25 14:59:57 [INFO] 正在下载正文附件: 《医院建筑运行维护技术标准》-征求意见稿.unknown
2026-06-25 15:00:12 [INFO] 正在下载正文附件: 国家短缺药品清单管理办法（试行）征求意见稿.unknown
2026-06-25 15:00:13 [INFO] 正在下载正文附件: 国家短缺药品清单管理办法（试行）（征求意见稿）起草说明.unknown
2026-06-25 15:00:18 [INFO] 正在下载正文附件: 《外国医师来华行医管理办法》（征求意见稿）.unknown
2026-06-25 15:00:19 [INFO] 正在下载正文附件: 《外国医师来华行医管理办法》（征求意见稿）起草说明.unknown
2026-06-25 15:00:30 [INFO] 正在下载正文附件: 《医院洁净护理与隔离单元技术标准》征求意见稿.unknown
2026-06-25 15:00:36 [INFO] 正在下载正文附件: 职业病诊断与鉴定管理办法（征求意见稿）.unknown
2026-06-25 15:00:36 [INFO] 正在下载正文附件: 《职业病诊断与鉴定管理办法（征求意见稿）》修订说明.unknown
2026-06-25 15:00:38 [INFO] 数据已存在，跳过解析并保留原数据：国家卫生健康委关于《职业卫生技术服务机构管理办法（征求意见稿）》公开征求意见的通知
2026-06-25 15:00:41 [INFO] 正在下载正文附件: “一带一路”重点国家妇女儿童健康状况及合作需求分析研究工作任务大纲.unknown
2026-06-25 15:00:41 [INFO] 正在下载正文附件: 中国妇女儿童健康发展经验研究工作任务大纲.unknown
2026-06-25 15:00:41 [INFO] 正在下载正文附件: 中国妇女儿童健康经验向“一带一路”重点国家传播策略研究工作任务大纲.unknown
2026-06-25 15:00:47 [INFO] 正在下载正文附件: 《托育机构设置标准（试行）（征求意见稿）》.unknown
2026-06-25 15:00:47 [INFO] 正在下载正文附件: 《托育机构管理规范（试行）（征求意见稿）》.unknown
2026-06-25 15:01:07 [INFO] 正在下载正文附件: 抗（抑）菌剂有效成分名录（征求意见稿）.unknown
2026-06-25 15:01:07 [INFO] 正在下载正文附件: 抗（抑）菌剂有效成分名录（征求意见稿）起草说明.unknown
2026-06-25 15:01:12 [INFO] 正在下载正文附件: 体细胞治疗临床研究和转化应用管理办法（试行）（征求意见稿）.unknown
2026-06-25 15:01:12 [INFO] 正在下载正文附件: 体细胞治疗临床研究和转化应用管理办法（试行）解读.unknown
2026-06-25 15:01:17 [INFO] 正在下载正文附件: 医疗器械临床使用管理办法（征求意见稿）.unknown
2026-06-25 15:01:18 [INFO] 正在下载正文附件: 《医疗器械临床使用管理办法（征求意见稿）》起草说明.unknown
2026-06-25 15:01:22 [INFO] 正在下载正文附件: 生物医学新技术临床应用管理条例（征求意见稿）.unknown
2026-06-25 15:01:22 [INFO] 正在下载正文附件: 生物医学新技术临床应用管理条例（征求意见稿）起草说明.unknown
2026-06-25 15:01:30 [INFO] 正在下载正文附件: 征求意见的食品安全国家标准修改单名单.unknown
2026-06-25 15:01:33 [INFO] 正在下载正文附件: 征求意见的食品安全国家标准名单.unknown
2026-06-25 15:01:38 [INFO] 正在下载正文附件: 医疗损害鉴定管理办法（征求意见稿）.unknown
2026-06-25 15:01:39 [INFO] 正在下载正文附件: 关于《医疗损害鉴定管理办法（征求意见稿）》的起草说明.unknown
2026-06-25 15:01:42 [INFO] 正在下载正文附件: 征求意见的食品安全国家标准（征求意见稿）文本及编制说明.unknown
2026-06-25 15:01:56 [INFO] 正在下载正文附件: 医疗机构投诉管理办法（征求意见稿）.unknown
2026-06-25 15:01:57 [INFO] 正在下载正文附件: 关于《医疗机构投诉管理办法（征求意见稿）》的起草说明.unknown
2026-06-25 15:02:01 [INFO] 正在下载正文附件: 婴儿配方食品等9项食品安全国家标准和运动营养食品通则标准第1号修改单文本及编制说明.unknown
2026-06-25 15:02:08 [INFO] 正在下载正文附件: 综合防控儿童青少年近视实施方案（征求意见稿）.unknown
2026-06-25 15:02:12 [INFO] 正在下载正文附件: 《放射诊断放射防护要求》等3项标准送审稿和编制说明.unknown
2026-06-25 15:02:16 [INFO] 正在下载正文附件: 征求意见反馈表.unknown
2026-06-25 15:02:38 [INFO] 正在下载正文附件: 《食品安全国家标准 乳糖》等15项食品安全国家标准（征求意见稿）及编制说明.unknown
2026-06-25 15:02:46 [INFO] 正在下载正文附件: 《公共场所卫生指标及限值要求》等8项国家标准（征求意见稿）及解读.zip
2026-06-25 15:02:53 [INFO] 正在下载正文附件: 征求意见反馈表.docx
2026-06-25 15:03:09 [INFO] 正在下载正文附件: 《食品安全国家标准 食品营养强化剂 葡萄糖酸镁》等9项食品安全国家标准（征求意见稿）及编制说明.rar
2026-06-25 15:03:15 [INFO] 正在下载正文附件: 《计算机X射线摄影（CR）质量控制检测规范》等4项国家职业卫生标准（征求意见稿）及编制说明.zip
2026-06-25 15:03:17 [INFO] 正在下载正文附件: 征求意见反馈表.docx
2026-06-25 15:03:25 [INFO] 正在下载正文附件: 医疗纠纷预防与处理条例（送审稿）.doc
2026-06-25 15:03:26 [INFO] 正在下载正文附件: 国家卫生和计划生育委员会关于《医疗纠纷预防与处理条例（送审稿）的起草说明》.doc
2026-06-25 15:03:30 [INFO] 正在下载正文附件: 《食品安全国家标准 食品加工用酵母》等70项食品安全标准和1项标准修改单（征求意见稿）及编制说明.zip
2026-06-25 15:03:53 [INFO] 正在下载正文附件: 1. 2015年食品安全国家标准项目计划（征求意见稿）.doc
2026-06-25 15:03:53 [INFO] 正在下载正文附件: 2.《2015年食品安全国家标准项目计划》（征求意见稿）意见反馈表.doc
2026-06-25 15:03:57 [INFO] 正在下载正文附件: 《食品安全国家标准 食品添加剂 红曲红》等107项食品安全国家标准（征求意见稿）及编制说明.zip
2026-06-25 15:04:22 [INFO] 正在下载正文附件: 《食品安全国家标准 食用酒精》等36项食品安全国家标准（征求意见稿）及编制说明.zip
2026-06-25 15:04:36 [INFO] 正在下载正文附件: 附件1-15下载链接：《冷藏乳制品贮运销售卫生规范》等15项食品安全国家标准（征求意见稿）及编制说明.zip
2026-06-25 15:04:47 [INFO] 正在下载正文附件: 附件1-11下载链接：《食品安全国家标准 饮用天然矿泉水检验方法》等11项食品安全国家标准（征求意见稿）及编制说明.zip
2026-06-25 15:04:53 [INFO] 正在下载正文附件: 1. 职业病危害因素分类目录（征求意见稿）.docx
2026-06-25 15:04:54 [INFO] 正在下载正文附件: 2.《职业病危害因素分类目录（征求意见稿）》修订说明.docx
2026-06-25 15:04:58 [INFO] 正在下载正文附件: 干细胞临床研究管理办法（试行）.docx
2026-06-25 15:04:58 [INFO] 正在下载正文附件: 《干细胞临床研究管理办法（试行）》解读.docx
2026-06-25 15:05:02 [INFO] 正在下载正文附件: 25. 食品安全国家标准征求意见反馈表.doc
2026-06-25 15:05:03 [INFO] 正在下载正文附件: 《食品安全国家标准 酱腌菜》等24项食品安全国家标准（征求意见稿）及编制说明.rar
2026-06-25 15:05:17 [INFO] 正在下载正文附件: 《食品用洗涤剂原料（成分）名单(第一批)》.doc
2026-06-25 15:05:18 [INFO] 正在下载正文附件: 关于《食品用洗涤剂原料（成分）名单（第一批）》编制说明.doc
2026-06-25 15:05:22 [INFO] 正在下载正文附件: 拟批准的4种食品包装材料用添加剂新品种.doc
2026-06-25 15:05:23 [INFO] 正在下载正文附件: 拟批准的食品包装材料用树脂新品种1-丁烯与乙烯的聚合物.doc
2026-06-25 15:05:23 [INFO] 正在下载正文附件: 拟批准扩大使用量的食品包装材料用添加剂氢化蓖麻油乙酸单甘油酯.doc
2026-06-25 15:05:27 [INFO] 正在下载正文附件: 食品安全国家标准征求意见反馈表.doc
2026-06-25 15:05:27 [INFO] 正在下载正文附件: 《速冻食品生产卫生规范》等4项食品安全国家标准和1项标准修改单（征求意见稿）.zip
2026-06-25 15:05:33 [INFO] 正在下载正文附件: 食品安全国家标准征求意见反馈表.doc
2026-06-25 15:05:34 [INFO] 正在下载正文附件: 《食品安全国家标准 糖果》等31项食品安全国家标准和1项标准修改单（征求意见稿）及编制说明.zip
2026-06-25 15:05:48 [INFO] 正在下载正文附件: 《妇幼保健机构建设标准（征求意见稿）》.doc
2026-06-25 15:05:49 [INFO] 正在下载正文附件: 《妇幼保健机构建设标准（征求意见稿）》条文说明.doc
2026-06-25 15:05:54 [INFO] 正在下载正文附件: 公共场所控制吸烟条例（送审稿）.doc
2026-06-25 15:05:54 [INFO] 正在下载正文附件: 《公共场所控制吸烟条例(送审稿)》起草说明.doc
2026-06-25 15:05:59 [INFO] 正在下载正文附件: 《社会抚养费征收管理条例(送审稿）》起草说明.doc
2026-06-25 15:05:59 [INFO] 正在下载正文附件: 社会抚养费征收管理条例(送审稿).doc
2026-06-25 15:05:59 [INFO] 正在下载正文附件: 《社会抚养费征收管理条例（送审稿）》与《社会抚养费征收管理办法》对照表.doc
2026-06-25 15:06:04 [INFO] 正在下载正文附件: 白木香叶等5种新食品原料.docx
2026-06-25 15:06:08 [INFO] 正在下载正文附件: 1.按照传统既是食品又是中药材物质目录管理办法（征求意见稿）.doc
2026-06-25 15:06:09 [INFO] 正在下载正文附件: 2.《按照传统既是食品又是中药材物质目录管理办法》（征求意见稿）修订说明.doc
2026-06-25 15:06:12 [INFO] 正在下载正文附件: 食品安全国家标准征求意见反馈表.doc
2026-06-25 15:06:13 [INFO] 正在下载正文附件: 《食品添加剂 氯化钙》等121项食品安全国家标准（征求意见稿）及编制说明.zip
2026-06-25 15:06:37 [INFO] 正在下载正文附件: 1.《食品添加剂 番茄红素（合成）》（征求意见稿）及编制说明.zip
2026-06-25 15:06:38 [INFO] 正在下载正文附件: 2.《食品添加剂 硫代二丙酸二月桂酸》（征求意见稿）及编制说明.zip
2026-06-25 15:06:38 [INFO] 正在下载正文附件: 3.《食品添加剂 乙酰化单、双甘油脂肪酸酯》（征求意见稿）及编制说明.zip
2026-06-25 15:06:39 [INFO] 正在下载正文附件: 4.《食品添加剂 月桂酸》（征求意见稿）及编制说明.zip
2026-06-25 15:06:39 [INFO] 正在下载正文附件: 5.《食品营养强化剂 5′-尿苷酸二钠》（征求意见稿）及编制说明.zip
2026-06-25 15:06:40 [INFO] 正在下载正文附件: 6.《食品营养强化剂5′-单磷酸腺苷》（征求意见稿）及编制说明.zip
2026-06-25 15:06:40 [INFO] 正在下载正文附件: 7.《食品添加剂 铵磷脂》（征求意见稿）及编制说明.zip
2026-06-25 15:06:41 [INFO] 正在下载正文附件: 8.《食品添加剂 糖精钠》（征求意见稿）及编制说明.zip
2026-06-25 15:06:41 [INFO] 正在下载正文附件: 9.《食品添加剂 葡萄糖酸-δ-内酯》（征求意见稿）及编制说明.zip
2026-06-25 15:06:42 [INFO] 正在下载正文附件: 10.《食品添加剂 抗坏血酸钙》（征求意见稿）及编制说明.zip
2026-06-25 15:06:42 [INFO] 正在下载正文附件: 11.《食品添加剂 硝酸钠》（征求意见稿）及编制说明.zip
2026-06-25 15:06:43 [INFO] 正在下载正文附件: 12.《食品添加剂 没食子酸丙酯》（征求意见稿）及编制说明.zip
2026-06-25 15:06:44 [INFO] 正在下载正文附件: 13.《食品添加剂 冰乙酸（冰醋酸）》（征求意见稿）及编制说明.zip
2026-06-25 15:06:44 [INFO] 正在下载正文附件: 14.《食品添加剂 盐酸》（征求意见稿）及编制说明.zip
2026-06-25 15:06:45 [INFO] 正在下载正文附件: 15.《食品添加剂 环己基氨基磺酸钠（甜蜜素）》（征求意见稿）及编制说明.zip
2026-06-25 15:06:46 [INFO] 正在下载正文附件: 16.《食品添加剂 D-异抗坏血酸钠》（征求意见稿）及编制说明.zip
2026-06-25 15:06:46 [INFO] 正在下载正文附件: 17.《食品添加剂 天门冬酰苯丙氨酸甲酯（阿斯巴甜）》（征求意见稿）及编制说明.zip
2026-06-25 15:06:47 [INFO] 正在下载正文附件: 18.《食品添加剂β-胡萝卜素（盐藻来源）》（征求意见稿）及编制说明.zip
2026-06-25 15:06:47 [INFO] 正在下载正文附件: 19.《食品添加剂 巴西棕榈蜡》（征求意见稿）及编制说明.zip
2026-06-25 15:06:48 [INFO] 正在下载正文附件: 20.《食品添加剂 冰乙酸（低压羰基化法）》（征求意见稿）及编制说明.zip
2026-06-25 15:06:48 [INFO] 正在下载正文附件: 21.《食品添加剂 刺云实胶》（征求意见稿）及编制说明.zip
2026-06-25 15:06:49 [INFO] 正在下载正文附件: 22.《食品添加剂 蜂蜡》（征求意见稿）及编制说明.zip
2026-06-25 15:06:49 [INFO] 正在下载正文附件: 23.《食品添加剂 富马酸一钠》（征求意见稿）及编制说明.zip
2026-06-25 15:06:50 [INFO] 正在下载正文附件: 24.《食品添加剂 甘草抗氧化物》（征求意见稿）及编制说明.zip
2026-06-25 15:06:50 [INFO] 正在下载正文附件: 25.《食品添加剂 硅酸钙》（征求意见稿）及编制说明.zip
2026-06-25 15:06:51 [INFO] 正在下载正文附件: 26.《食品添加剂 黄原胶》（征求意见稿）及编制说明.zip
2026-06-25 15:06:51 [INFO] 正在下载正文附件: 27.《食品添加剂 可可壳色》（征求意见稿）及编制说明.zip
2026-06-25 15:06:52 [INFO] 正在下载正文附件: 28.《食品添加剂 高粱红》（征求意见稿）及编制说明.zip
2026-06-25 15:06:53 [INFO] 正在下载正文附件: 29.《食品添加剂 氢氧化钠》（征求意见稿）及编制说明.zip
2026-06-25 15:06:53 [INFO] 正在下载正文附件: 30.《食品添加剂 山梨酸钾》（征求意见稿）及编制说明.zip
2026-06-25 15:06:54 [INFO] 正在下载正文附件: 31.《食品添加剂 小花茉莉浸膏》等64项香料标准（征求意见稿）及编制说明.zip
2026-06-25 15:07:14 [INFO] 正在下载正文附件: 32.食品安全国家标准征求意见反馈表.doc
2026-06-25 15:07:19 [INFO] 正在下载正文附件: 《食品中可能违法添加的非食用物质名单》（征求意见稿）.doc
2026-06-25 15:07:20 [INFO] 正在下载正文附件: 《食品中可能违法添加的非食用物质名单》（征求意见稿）编制说明.doc
2026-06-25 15:07:24 [INFO] 正在下载正文附件: 湖北海棠叶等5种新食品原料 .doc
2026-06-25 15:07:28 [INFO] 正在下载正文附件: 禁止非医学需要的胎儿性别鉴定和选择性别人工终止妊娠的规定（公开征求意见稿）.docx
2026-06-25 15:07:33 [INFO] 正在下载正文附件: 1. 拟批准的食品包装材料用添加剂新品种.doc
2026-06-25 15:07:34 [INFO] 正在下载正文附件: 2. 拟批准的食品包装材料用树脂新品种.doc
2026-06-25 15:07:38 [INFO] 正在下载正文附件: 1《蜜饯》征求意见稿及编制说明.zip
2026-06-25 15:07:39 [INFO] 正在下载正文附件: 2《鲜、冻动物性水产品》征求意见稿及编制说明.zip
2026-06-25 15:07:39 [INFO] 正在下载正文附件: 3《动物性水产制品》征求意见稿及编制说明.zip
2026-06-25 15:07:40 [INFO] 正在下载正文附件: 4《食品中过氧化值的测定》征求意见稿及编制说明.zip
2026-06-25 15:07:41 [INFO] 正在下载正文附件: 5《食品中三甲胺的测定》征求意见稿及编制说明.zip
2026-06-25 15:07:42 [INFO] 正在下载正文附件: 6《食品中叶黄素的测定 液相色谱法》征求意见稿及编制说明.zip
2026-06-25 15:07:42 [INFO] 正在下载正文附件: 7《食品中丙二醛的测定》征求意见稿及编制说明.zip
2026-06-25 15:07:43 [INFO] 正在下载正文附件: 8《食品中挥发性盐基氮的测定》征求意见稿及编制说明.zip
2026-06-25 15:07:44 [INFO] 正在下载正文附件: 9《食品中酸价的测定》征求意见稿及编制说明.zip
2026-06-25 15:07:45 [INFO] 正在下载正文附件: 10《食用油中极性组分（PC）的测定》征求意见稿及编制说明.zip
2026-06-25 15:07:47 [INFO] 正在下载正文附件: 11《食品中羰基价的测定》征求意见稿及编制说明.zip
2026-06-25 15:07:47 [INFO] 正在下载正文附件: 12《食品接触材料及制品迁移试验通则》征求意见稿及编制说明.zip
2026-06-25 15:07:48 [INFO] 正在下载正文附件: 13 食品安全国家标准征求意见反馈表.doc
2026-06-25 15:07:51 [INFO] 正在下载正文附件: 社区卫生服务中心（站）建筑标准设计样图（征求意见稿）.pdf
2026-06-25 15:08:10 [INFO] 正在下载正文附件: 番茄籽油等7种新食品原料.doc
2026-06-25 15:08:14 [INFO] 正在下载正文附件: 拟批准的4种食品包装材料用添加剂新品种.doc
2026-06-25 15:08:15 [INFO] 正在下载正文附件: 拟批准扩大使用范围的食品包装材料用添加剂C16-18单甘油酯.doc
2026-06-25 15:08:20 [INFO] 正在下载正文附件: 1.《食品理化检验方法 总则》征求意见稿及编制说明.rar
2026-06-25 15:08:21 [INFO] 正在下载正文附件: 2.《食品微生物学检验 微生物酶源制剂中抗菌活性的测定》征求意见稿及编制说明.rar
2026-06-25 15:08:23 [INFO] 正在下载正文附件: 3.《食品微生物学检验 小肠结肠炎耶尔森氏菌检验》征求意见稿及编制说明.rar
2026-06-25 15:08:23 [INFO] 正在下载正文附件: 4.《食用淀粉》征求意见稿及编制说明.rar
2026-06-25 15:08:24 [INFO] 正在下载正文附件: 5.《食用盐》征求意见稿及编制说明.rar
2026-06-25 15:08:24 [INFO] 正在下载正文附件: 6.《方便面》征求意见稿及编制说明.rar
2026-06-25 15:08:25 [INFO] 正在下载正文附件: 7.《食品添加剂 皂荚糖胶》征求意见稿及编制说明.rar
2026-06-25 15:08:25 [INFO] 正在下载正文附件: 8.《食品添加剂 甘草酸三钾》征求意见稿及编制说明.rar
2026-06-25 15:08:26 [INFO] 正在下载正文附件: 9.《食品添加剂 二甲基二碳酸盐(维果灵)》征求意见稿及编制说明.rar
2026-06-25 15:08:27 [INFO] 正在下载正文附件: 10.《食品添加剂 天门冬酰苯丙氨酸甲酯乙酰磺胺酸》征求意见稿及编制说明.rar
2026-06-25 15:08:29 [INFO] 正在下载正文附件: 11.《食品添加剂 罗汉果甜苷》征求意见稿及编制说明.rar
2026-06-25 15:08:30 [INFO] 正在下载正文附件: 12.《食品添加剂 沙蒿胶》征求意见稿及编制说明.rar
2026-06-25 15:08:30 [INFO] 正在下载正文附件: 13.《食品添加剂 1,2-二氯乙烷》征求意见稿及编制说明.rar
2026-06-25 15:08:31 [INFO] 正在下载正文附件: 14.《食品添加剂 聚氧乙烯聚氧丙烯胺醚》征求意见稿及编制说明.rar
2026-06-25 15:08:31 [INFO] 正在下载正文附件: 15.《食品添加剂 甘草酸铵》征求意见稿及编制说明.rar
2026-06-25 15:08:32 [INFO] 正在下载正文附件: 16.《食品添加剂 不溶性聚乙烯聚吡咯烷酮》征求意见稿及编制说明.rar
2026-06-25 15:08:33 [INFO] 正在下载正文附件: 17.《食品添加剂 柠檬酸钾》征求意见稿及编制说明.rar
2026-06-25 15:08:33 [INFO] 正在下载正文附件: 18.《食品添加剂 L-半胱氨酸盐酸盐》征求意见稿及编制说明.rar
2026-06-25 15:08:34 [INFO] 正在下载正文附件: 19.《食品添加剂 半乳甘露聚糖》征求意见稿及编制说明.rar
2026-06-25 15:08:35 [INFO] 正在下载正文附件: 20.《食品添加剂 红花黄》征求意见稿及编制说明.rar
2026-06-25 15:08:35 [INFO] 正在下载正文附件: 21.《食品添加剂 姜黄》征求意见稿及编制说明.rar
2026-06-25 15:08:36 [INFO] 正在下载正文附件: 22.《食品添加剂 姜黄素》征求意见稿及编制说明.rar
2026-06-25 15:08:36 [INFO] 正在下载正文附件: 23.《食品添加剂 硅酸镁》征求意见稿及编制说明.rar
2026-06-25 15:08:37 [INFO] 正在下载正文附件: 24.《食品添加剂 膨润土》征求意见稿及编制说明.rar
2026-06-25 15:08:38 [INFO] 正在下载正文附件: 25.《食品添加剂 焦糖色（普通法、苛性亚硫酸盐法、氨法、亚硫酸铵法）》征求意见稿及编制说明.rar
2026-06-25 15:08:40 [INFO] 正在下载正文附件: 26.《食品添加剂 6号轻汽油（己烷类溶剂）》征求意见稿及编制说明.rar
2026-06-25 15:08:41 [INFO] 正在下载正文附件: 27.《食品添加剂 单辛酸甘油酯》征求意见稿及编制说明.rar
2026-06-25 15:08:41 [INFO] 正在下载正文附件: 28.《食品添加剂 己二酸》征求意见稿及编制说明.rar
2026-06-25 15:08:41 [INFO] 正在下载正文附件: 29.《食品添加剂 石油醚》征求意见稿及编制说明.rar
2026-06-25 15:08:42 [INFO] 正在下载正文附件: 30.《食品添加剂 丙烷》征求意见稿及编制说明.rar
2026-06-25 15:08:43 [INFO] 正在下载正文附件: 31.《食品添加剂 丁烷》征求意见稿及编制说明.rar
2026-06-25 15:08:43 [INFO] 正在下载正文附件: 32.《食品添加剂 1-丁醇（正丁醇）》征求意见稿及编制说明.rar
2026-06-25 15:08:44 [INFO] 正在下载正文附件: 33.《食品添加剂 乙醚》征求意见稿及编制说明.rar
2026-06-25 15:08:44 [INFO] 正在下载正文附件: 34.《食品营养强化剂 低聚半乳糖》征求意见稿及编制说明.rar
2026-06-25 15:08:45 [INFO] 正在下载正文附件: 35.《食品辐照加工卫生规范》征求意见稿及编制说明.rar
2026-06-25 15:08:46 [INFO] 正在下载正文附件: 1732844077390_46271.doc
2026-06-25 15:08:46 [INFO] 正在下载正文附件: 36.《食品添加剂 聚丙烯酸钠》（GB 29948-2013）第1号修改单.doc
2026-06-25 15:08:47 [INFO] 正在下载正文附件: 37.《食品添加剂 麦芽糖醇和麦芽糖醇液》（GB 28307—2012）第1号修改单.doc
2026-06-25 15:08:47 [INFO] 正在下载正文附件: 38.食品安全国家标准征求意见反馈表.docx
2026-06-25 15:08:51 [INFO] 正在下载正文附件: 附件1《正电子发射断层成像（PET）的放射防护要求（征求意见稿）》及编制说明.doc
2026-06-25 15:08:53 [INFO] 正在下载正文附件: 附件2 征求意见反馈表.docx
2026-06-25 15:09:01 [INFO] 正在下载正文附件: 1.《酪蛋白》（征求意见稿）及编制说明.rar
2026-06-25 15:09:02 [INFO] 正在下载正文附件: 2.《糕点、面包》（征求意见稿）及编制说明.rar
2026-06-25 15:09:02 [INFO] 正在下载正文附件: 3.《饼干》（征求意见稿）及编制说明.rar
2026-06-25 15:09:03 [INFO] 正在下载正文附件: 4.《食品中低聚半乳糖的测定》（征求意见稿）及编制说明.rar
2026-06-25 15:09:04 [INFO] 正在下载正文附件: 5.《食品中低聚果糖的测定》（征求意见稿）及编制说明.rar
2026-06-25 15:09:04 [INFO] 正在下载正文附件: 6.《食品中己二酸、富马酸等酸度调节剂的测定 高效液相色谱法》（征求意见稿）及编制说明.rar
2026-06-25 15:09:05 [INFO] 正在下载正文附件: 7.《食品中聚葡萄糖的测定》（征求意见稿）及编制说明.rar
2026-06-25 15:09:06 [INFO] 正在下载正文附件: 8.《食品中棉子糖的测定》（征求意见稿）及编制说明.rar
2026-06-25 15:09:06 [INFO] 正在下载正文附件: 9.《食品中乳铁蛋白的测定》（征求意见稿）及编制说明.rar
2026-06-25 15:09:07 [INFO] 正在下载正文附件: 10.《食品微生物学检验 肠杆菌科检验》（征求意见稿）及编制说明.rar
2026-06-25 15:09:07 [INFO] 正在下载正文附件: 11.《生殖发育毒性试验》（征求意见稿）及编制说明.rar
2026-06-25 15:09:08 [INFO] 正在下载正文附件: 12.《食品添加剂生产卫生规范》（征求意见稿）及编制说明.rar
2026-06-25 15:09:08 [INFO] 正在下载正文附件: 13.食品安全国家标准征求意见反馈表.docx
2026-06-25 15:09:39 [INFO] 正在下载正文附件: 标准征求意见稿.unknown
2026-06-25 15:09:39 [INFO] 正在下载正文附件: 修订说明.pdf
2026-06-25 15:09:40 [INFO] 正在下载正文附件: 征求意见回执表.doc
2026-06-25 15:09:49 [INFO] 正在下载正文附件: 显齿蛇葡萄叶等3种新食品原料.doc
2026-06-25 15:09:52 [INFO] 正在下载正文附件: 《食品中抗坏血酸的测定》等8项食品安全国家标准征求意见稿及编制说明.zip
2026-06-25 15:09:55 [INFO] 正在下载正文附件: 食品安全国家标准征求意见反馈表.doc
2026-06-25 15:10:13 [INFO] 正在下载正文附件: 食品微生物学检验方法标准的清理建议（征求意见稿）.doc
2026-06-25 15:10:14 [INFO] 正在下载正文附件: 关于食品微生物学检验方法标准清理情况.doc
2026-06-25 15:10:15 [INFO] 正在下载正文附件: 食品标准清理工作征求意见反馈表.doc
2026-06-25 15:10:19 [INFO] 正在下载正文附件: 食品产品标准的清理建议（征求意见稿）.doc
2026-06-25 15:10:23 [INFO] 正在下载正文附件: 关于食品产品标准清理情况.doc
2026-06-25 15:10:24 [INFO] 正在下载正文附件: 食品标准清理工作征求意见反馈表.doc
2026-06-25 15:10:27 [INFO] 正在下载正文附件: 食品理化检验方法标准的清理建议（征求意见稿）.doc
2026-06-25 15:10:33 [INFO] 正在下载正文附件: 关于食品理化检验方法标准清理情况.doc
2026-06-25 15:10:33 [INFO] 正在下载正文附件: 食品标准清理工作征求意见反馈表.doc
2026-06-25 15:10:38 [INFO] 正在下载正文附件: 食品生产经营规范标准的清理建议（征求意见稿）.doc
2026-06-25 15:10:38 [INFO] 正在下载正文附件: 关于食品生产经营规范标准清理情况.doc
2026-06-25 15:10:39 [INFO] 正在下载正文附件: 食品标准清理工作征求意见反馈表.doc
2026-06-25 15:10:44 [INFO] 正在下载正文附件: 食品相关产品标准的清理建议（征求意见稿）.doc
2026-06-25 15:10:46 [INFO] 正在下载正文附件: 关于食品相关产品标准清理情况.doc
2026-06-25 15:10:46 [INFO] 正在下载正文附件: 食品标准清理工作征求意见反馈表.doc
2026-06-25 15:10:50 [INFO] 正在下载正文附件: 食品添加剂标准的清理建议(征求意见稿).doc
2026-06-25 15:10:51 [INFO] 正在下载正文附件: 关于食品添加剂标准清理情况.doc
2026-06-25 15:10:53 [INFO] 正在下载正文附件: 食品标准清理工作征求意见反馈表.doc
2026-06-25 15:10:58 [INFO] 正在下载正文附件: 二氧化钛与正辛基三乙氧基硅烷的反应产物.doc
2026-06-25 15:11:02 [INFO] 正在下载正文附件: 《国家级继续医学教育项目管理办法》（征求意见稿）.doc
2026-06-25 15:11:03 [INFO] 正在下载正文附件: 《继续医学教育学分管理办法》（征求意见稿）.doc
2026-06-25 15:11:03 [INFO] 正在下载正文附件: 《国家级继续医学教育基地管理办法》（征求意见稿）.doc
2026-06-25 15:11:11 [INFO] 正在下载正文附件: 特殊膳食类食品标准的清理建议（征求意见稿）.doc
2026-06-25 15:11:16 [INFO] 正在下载正文附件: 食品毒理学评价程序及方法标准的清理建议（征求意见稿）.doc
2026-06-25 15:11:25 [INFO] 正在下载正文附件: 全国援外医疗工作先进集体拟表彰对象名单.docx
2026-06-25 15:11:25 [INFO] 正在下载正文附件: 全国援外医疗工作先进个人拟表彰对象名单.docx
2026-06-25 15:11:30 [INFO] 正在下载正文附件: 《酱油》等8项食品安全国家标准征求意见稿及编制说明.zip
2026-06-25 15:11:32 [INFO] 正在下载正文附件: 食品安全国家标准征求意见反馈表.doc
2026-06-25 15:11:37 [INFO] 正在下载正文附件: 3,4-二乙酰氧基-1-丁烯等4种食品包装材料用添加剂新品种.doc
2026-06-25 15:11:37 [INFO] 正在下载正文附件: 食品包装材料用树脂新品种环氧丙烷改性的乙烯-乙烯醇聚合物.doc
2026-06-25 15:11:38 [INFO] 正在下载正文附件: 十八酸钴盐等3种扩大使用范围的食品包装材料用添加剂.doc
2026-06-25 15:11:41 [INFO] 正在下载正文附件: 丹凤牡丹花等7种拟批准的新食品原料.doc
2026-06-25 15:11:45 [INFO] 正在下载正文附件: 《按照传统既是食品又是中药材的物质目录（2013版）》（征求意见稿）.doc
2026-06-25 15:11:51 [INFO] 正在下载正文附件: 涉及人体的医学科学技术研究管理办法（征求意见稿）.doc
2026-06-25 15:11:57 [INFO] 正在下载正文附件: 住院医师规范化培训标准.rar
2026-06-25 15:12:02 [INFO] 正在下载正文附件: 食品添加剂 对羟基苯甲酸甲酯钠等19项标准（征求意见稿）及编制说明.zip
2026-06-25 15:12:11 [INFO] 正在下载正文附件: 《食品添加剂 普鲁兰多糖》（GB28402-2012）修改单.docx
2026-06-25 15:12:12 [INFO] 正在下载正文附件: 食品安全国家标准征求意见反馈表.docx
2026-06-25 15:12:18 [INFO] 正在下载正文附件: 全国艾滋病防治工作先进集体、先进个人拟表彰对象名单.doc
2026-06-25 15:12:28 [INFO] 正在下载正文附件: 2013年食品安全国家标准项目计划(征求意见稿）.docx
2026-06-25 15:12:31 [INFO] >>> 开始爬取栏目：精神卫生服务年
2026-06-25 15:12:32 [INFO] 列表页请求成功：https://www.nhc.gov.cn/yzygj/jswsfwn/new_list.shtml，状态码：200
2026-06-25 15:12:32 [INFO] 栏目 [精神卫生服务年] 第 1 页解析到 13 条
2026-06-25 15:12:34 [INFO] 列表页请求成功：https://www.nhc.gov.cn/yzygj/jswsfwn/new_list_2.shtml，状态码：200
2026-06-25 15:12:34 [INFO] 栏目 [精神卫生服务年] 第 2 页解析到 0 条
2026-06-25 15:12:34 [INFO] 栏目 [精神卫生服务年] 当前页未解析到任何数据，自动判断已达最后一页，停止翻页！
2026-06-25 15:13:08 [INFO] 数据已存在，跳过解析并保留原数据：返回主站 >
2026-06-25 15:17:30 [INFO] [国家卫生健康委员会] 爬取完毕！成功 680 条，失败 0 条，数据保存至：D:\LZH\A-Project\Crawler311\corpus_crawler\Crawler_Gov\data\output\nhc_all_documents.jsonl

2026-06-25 15:17:30 [INFO] ============== 成功加载 [国家疾病预防控制局] 解析器 ==============
2026-06-25 15:17:33 [INFO] [国家疾病预防控制局] 首页 warm-up 成功，已建立 Session/Cookie
2026-06-25 15:17:33 [INFO] 开始爬取：国家疾病预防控制局，共 1 个栏目
2026-06-25 15:17:33 [INFO] >>> 开始爬取栏目：规划计划
2026-06-25 15:17:34 [INFO] 列表页请求成功：https://www.ndcpa.gov.cn/jbkzzx/c100030/second/list.html，状态码：200
2026-06-25 15:17:35 [INFO] 栏目 [规划计划] 第 1 页解析到 18 条
2026-06-25 15:17:36 [INFO] 列表页请求成功：https://www.ndcpa.gov.cn/jbkzzx/c100030/second/list_1.html，状态码：200
2026-06-25 15:17:36 [INFO] 栏目 [规划计划] 第 2 页解析到 0 条
2026-06-25 15:17:36 [INFO] 栏目 [规划计划] 当前页未解析到任何数据，自动判断已达最后一页，停止翻页！
2026-06-25 15:19:55 [INFO] 正在下载正文附件: 包虫病防治技术方案（2025年版）.pdf
2026-06-25 15:23:09 [INFO] 正在下载正文附件: 全国包虫病等重点寄生虫病综合防治实施方案（2024—2030年）.unknown
2026-06-25 15:24:05 [INFO] 正在下载正文附件: 加快实现消除血吸虫病目标行动方案（2023-2030年）.pdf
2026-06-25 15:25:02 [INFO] 正在下载正文附件: 血吸虫病消除推进试点县工作方案（2023年版）.pdf
2026-06-25 15:25:59 [INFO] [国家疾病预防控制局] 爬取完毕！成功 18 条，失败 0 条，数据保存至：D:\LZH\A-Project\Crawler311\corpus_crawler\Crawler_Gov\data\output\ndcpa_all_documents.jsonl

2026-06-25 15:25:59 [INFO] ============== 成功加载 [中国疾病预防控制中心] 解析器 ==============
2026-06-25 15:26:01 [INFO] [中国疾病预防控制中心] 首页 warm-up 成功，已建立 Session/Cookie
2026-06-25 15:26:02 [INFO] [中国疾病预防控制中心] 暂未开启任何栏目抓取
2026-06-25 15:26:02 [INFO] ============== 成功加载 [中国疾控中心慢病中心] 解析器 ==============
2026-06-25 15:26:03 [INFO] [中国疾控中心慢病中心] 首页 warm-up 成功，已建立 Session/Cookie
2026-06-25 15:26:03 [INFO] [中国疾控中心慢病中心] 暂未开启任何栏目抓取
2026-06-25 15:26:03 [INFO] Skip disabled site/source: World Health Organization
2026-06-25 15:26:03 [INFO] Skip disabled site/source: World Health Organization
2026-06-25 15:26:03 [INFO] Skip disabled site/source: World Health Organization
2026-06-25 15:26:03 [INFO] Skip disabled site/source: World Health Organization
2026-06-25 15:26:03 [INFO] Skip disabled site/source: World Health Organization
2026-06-25 15:26:03 [INFO] ============== 成功加载 [国家心理健康和精神卫生防治中心] 解析器 ==============
2026-06-25 15:26:06 [INFO] [国家心理健康和精神卫生防治中心] 首页 warm-up 成功，已建立 Session/Cookie
2026-06-25 15:26:06 [INFO] 开始爬取：国家心理健康和精神卫生防治中心，共 1 个栏目
2026-06-25 15:26:06 [INFO] >>> 开始爬取栏目：新闻资讯
2026-06-25 15:26:08 [INFO] 列表页请求成功：https://ncmhc.org.cn/news，状态码：200
2026-06-25 15:26:08 [INFO] 栏目 [新闻资讯] 第 1 页解析到 24 条
2026-06-25 15:26:14 [INFO] 列表页请求成功：https://ncmhc.org.cn/channel_index/news/page/2，状态码：200
2026-06-25 15:26:14 [INFO] 栏目 [新闻资讯] 第 2 页解析到 21 条
2026-06-25 15:26:19 [INFO] 列表页请求成功：https://ncmhc.org.cn/channel_index/news/page/3，状态码：200
2026-06-25 15:26:19 [INFO] 栏目 [新闻资讯] 第 3 页解析到 25 条
2026-06-25 15:26:26 [INFO] 列表页请求成功：https://ncmhc.org.cn/channel_index/news/page/4，状态码：200
2026-06-25 15:26:26 [INFO] 栏目 [新闻资讯] 第 4 页解析到 25 条
2026-06-25 15:26:30 [INFO] 列表页请求成功：https://ncmhc.org.cn/channel_index/news/page/5，状态码：200
2026-06-25 15:26:30 [INFO] 栏目 [新闻资讯] 第 5 页解析到 25 条
2026-06-25 15:26:34 [INFO] 列表页请求成功：https://ncmhc.org.cn/channel_index/news/page/6，状态码：200
2026-06-25 15:26:34 [INFO] 栏目 [新闻资讯] 第 6 页解析到 25 条
2026-06-25 15:26:41 [INFO] 列表页请求成功：https://ncmhc.org.cn/channel_index/news/page/7，状态码：200
2026-06-25 15:26:42 [INFO] 栏目 [新闻资讯] 第 7 页解析到 25 条
2026-06-25 15:26:47 [INFO] 列表页请求成功：https://ncmhc.org.cn/channel_index/news/page/8，状态码：200
2026-06-25 15:26:47 [INFO] 栏目 [新闻资讯] 第 8 页解析到 25 条
2026-06-25 15:26:56 [INFO] 列表页请求成功：https://ncmhc.org.cn/channel_index/news/page/9，状态码：200
2026-06-25 15:26:56 [INFO] 栏目 [新闻资讯] 第 9 页解析到 25 条
2026-06-25 15:27:02 [INFO] 列表页请求成功：https://ncmhc.org.cn/channel_index/news/page/10，状态码：200
2026-06-25 15:27:02 [INFO] 栏目 [新闻资讯] 第 10 页解析到 25 条
2026-06-25 15:27:10 [INFO] 列表页请求成功：https://ncmhc.org.cn/channel_index/news/page/11，状态码：200
2026-06-25 15:27:10 [INFO] 栏目 [新闻资讯] 第 11 页解析到 25 条
2026-06-25 15:27:14 [INFO] 列表页请求成功：https://ncmhc.org.cn/channel_index/news/page/12，状态码：200
2026-06-25 15:27:14 [INFO] 栏目 [新闻资讯] 第 12 页解析到 25 条
2026-06-25 15:27:18 [INFO] 列表页请求成功：https://ncmhc.org.cn/channel_index/news/page/13，状态码：200
2026-06-25 15:27:18 [INFO] 栏目 [新闻资讯] 第 13 页解析到 25 条
2026-06-25 15:27:22 [INFO] 列表页请求成功：https://ncmhc.org.cn/channel_index/news/page/14，状态码：200
2026-06-25 15:27:22 [INFO] 栏目 [新闻资讯] 第 14 页解析到 25 条
2026-06-25 15:27:28 [INFO] 列表页请求成功：https://ncmhc.org.cn/channel_index/news/page/15，状态码：200
2026-06-25 15:27:28 [INFO] 栏目 [新闻资讯] 第 15 页解析到 25 条
2026-06-25 15:27:34 [INFO] 列表页请求成功：https://ncmhc.org.cn/channel_index/news/page/16，状态码：200
2026-06-25 15:27:34 [INFO] 栏目 [新闻资讯] 第 16 页解析到 22 条
2026-06-25 15:27:37 [INFO] 列表页请求成功：https://ncmhc.org.cn/channel_index/news/page/17，状态码：200
2026-06-25 15:27:37 [INFO] 栏目 [新闻资讯] 第 17 页解析到 5 条
2026-06-25 15:27:39 [INFO] 列表页请求成功：https://ncmhc.org.cn/channel_index/news/page/18，状态码：200
2026-06-25 15:27:39 [INFO] 栏目 [新闻资讯] 第 18 页解析到 5 条
2026-06-25 15:27:41 [INFO] 列表页请求成功：https://ncmhc.org.cn/channel_index/news/page/19，状态码：200
2026-06-25 15:27:41 [INFO] 栏目 [新闻资讯] 第 19 页解析到 5 条
2026-06-25 15:27:43 [INFO] 列表页请求成功：https://ncmhc.org.cn/channel_index/news/page/20，状态码：200
2026-06-25 15:27:43 [INFO] 栏目 [新闻资讯] 第 20 页解析到 5 条
2026-06-25 15:27:46 [INFO] 列表页请求成功：https://ncmhc.org.cn/channel_index/news/page/21，状态码：200
2026-06-25 15:27:46 [INFO] 栏目 [新闻资讯] 第 21 页解析到 5 条
2026-06-25 15:27:48 [INFO] 列表页请求成功：https://ncmhc.org.cn/channel_index/news/page/22，状态码：200
2026-06-25 15:27:48 [INFO] 栏目 [新闻资讯] 第 22 页解析到 5 条
2026-06-25 15:27:50 [INFO] 列表页请求成功：https://ncmhc.org.cn/channel_index/news/page/23，状态码：200
2026-06-25 15:27:50 [INFO] 栏目 [新闻资讯] 第 23 页解析到 5 条
2026-06-25 15:27:52 [INFO] 列表页请求成功：https://ncmhc.org.cn/channel_index/news/page/24，状态码：200
2026-06-25 15:27:52 [INFO] 栏目 [新闻资讯] 第 24 页解析到 5 条
2026-06-25 15:27:55 [INFO] 列表页请求成功：https://ncmhc.org.cn/channel_index/news/page/25，状态码：200
2026-06-25 15:27:55 [INFO] 栏目 [新闻资讯] 第 25 页解析到 5 条
2026-06-25 15:27:57 [INFO] 列表页请求成功：https://ncmhc.org.cn/channel_index/news/page/26，状态码：200
2026-06-25 15:27:57 [INFO] 栏目 [新闻资讯] 第 26 页解析到 5 条
2026-06-25 15:27:59 [INFO] 列表页请求成功：https://ncmhc.org.cn/channel_index/news/page/27，状态码：200
2026-06-25 15:27:59 [INFO] 栏目 [新闻资讯] 第 27 页解析到 5 条
2026-06-25 15:28:01 [INFO] 列表页请求成功：https://ncmhc.org.cn/channel_index/news/page/28，状态码：200
2026-06-25 15:28:01 [INFO] 栏目 [新闻资讯] 第 28 页解析到 5 条
2026-06-25 15:28:04 [INFO] 列表页请求成功：https://ncmhc.org.cn/channel_index/news/page/29，状态码：200
2026-06-25 15:28:04 [INFO] 栏目 [新闻资讯] 第 29 页解析到 5 条
2026-06-25 15:28:06 [INFO] 列表页请求成功：https://ncmhc.org.cn/channel_index/news/page/30，状态码：200
2026-06-25 15:28:06 [INFO] 栏目 [新闻资讯] 第 30 页解析到 5 条
2026-06-25 15:28:08 [INFO] 列表页请求成功：https://ncmhc.org.cn/channel_index/news/page/31，状态码：200
2026-06-25 15:28:08 [INFO] 栏目 [新闻资讯] 第 31 页解析到 5 条
2026-06-25 15:28:10 [INFO] 列表页请求成功：https://ncmhc.org.cn/channel_index/news/page/32，状态码：200
2026-06-25 15:28:10 [INFO] 栏目 [新闻资讯] 第 32 页解析到 5 条
2026-06-25 15:28:13 [INFO] 列表页请求成功：https://ncmhc.org.cn/channel_index/news/page/33，状态码：200
2026-06-25 15:28:13 [INFO] 栏目 [新闻资讯] 第 33 页解析到 5 条
2026-06-25 15:28:15 [INFO] 列表页请求成功：https://ncmhc.org.cn/channel_index/news/page/34，状态码：200
2026-06-25 15:28:15 [INFO] 栏目 [新闻资讯] 第 34 页解析到 5 条
2026-06-25 15:28:17 [INFO] 列表页请求成功：https://ncmhc.org.cn/channel_index/news/page/35，状态码：200
2026-06-25 15:28:17 [INFO] 栏目 [新闻资讯] 第 35 页解析到 5 条
2026-06-25 15:28:19 [INFO] 列表页请求成功：https://ncmhc.org.cn/channel_index/news/page/36，状态码：200
2026-06-25 15:28:19 [INFO] 栏目 [新闻资讯] 第 36 页解析到 5 条
2026-06-25 15:28:22 [INFO] 列表页请求成功：https://ncmhc.org.cn/channel_index/news/page/37，状态码：200
2026-06-25 15:28:22 [INFO] 栏目 [新闻资讯] 第 37 页解析到 5 条
2026-06-25 15:28:24 [INFO] 列表页请求成功：https://ncmhc.org.cn/channel_index/news/page/38，状态码：200
2026-06-25 15:28:24 [INFO] 栏目 [新闻资讯] 第 38 页解析到 5 条
2026-06-25 15:28:26 [INFO] 列表页请求成功：https://ncmhc.org.cn/channel_index/news/page/39，状态码：200
2026-06-25 15:28:26 [INFO] 栏目 [新闻资讯] 第 39 页解析到 5 条
2026-06-25 15:28:28 [INFO] 列表页请求成功：https://ncmhc.org.cn/channel_index/news/page/40，状态码：200
2026-06-25 15:28:28 [INFO] 栏目 [新闻资讯] 第 40 页解析到 5 条
2026-06-25 15:28:31 [INFO] 列表页请求成功：https://ncmhc.org.cn/channel_index/news/page/41，状态码：200
2026-06-25 15:28:31 [INFO] 栏目 [新闻资讯] 第 41 页解析到 5 条
2026-06-25 15:28:33 [INFO] 列表页请求成功：https://ncmhc.org.cn/channel_index/news/page/42，状态码：200
2026-06-25 15:28:33 [INFO] 栏目 [新闻资讯] 第 42 页解析到 5 条
2026-06-25 15:28:35 [INFO] 列表页请求成功：https://ncmhc.org.cn/channel_index/news/page/43，状态码：200
2026-06-25 15:28:35 [INFO] 栏目 [新闻资讯] 第 43 页解析到 5 条
2026-06-25 15:28:37 [INFO] 列表页请求成功：https://ncmhc.org.cn/channel_index/news/page/44，状态码：200
2026-06-25 15:28:37 [INFO] 栏目 [新闻资讯] 第 44 页解析到 5 条
2026-06-25 15:28:40 [INFO] 列表页请求成功：https://ncmhc.org.cn/channel_index/news/page/45，状态码：200
2026-06-25 15:28:40 [INFO] 栏目 [新闻资讯] 第 45 页解析到 5 条
2026-06-25 15:28:42 [INFO] 列表页请求成功：https://ncmhc.org.cn/channel_index/news/page/46，状态码：200
2026-06-25 15:28:42 [INFO] 栏目 [新闻资讯] 第 46 页解析到 5 条
2026-06-25 15:28:45 [INFO] 列表页请求成功：https://ncmhc.org.cn/channel_index/news/page/47，状态码：200
2026-06-25 15:28:45 [INFO] 栏目 [新闻资讯] 第 47 页解析到 5 条
2026-06-25 15:28:47 [INFO] 列表页请求成功：https://ncmhc.org.cn/channel_index/news/page/48，状态码：200
2026-06-25 15:28:47 [INFO] 栏目 [新闻资讯] 第 48 页解析到 5 条
2026-06-25 15:28:50 [INFO] 列表页请求成功：https://ncmhc.org.cn/channel_index/news/page/49，状态码：200
2026-06-25 15:28:50 [INFO] 栏目 [新闻资讯] 第 49 页解析到 5 条
2026-06-25 15:28:52 [INFO] 列表页请求成功：https://ncmhc.org.cn/channel_index/news/page/50，状态码：200
2026-06-25 15:28:52 [INFO] 栏目 [新闻资讯] 第 50 页解析到 5 条
2026-06-25 15:28:54 [INFO] 列表页请求成功：https://ncmhc.org.cn/channel_index/news/page/51，状态码：200
2026-06-25 15:28:54 [INFO] 栏目 [新闻资讯] 第 51 页解析到 5 条
2026-06-25 15:28:56 [INFO] 列表页请求成功：https://ncmhc.org.cn/channel_index/news/page/52，状态码：200
2026-06-25 15:28:56 [INFO] 栏目 [新闻资讯] 第 52 页解析到 5 条
2026-06-25 15:28:59 [INFO] 列表页请求成功：https://ncmhc.org.cn/channel_index/news/page/53，状态码：200
2026-06-25 15:28:59 [INFO] 栏目 [新闻资讯] 第 53 页解析到 5 条
2026-06-25 15:29:01 [INFO] 列表页请求成功：https://ncmhc.org.cn/channel_index/news/page/54，状态码：200
2026-06-25 15:29:01 [INFO] 栏目 [新闻资讯] 第 54 页解析到 5 条
2026-06-25 15:29:03 [INFO] 列表页请求成功：https://ncmhc.org.cn/channel_index/news/page/55，状态码：200
2026-06-25 15:29:03 [INFO] 栏目 [新闻资讯] 第 55 页解析到 5 条
2026-06-25 15:29:06 [INFO] 列表页请求成功：https://ncmhc.org.cn/channel_index/news/page/56，状态码：200
2026-06-25 15:29:06 [INFO] 栏目 [新闻资讯] 第 56 页解析到 5 条
2026-06-25 15:29:09 [INFO] 列表页请求成功：https://ncmhc.org.cn/channel_index/news/page/57，状态码：200
2026-06-25 15:29:09 [INFO] 栏目 [新闻资讯] 第 57 页解析到 5 条
2026-06-25 15:29:11 [INFO] 列表页请求成功：https://ncmhc.org.cn/channel_index/news/page/58，状态码：200
2026-06-25 15:29:11 [INFO] 栏目 [新闻资讯] 第 58 页解析到 5 条
2026-06-25 15:29:13 [INFO] 列表页请求成功：https://ncmhc.org.cn/channel_index/news/page/59，状态码：200
2026-06-25 15:29:13 [INFO] 栏目 [新闻资讯] 第 59 页解析到 5 条
2026-06-25 15:29:16 [INFO] 列表页请求成功：https://ncmhc.org.cn/channel_index/news/page/60，状态码：200
2026-06-25 15:29:16 [INFO] 栏目 [新闻资讯] 第 60 页解析到 5 条
2026-06-25 15:29:18 [INFO] 列表页请求成功：https://ncmhc.org.cn/channel_index/news/page/61，状态码：200
2026-06-25 15:29:18 [INFO] 栏目 [新闻资讯] 第 61 页解析到 5 条
2026-06-25 15:29:20 [INFO] 列表页请求成功：https://ncmhc.org.cn/channel_index/news/page/62，状态码：200
2026-06-25 15:29:20 [INFO] 栏目 [新闻资讯] 第 62 页解析到 5 条
2026-06-25 15:29:23 [INFO] 列表页请求成功：https://ncmhc.org.cn/channel_index/news/page/63，状态码：200
2026-06-25 15:29:23 [INFO] 栏目 [新闻资讯] 第 63 页解析到 5 条
2026-06-25 15:29:25 [INFO] 列表页请求成功：https://ncmhc.org.cn/channel_index/news/page/64，状态码：200
2026-06-25 15:29:25 [INFO] 栏目 [新闻资讯] 第 64 页解析到 5 条
2026-06-25 15:29:27 [INFO] 列表页请求成功：https://ncmhc.org.cn/channel_index/news/page/65，状态码：200
2026-06-25 15:29:27 [INFO] 栏目 [新闻资讯] 第 65 页解析到 5 条
2026-06-25 15:29:29 [INFO] 列表页请求成功：https://ncmhc.org.cn/channel_index/news/page/66，状态码：200
2026-06-25 15:29:29 [INFO] 栏目 [新闻资讯] 第 66 页解析到 5 条
2026-06-25 15:29:32 [INFO] 列表页请求成功：https://ncmhc.org.cn/channel_index/news/page/67，状态码：200
2026-06-25 15:29:32 [INFO] 栏目 [新闻资讯] 第 67 页解析到 5 条
2026-06-25 15:29:34 [INFO] 列表页请求成功：https://ncmhc.org.cn/channel_index/news/page/68，状态码：200
2026-06-25 15:29:34 [INFO] 栏目 [新闻资讯] 第 68 页解析到 5 条
2026-06-25 15:29:37 [INFO] 列表页请求成功：https://ncmhc.org.cn/channel_index/news/page/69，状态码：200
2026-06-25 15:29:37 [INFO] 栏目 [新闻资讯] 第 69 页解析到 5 条
2026-06-25 15:29:39 [INFO] 列表页请求成功：https://ncmhc.org.cn/channel_index/news/page/70，状态码：200
2026-06-25 15:29:39 [INFO] 栏目 [新闻资讯] 第 70 页解析到 5 条
2026-06-25 15:29:41 [INFO] 列表页请求成功：https://ncmhc.org.cn/channel_index/news/page/71，状态码：200
2026-06-25 15:29:41 [INFO] 栏目 [新闻资讯] 第 71 页解析到 5 条
2026-06-25 15:29:44 [INFO] 列表页请求成功：https://ncmhc.org.cn/channel_index/news/page/72，状态码：200
2026-06-25 15:29:44 [INFO] 栏目 [新闻资讯] 第 72 页解析到 5 条
2026-06-25 15:29:46 [INFO] 列表页请求成功：https://ncmhc.org.cn/channel_index/news/page/73，状态码：200
2026-06-25 15:29:46 [INFO] 栏目 [新闻资讯] 第 73 页解析到 5 条
2026-06-25 15:29:48 [INFO] 列表页请求成功：https://ncmhc.org.cn/channel_index/news/page/74，状态码：200
2026-06-25 15:29:48 [INFO] 栏目 [新闻资讯] 第 74 页解析到 5 条
2026-06-25 15:29:51 [INFO] 列表页请求成功：https://ncmhc.org.cn/channel_index/news/page/75，状态码：200
2026-06-25 15:29:51 [INFO] 栏目 [新闻资讯] 第 75 页解析到 5 条
2026-06-25 15:29:53 [INFO] 列表页请求成功：https://ncmhc.org.cn/channel_index/news/page/76，状态码：200
2026-06-25 15:29:53 [INFO] 栏目 [新闻资讯] 第 76 页解析到 5 条
2026-06-25 15:29:56 [INFO] 列表页请求成功：https://ncmhc.org.cn/channel_index/news/page/77，状态码：200
2026-06-25 15:29:56 [INFO] 栏目 [新闻资讯] 第 77 页解析到 5 条
2026-06-25 15:29:58 [INFO] 列表页请求成功：https://ncmhc.org.cn/channel_index/news/page/78，状态码：200
2026-06-25 15:29:58 [INFO] 栏目 [新闻资讯] 第 78 页解析到 5 条
2026-06-25 15:30:00 [INFO] 列表页请求成功：https://ncmhc.org.cn/channel_index/news/page/79，状态码：200
2026-06-25 15:30:00 [INFO] 栏目 [新闻资讯] 第 79 页解析到 5 条
2026-06-25 15:30:03 [INFO] 列表页请求成功：https://ncmhc.org.cn/channel_index/news/page/80，状态码：200
2026-06-25 15:30:03 [INFO] 栏目 [新闻资讯] 第 80 页解析到 5 条
2026-06-25 15:30:05 [INFO] 列表页请求成功：https://ncmhc.org.cn/channel_index/news/page/81，状态码：200
2026-06-25 15:30:05 [INFO] 栏目 [新闻资讯] 第 81 页解析到 5 条
2026-06-25 15:30:08 [INFO] 列表页请求成功：https://ncmhc.org.cn/channel_index/news/page/82，状态码：200
2026-06-25 15:30:08 [INFO] 栏目 [新闻资讯] 第 82 页解析到 5 条
2026-06-25 15:30:10 [INFO] 列表页请求成功：https://ncmhc.org.cn/channel_index/news/page/83，状态码：200
2026-06-25 15:30:10 [INFO] 栏目 [新闻资讯] 第 83 页解析到 5 条
2026-06-25 15:30:12 [INFO] 列表页请求成功：https://ncmhc.org.cn/channel_index/news/page/84，状态码：200
2026-06-25 15:30:12 [INFO] 栏目 [新闻资讯] 第 84 页解析到 5 条
2026-06-25 15:30:15 [INFO] 列表页请求成功：https://ncmhc.org.cn/channel_index/news/page/85，状态码：200
2026-06-25 15:30:15 [INFO] 栏目 [新闻资讯] 第 85 页解析到 5 条
2026-06-25 15:30:17 [INFO] 列表页请求成功：https://ncmhc.org.cn/channel_index/news/page/86，状态码：200
2026-06-25 15:30:17 [INFO] 栏目 [新闻资讯] 第 86 页解析到 5 条
2026-06-25 15:30:19 [INFO] 列表页请求成功：https://ncmhc.org.cn/channel_index/news/page/87，状态码：200
2026-06-25 15:30:19 [INFO] 栏目 [新闻资讯] 第 87 页解析到 5 条
2026-06-25 15:30:21 [INFO] 列表页请求成功：https://ncmhc.org.cn/channel_index/news/page/88，状态码：200
2026-06-25 15:30:21 [INFO] 栏目 [新闻资讯] 第 88 页解析到 5 条
2026-06-25 15:30:24 [INFO] 列表页请求成功：https://ncmhc.org.cn/channel_index/news/page/89，状态码：200
2026-06-25 15:30:24 [INFO] 栏目 [新闻资讯] 第 89 页解析到 5 条
2026-06-25 15:30:26 [INFO] 列表页请求成功：https://ncmhc.org.cn/channel_index/news/page/90，状态码：200
2026-06-25 15:30:26 [INFO] 栏目 [新闻资讯] 第 90 页解析到 5 条
2026-06-25 15:30:28 [INFO] 列表页请求成功：https://ncmhc.org.cn/channel_index/news/page/91，状态码：200
2026-06-25 15:30:28 [INFO] 栏目 [新闻资讯] 第 91 页解析到 5 条
2026-06-25 15:30:31 [INFO] 列表页请求成功：https://ncmhc.org.cn/channel_index/news/page/92，状态码：200
2026-06-25 15:30:31 [INFO] 栏目 [新闻资讯] 第 92 页解析到 5 条
2026-06-25 15:30:33 [INFO] 列表页请求成功：https://ncmhc.org.cn/channel_index/news/page/93，状态码：200
2026-06-25 15:30:33 [INFO] 栏目 [新闻资讯] 第 93 页解析到 5 条
2026-06-25 15:30:35 [INFO] 列表页请求成功：https://ncmhc.org.cn/channel_index/news/page/94，状态码：200
2026-06-25 15:30:35 [INFO] 栏目 [新闻资讯] 第 94 页解析到 5 条
2026-06-25 15:30:38 [INFO] 列表页请求成功：https://ncmhc.org.cn/channel_index/news/page/95，状态码：200
2026-06-25 15:30:38 [INFO] 栏目 [新闻资讯] 第 95 页解析到 5 条
2026-06-25 15:30:40 [INFO] 列表页请求成功：https://ncmhc.org.cn/channel_index/news/page/96，状态码：200
2026-06-25 15:30:40 [INFO] 栏目 [新闻资讯] 第 96 页解析到 5 条
2026-06-25 15:30:42 [INFO] 列表页请求成功：https://ncmhc.org.cn/channel_index/news/page/97，状态码：200
2026-06-25 15:30:42 [INFO] 栏目 [新闻资讯] 第 97 页解析到 5 条
2026-06-25 15:30:44 [INFO] 列表页请求成功：https://ncmhc.org.cn/channel_index/news/page/98，状态码：200
2026-06-25 15:30:44 [INFO] 栏目 [新闻资讯] 第 98 页解析到 5 条
2026-06-25 15:30:47 [INFO] 列表页请求成功：https://ncmhc.org.cn/channel_index/news/page/99，状态码：200
2026-06-25 15:30:47 [INFO] 栏目 [新闻资讯] 第 99 页解析到 5 条
2026-06-25 15:30:49 [INFO] 列表页请求成功：https://ncmhc.org.cn/channel_index/news/page/100，状态码：200
2026-06-25 15:30:49 [INFO] 栏目 [新闻资讯] 第 100 页解析到 5 条
2026-06-25 15:30:49 [INFO] 数据已存在，跳过解析并保留原数据：第二期青少年心理健康发展项目同伴支持省级师资培训在广西南宁成功举办
2026-06-25 15:30:49 [INFO] 数据已存在，跳过解析并保留原数据：“人生小满心相宜”艺术促进心理健康主题宣传活动在京举办
2026-06-25 15:30:49 [INFO] 数据已存在，跳过解析并保留原数据：“情系桑榆，爱满国心”
2026-06-25 15:30:49 [INFO] 数据已存在，跳过解析并保留原数据：无烟草青少年行动基金（TFKAF）访问国家心理健康和精神卫生防治中心
2026-06-25 15:30:49 [INFO] 数据已存在，跳过解析并保留原数据：第四届“先行者——心理健康校园行”活动在郑州大学启动
2026-06-25 15:30:49 [INFO] 数据已存在，跳过解析并保留原数据：“治鱼”，更需“治塘” ——联合国青年办公室到访国家心理健康和精神卫生防治中心座谈侧记
2026-06-25 15:30:49 [INFO] 数据已存在，跳过解析并保留原数据：德中卫生组织代表团来访国家心理健康和精神卫生防治中心
2026-06-25 15:30:49 [INFO] 数据已存在，跳过解析并保留原数据：“人生小满心相宜 乐享身心共安康” 倡议活动
2026-06-25 15:30:49 [INFO] 数据已存在，跳过解析并保留原数据：联合国人口基金驻华代表处访问国家心理健康和精神卫生防治中心并开展座谈交流
2026-06-25 15:30:49 [INFO] 数据已存在，跳过解析并保留原数据：打破“心墙”，共建心灵栖息地——“国心论健”院士院长院校圆桌对话会在南京举行
2026-06-25 15:30:49 [INFO] 数据已存在，跳过解析并保留原数据：书香润心·悦读致远 ——“国图讲坛·阅读新力量”四方共建启动暨“心悦之旅”首场活动成功举办
2026-06-25 15:30:49 [INFO] 数据已存在，跳过解析并保留原数据：国家心理健康和精神卫生防治中心与亚洲协会签署合作谅解备忘录
2026-06-25 15:30:49 [INFO] 数据已存在，跳过解析并保留原数据：付强：心理服务转向这道“必答题”，由谁来做？
2026-06-25 15:30:49 [INFO] 数据已存在，跳过解析并保留原数据：政心领航、经验分享，六地书记市长共话社会治理“心”篇章
2026-06-25 15:30:49 [INFO] 数据已存在，跳过解析并保留原数据：“心”服务的中国方案落地生根——全国社会心理服务创新发展大会工作成效交流侧记
2026-06-25 15:30:49 [INFO] 数据已存在，跳过解析并保留原数据：“十五五”心启航 开启中国式现代化社会心理服务体系建设新篇章
2026-06-25 15:30:49 [INFO] 数据已存在，跳过解析并保留原数据：第三届全国社会心理服务情景剧
2026-06-25 15:30:49 [INFO] 数据已存在，跳过解析并保留原数据：国家心理健康中心 “热血奔腾团”
2026-06-25 15:30:49 [INFO] 数据已存在，跳过解析并保留原数据：“心有所悦”彰显民本情怀
2026-06-25 15:30:49 [INFO] 数据已存在，跳过解析并保留原数据：2026年“医”马当先元旦公益跑圆满落幕 ——以奔跑之力绘就身心同健新图景
2026-06-25 15:30:49 [INFO] 数据已存在，跳过解析并保留原数据：“暖心归航，益路同行——新年之际话‘心’年”系列活动在京举办
2026-06-25 15:30:49 [INFO] 数据已存在，跳过解析并保留原数据：关于举办第三届全国社会心理服务创新 发展大会的第一轮会议通知
2026-06-25 15:30:49 [INFO] 数据已存在，跳过解析并保留原数据：第四届“先行者——心理健康校园行” 活动圆满闭幕
2026-06-25 15:30:49 [INFO] 数据已存在，跳过解析并保留原数据：支部书记讲“四强”（63）：国家心理健康和精神卫生防治中心第四党支部书记蒋燕
2026-06-25 15:30:49 [INFO] 数据已存在，跳过解析并保留原数据：第二期青少年心理健康发展项目同伴支持省级师资培训在广西南宁成功举办
2026-06-25 15:30:49 [INFO] 数据已存在，跳过解析并保留原数据：“人生小满心相宜”艺术促进心理健康主题宣传活动在京举办
2026-06-25 15:30:49 [INFO] 数据已存在，跳过解析并保留原数据：“情系桑榆，爱满国心”
2026-06-25 15:30:49 [INFO] 数据已存在，跳过解析并保留原数据：无烟草青少年行动基金（TFKAF）访问国家心理健康和精神卫生防治中心
2026-06-25 15:30:49 [INFO] 数据已存在，跳过解析并保留原数据：第四届“先行者——心理健康校园行”活动在郑州大学启动
2026-06-25 15:30:49 [INFO] 数据已存在，跳过解析并保留原数据：世界卫生组织非传染性疾病和精神卫生司代司长Dévora Kestel访华：聚焦中国实践成果，推进国际合
2026-06-25 15:30:49 [INFO] 数据已存在，跳过解析并保留原数据：“数心融合”项目工作推进暨成果转化服务对接活动在京举办
2026-06-25 15:30:49 [INFO] 数据已存在，跳过解析并保留原数据：深学细悟走在前 实干笃行勇争先 ——国心中心创新学习机制贯彻党的二十届四中全会精神
2026-06-25 15:30:49 [INFO] 数据已存在，跳过解析并保留原数据：美国中华医学基金会（CMB）代表团访问国家心理健康中心
2026-06-25 15:30:49 [INFO] 数据已存在，跳过解析并保留原数据：2025年世界精神卫生日主题宣传活动在北京举行
2026-06-25 15:30:49 [INFO] 数据已存在，跳过解析并保留原数据：国家医学中心和区域医疗中心受邀走进国家心理健康和精神卫生防治中心
2026-06-25 15:30:49 [INFO] 数据已存在，跳过解析并保留原数据：“阳光企业”心理健康促进活动暨“心安企业”建设滨州研讨会在山东省滨州市举办
2026-06-25 15:30:49 [INFO] 数据已存在，跳过解析并保留原数据：2025年第二期青少年心理健康 “同伴支持营地活动”在京成功举办
2026-06-25 15:30:49 [INFO] 数据已存在，跳过解析并保留原数据：雷海潮调研精神卫生并督导基层学习教育工作
2026-06-25 15:30:49 [INFO] 数据已存在，跳过解析并保留原数据：《归航》——给心归航，是最好的精神养护
2026-06-25 15:30:49 [INFO] 数据已存在，跳过解析并保留原数据：党建引领聚合力、共建共促护健康
2026-06-25 15:30:49 [INFO] 数据已存在，跳过解析并保留原数据：国家心理健康和精神卫生防治中心代表团赴日内瓦开展心理健康国际交流与合作
2026-06-25 15:30:49 [INFO] 数据已存在，跳过解析并保留原数据：第78届世界卫生大会“人人享有心理健康服务：全球行动与合作”主题边会成功举办
2026-06-25 15:30:49 [INFO] 数据已存在，跳过解析并保留原数据：英国皇家精神科医师学院一行来访国家心理健康和精神卫生防治中心
2026-06-25 15:30:49 [INFO] 数据已存在，跳过解析并保留原数据：“心理危机干预及精神障碍防治专业技术人员能力提升”国家级继续医学教育培训班第一期在重庆市举办
2026-06-25 15:30:49 [INFO] 数据已存在，跳过解析并保留原数据：“心理健康和精神卫生服务能力提升”国家级继续教育培训班在杭举办
2026-06-25 15:30:49 [INFO] 数据已存在，跳过解析并保留原数据：第二期青少年心理健康发展项目同伴支持省级师资培训在广西南宁成功举办
2026-06-25 15:30:49 [INFO] 数据已存在，跳过解析并保留原数据：“人生小满心相宜”艺术促进心理健康主题宣传活动在京举办
2026-06-25 15:30:49 [INFO] 数据已存在，跳过解析并保留原数据：“情系桑榆，爱满国心”
2026-06-25 15:30:49 [INFO] 数据已存在，跳过解析并保留原数据：无烟草青少年行动基金（TFKAF）访问国家心理健康和精神卫生防治中心
2026-06-25 15:30:49 [INFO] 数据已存在，跳过解析并保留原数据：第四届“先行者——心理健康校园行”活动在郑州大学启动
2026-06-25 15:31:02 [INFO] 正在下载正文附件: video_ccd933f52deb.mp4
2026-06-25 15:34:22 [INFO] 数据已存在，跳过解析并保留原数据：第二期青少年心理健康发展项目同伴支持省级师资培训在广西南宁成功举办
2026-06-25 15:34:22 [INFO] 数据已存在，跳过解析并保留原数据：“人生小满心相宜”艺术促进心理健康主题宣传活动在京举办
2026-06-25 15:34:22 [INFO] 数据已存在，跳过解析并保留原数据：“情系桑榆，爱满国心”
2026-06-25 15:34:22 [INFO] 数据已存在，跳过解析并保留原数据：无烟草青少年行动基金（TFKAF）访问国家心理健康和精神卫生防治中心
2026-06-25 15:34:22 [INFO] 数据已存在，跳过解析并保留原数据：第四届“先行者——心理健康校园行”活动在郑州大学启动
2026-06-25 15:36:10 [INFO] 正在下载正文附件: 2024年世界精神卫生日宣传公益海报.zip
2026-06-25 15:38:17 [INFO] 数据已存在，跳过解析并保留原数据：第二期青少年心理健康发展项目同伴支持省级师资培训在广西南宁成功举办
2026-06-25 15:38:17 [INFO] 数据已存在，跳过解析并保留原数据：“人生小满心相宜”艺术促进心理健康主题宣传活动在京举办
2026-06-25 15:38:17 [INFO] 数据已存在，跳过解析并保留原数据：“情系桑榆，爱满国心”
2026-06-25 15:38:17 [INFO] 数据已存在，跳过解析并保留原数据：无烟草青少年行动基金（TFKAF）访问国家心理健康和精神卫生防治中心
2026-06-25 15:38:17 [INFO] 数据已存在，跳过解析并保留原数据：第四届“先行者——心理健康校园行”活动在郑州大学启动
2026-06-25 15:41:11 [INFO] 数据已存在，跳过解析并保留原数据：第二期青少年心理健康发展项目同伴支持省级师资培训在广西南宁成功举办
2026-06-25 15:41:11 [INFO] 数据已存在，跳过解析并保留原数据：“人生小满心相宜”艺术促进心理健康主题宣传活动在京举办
2026-06-25 15:41:11 [INFO] 数据已存在，跳过解析并保留原数据：“情系桑榆，爱满国心”
2026-06-25 15:41:11 [INFO] 数据已存在，跳过解析并保留原数据：无烟草青少年行动基金（TFKAF）访问国家心理健康和精神卫生防治中心
2026-06-25 15:41:11 [INFO] 数据已存在，跳过解析并保留原数据：第四届“先行者——心理健康校园行”活动在郑州大学启动
2026-06-25 15:43:28 [INFO] 数据已存在，跳过解析并保留原数据：第二期青少年心理健康发展项目同伴支持省级师资培训在广西南宁成功举办
2026-06-25 15:43:28 [INFO] 数据已存在，跳过解析并保留原数据：“人生小满心相宜”艺术促进心理健康主题宣传活动在京举办
2026-06-25 15:43:28 [INFO] 数据已存在，跳过解析并保留原数据：“情系桑榆，爱满国心”
2026-06-25 15:43:28 [INFO] 数据已存在，跳过解析并保留原数据：无烟草青少年行动基金（TFKAF）访问国家心理健康和精神卫生防治中心
2026-06-25 15:43:28 [INFO] 数据已存在，跳过解析并保留原数据：第四届“先行者——心理健康校园行”活动在郑州大学启动
2026-06-25 15:45:33 [INFO] 数据已存在，跳过解析并保留原数据：第二期青少年心理健康发展项目同伴支持省级师资培训在广西南宁成功举办
2026-06-25 15:45:33 [INFO] 数据已存在，跳过解析并保留原数据：“人生小满心相宜”艺术促进心理健康主题宣传活动在京举办
2026-06-25 15:45:33 [INFO] 数据已存在，跳过解析并保留原数据：“情系桑榆，爱满国心”
2026-06-25 15:45:33 [INFO] 数据已存在，跳过解析并保留原数据：无烟草青少年行动基金（TFKAF）访问国家心理健康和精神卫生防治中心
2026-06-25 15:45:33 [INFO] 数据已存在，跳过解析并保留原数据：第四届“先行者——心理健康校园行”活动在郑州大学启动
2026-06-25 15:48:04 [INFO] 数据已存在，跳过解析并保留原数据：第二期青少年心理健康发展项目同伴支持省级师资培训在广西南宁成功举办
2026-06-25 15:48:04 [INFO] 数据已存在，跳过解析并保留原数据：“人生小满心相宜”艺术促进心理健康主题宣传活动在京举办
2026-06-25 15:48:04 [INFO] 数据已存在，跳过解析并保留原数据：“情系桑榆，爱满国心”
2026-06-25 15:48:04 [INFO] 数据已存在，跳过解析并保留原数据：无烟草青少年行动基金（TFKAF）访问国家心理健康和精神卫生防治中心
2026-06-25 15:48:04 [INFO] 数据已存在，跳过解析并保留原数据：第四届“先行者——心理健康校园行”活动在郑州大学启动
2026-06-25 15:51:22 [INFO] 数据已存在，跳过解析并保留原数据：第二期青少年心理健康发展项目同伴支持省级师资培训在广西南宁成功举办
2026-06-25 15:51:22 [INFO] 数据已存在，跳过解析并保留原数据：“人生小满心相宜”艺术促进心理健康主题宣传活动在京举办
2026-06-25 15:51:22 [INFO] 数据已存在，跳过解析并保留原数据：“情系桑榆，爱满国心”
2026-06-25 15:51:22 [INFO] 数据已存在，跳过解析并保留原数据：无烟草青少年行动基金（TFKAF）访问国家心理健康和精神卫生防治中心
2026-06-25 15:51:22 [INFO] 数据已存在，跳过解析并保留原数据：第四届“先行者——心理健康校园行”活动在郑州大学启动
2026-06-25 15:54:10 [INFO] 数据已存在，跳过解析并保留原数据：第二期青少年心理健康发展项目同伴支持省级师资培训在广西南宁成功举办
2026-06-25 15:54:10 [INFO] 数据已存在，跳过解析并保留原数据：“人生小满心相宜”艺术促进心理健康主题宣传活动在京举办
2026-06-25 15:54:10 [INFO] 数据已存在，跳过解析并保留原数据：“情系桑榆，爱满国心”
2026-06-25 15:54:10 [INFO] 数据已存在，跳过解析并保留原数据：无烟草青少年行动基金（TFKAF）访问国家心理健康和精神卫生防治中心
2026-06-25 15:54:10 [INFO] 数据已存在，跳过解析并保留原数据：第四届“先行者——心理健康校园行”活动在郑州大学启动
2026-06-25 15:57:02 [INFO] 数据已存在，跳过解析并保留原数据：第二期青少年心理健康发展项目同伴支持省级师资培训在广西南宁成功举办
2026-06-25 15:57:02 [INFO] 数据已存在，跳过解析并保留原数据：“人生小满心相宜”艺术促进心理健康主题宣传活动在京举办
2026-06-25 15:57:02 [INFO] 数据已存在，跳过解析并保留原数据：“情系桑榆，爱满国心”
2026-06-25 15:57:02 [INFO] 数据已存在，跳过解析并保留原数据：无烟草青少年行动基金（TFKAF）访问国家心理健康和精神卫生防治中心
2026-06-25 15:57:02 [INFO] 数据已存在，跳过解析并保留原数据：第四届“先行者——心理健康校园行”活动在郑州大学启动
2026-06-25 15:59:03 [INFO] 正在下载正文附件: video_cc93ea26fe8b.mp4
2026-06-25 15:59:39 [INFO] 数据已存在，跳过解析并保留原数据：第二期青少年心理健康发展项目同伴支持省级师资培训在广西南宁成功举办
2026-06-25 15:59:39 [INFO] 数据已存在，跳过解析并保留原数据：“人生小满心相宜”艺术促进心理健康主题宣传活动在京举办
2026-06-25 15:59:39 [INFO] 数据已存在，跳过解析并保留原数据：“情系桑榆，爱满国心”
2026-06-25 15:59:39 [INFO] 数据已存在，跳过解析并保留原数据：无烟草青少年行动基金（TFKAF）访问国家心理健康和精神卫生防治中心
2026-06-25 15:59:39 [INFO] 数据已存在，跳过解析并保留原数据：第四届“先行者——心理健康校园行”活动在郑州大学启动
2026-06-25 16:01:30 [INFO] 正在下载正文附件: video_8919552838a9.mp4
2026-06-25 16:02:00 [INFO] 数据已存在，跳过解析并保留原数据：第二期青少年心理健康发展项目同伴支持省级师资培训在广西南宁成功举办
2026-06-25 16:02:00 [INFO] 数据已存在，跳过解析并保留原数据：“人生小满心相宜”艺术促进心理健康主题宣传活动在京举办
2026-06-25 16:02:00 [INFO] 数据已存在，跳过解析并保留原数据：“情系桑榆，爱满国心”
2026-06-25 16:02:00 [INFO] 数据已存在，跳过解析并保留原数据：无烟草青少年行动基金（TFKAF）访问国家心理健康和精神卫生防治中心
2026-06-25 16:02:00 [INFO] 数据已存在，跳过解析并保留原数据：第四届“先行者——心理健康校园行”活动在郑州大学启动
2026-06-25 16:03:56 [INFO] 数据已存在，跳过解析并保留原数据：第二期青少年心理健康发展项目同伴支持省级师资培训在广西南宁成功举办
2026-06-25 16:03:56 [INFO] 数据已存在，跳过解析并保留原数据：“人生小满心相宜”艺术促进心理健康主题宣传活动在京举办
2026-06-25 16:03:56 [INFO] 数据已存在，跳过解析并保留原数据：“情系桑榆，爱满国心”
2026-06-25 16:03:56 [INFO] 数据已存在，跳过解析并保留原数据：无烟草青少年行动基金（TFKAF）访问国家心理健康和精神卫生防治中心
2026-06-25 16:03:56 [INFO] 数据已存在，跳过解析并保留原数据：第四届“先行者——心理健康校园行”活动在郑州大学启动
2026-06-25 16:06:27 [INFO] 数据已存在，跳过解析并保留原数据：第二期青少年心理健康发展项目同伴支持省级师资培训在广西南宁成功举办
2026-06-25 16:06:27 [INFO] 数据已存在，跳过解析并保留原数据：“人生小满心相宜”艺术促进心理健康主题宣传活动在京举办
2026-06-25 16:06:27 [INFO] 数据已存在，跳过解析并保留原数据：“情系桑榆，爱满国心”
2026-06-25 16:06:27 [INFO] 数据已存在，跳过解析并保留原数据：无烟草青少年行动基金（TFKAF）访问国家心理健康和精神卫生防治中心
2026-06-25 16:06:27 [INFO] 数据已存在，跳过解析并保留原数据：第四届“先行者——心理健康校园行”活动在郑州大学启动
2026-06-25 16:08:33 [INFO] 数据已存在，跳过解析并保留原数据：第二期青少年心理健康发展项目同伴支持省级师资培训在广西南宁成功举办
2026-06-25 16:08:33 [INFO] 数据已存在，跳过解析并保留原数据：“人生小满心相宜”艺术促进心理健康主题宣传活动在京举办
2026-06-25 16:08:33 [INFO] 数据已存在，跳过解析并保留原数据：“情系桑榆，爱满国心”
2026-06-25 16:08:33 [INFO] 数据已存在，跳过解析并保留原数据：无烟草青少年行动基金（TFKAF）访问国家心理健康和精神卫生防治中心
2026-06-25 16:08:33 [INFO] 数据已存在，跳过解析并保留原数据：第四届“先行者——心理健康校园行”活动在郑州大学启动
2026-06-25 16:08:33 [INFO] 数据已存在，跳过解析并保留原数据：第二期青少年心理健康发展项目同伴支持省级师资培训在广西南宁成功举办
2026-06-25 16:08:33 [INFO] 数据已存在，跳过解析并保留原数据：“人生小满心相宜”艺术促进心理健康主题宣传活动在京举办
2026-06-25 16:08:33 [INFO] 数据已存在，跳过解析并保留原数据：“情系桑榆，爱满国心”
2026-06-25 16:08:33 [INFO] 数据已存在，跳过解析并保留原数据：无烟草青少年行动基金（TFKAF）访问国家心理健康和精神卫生防治中心
2026-06-25 16:08:33 [INFO] 数据已存在，跳过解析并保留原数据：第四届“先行者——心理健康校园行”活动在郑州大学启动
2026-06-25 16:08:33 [INFO] 数据已存在，跳过解析并保留原数据：第二期青少年心理健康发展项目同伴支持省级师资培训在广西南宁成功举办
2026-06-25 16:08:33 [INFO] 数据已存在，跳过解析并保留原数据：“人生小满心相宜”艺术促进心理健康主题宣传活动在京举办
2026-06-25 16:08:33 [INFO] 数据已存在，跳过解析并保留原数据：“情系桑榆，爱满国心”
2026-06-25 16:08:33 [INFO] 数据已存在，跳过解析并保留原数据：无烟草青少年行动基金（TFKAF）访问国家心理健康和精神卫生防治中心
2026-06-25 16:08:33 [INFO] 数据已存在，跳过解析并保留原数据：第四届“先行者——心理健康校园行”活动在郑州大学启动
2026-06-25 16:08:33 [INFO] 数据已存在，跳过解析并保留原数据：第二期青少年心理健康发展项目同伴支持省级师资培训在广西南宁成功举办
2026-06-25 16:08:33 [INFO] 数据已存在，跳过解析并保留原数据：“人生小满心相宜”艺术促进心理健康主题宣传活动在京举办
2026-06-25 16:08:33 [INFO] 数据已存在，跳过解析并保留原数据：“情系桑榆，爱满国心”
2026-06-25 16:08:33 [INFO] 数据已存在，跳过解析并保留原数据：无烟草青少年行动基金（TFKAF）访问国家心理健康和精神卫生防治中心
2026-06-25 16:08:33 [INFO] 数据已存在，跳过解析并保留原数据：第四届“先行者——心理健康校园行”活动在郑州大学启动
2026-06-25 16:08:33 [INFO] 数据已存在，跳过解析并保留原数据：第二期青少年心理健康发展项目同伴支持省级师资培训在广西南宁成功举办
2026-06-25 16:08:33 [INFO] 数据已存在，跳过解析并保留原数据：“人生小满心相宜”艺术促进心理健康主题宣传活动在京举办
2026-06-25 16:08:33 [INFO] 数据已存在，跳过解析并保留原数据：“情系桑榆，爱满国心”
2026-06-25 16:08:33 [INFO] 数据已存在，跳过解析并保留原数据：无烟草青少年行动基金（TFKAF）访问国家心理健康和精神卫生防治中心
2026-06-25 16:08:33 [INFO] 数据已存在，跳过解析并保留原数据：第四届“先行者——心理健康校园行”活动在郑州大学启动
2026-06-25 16:08:33 [INFO] 数据已存在，跳过解析并保留原数据：第二期青少年心理健康发展项目同伴支持省级师资培训在广西南宁成功举办
2026-06-25 16:08:33 [INFO] 数据已存在，跳过解析并保留原数据：“人生小满心相宜”艺术促进心理健康主题宣传活动在京举办
2026-06-25 16:08:33 [INFO] 数据已存在，跳过解析并保留原数据：“情系桑榆，爱满国心”
2026-06-25 16:08:33 [INFO] 数据已存在，跳过解析并保留原数据：无烟草青少年行动基金（TFKAF）访问国家心理健康和精神卫生防治中心
2026-06-25 16:08:33 [INFO] 数据已存在，跳过解析并保留原数据：第四届“先行者——心理健康校园行”活动在郑州大学启动
2026-06-25 16:08:33 [INFO] 数据已存在，跳过解析并保留原数据：第二期青少年心理健康发展项目同伴支持省级师资培训在广西南宁成功举办
2026-06-25 16:08:33 [INFO] 数据已存在，跳过解析并保留原数据：“人生小满心相宜”艺术促进心理健康主题宣传活动在京举办
2026-06-25 16:08:33 [INFO] 数据已存在，跳过解析并保留原数据：“情系桑榆，爱满国心”
2026-06-25 16:08:33 [INFO] 数据已存在，跳过解析并保留原数据：无烟草青少年行动基金（TFKAF）访问国家心理健康和精神卫生防治中心
2026-06-25 16:08:33 [INFO] 数据已存在，跳过解析并保留原数据：第四届“先行者——心理健康校园行”活动在郑州大学启动
2026-06-25 16:08:33 [INFO] 数据已存在，跳过解析并保留原数据：第二期青少年心理健康发展项目同伴支持省级师资培训在广西南宁成功举办
2026-06-25 16:08:33 [INFO] 数据已存在，跳过解析并保留原数据：“人生小满心相宜”艺术促进心理健康主题宣传活动在京举办
2026-06-25 16:08:33 [INFO] 数据已存在，跳过解析并保留原数据：“情系桑榆，爱满国心”
2026-06-25 16:08:33 [INFO] 数据已存在，跳过解析并保留原数据：无烟草青少年行动基金（TFKAF）访问国家心理健康和精神卫生防治中心
2026-06-25 16:08:33 [INFO] 数据已存在，跳过解析并保留原数据：第四届“先行者——心理健康校园行”活动在郑州大学启动
2026-06-25 16:08:33 [INFO] 数据已存在，跳过解析并保留原数据：第二期青少年心理健康发展项目同伴支持省级师资培训在广西南宁成功举办
2026-06-25 16:08:33 [INFO] 数据已存在，跳过解析并保留原数据：“人生小满心相宜”艺术促进心理健康主题宣传活动在京举办
2026-06-25 16:08:33 [INFO] 数据已存在，跳过解析并保留原数据：“情系桑榆，爱满国心”
2026-06-25 16:08:33 [INFO] 数据已存在，跳过解析并保留原数据：无烟草青少年行动基金（TFKAF）访问国家心理健康和精神卫生防治中心
2026-06-25 16:08:33 [INFO] 数据已存在，跳过解析并保留原数据：第四届“先行者——心理健康校园行”活动在郑州大学启动
2026-06-25 16:08:33 [INFO] 数据已存在，跳过解析并保留原数据：第二期青少年心理健康发展项目同伴支持省级师资培训在广西南宁成功举办
2026-06-25 16:08:33 [INFO] 数据已存在，跳过解析并保留原数据：“人生小满心相宜”艺术促进心理健康主题宣传活动在京举办
2026-06-25 16:08:33 [INFO] 数据已存在，跳过解析并保留原数据：“情系桑榆，爱满国心”
2026-06-25 16:08:33 [INFO] 数据已存在，跳过解析并保留原数据：无烟草青少年行动基金（TFKAF）访问国家心理健康和精神卫生防治中心
2026-06-25 16:08:33 [INFO] 数据已存在，跳过解析并保留原数据：第四届“先行者——心理健康校园行”活动在郑州大学启动
2026-06-25 16:08:33 [INFO] 数据已存在，跳过解析并保留原数据：第二期青少年心理健康发展项目同伴支持省级师资培训在广西南宁成功举办
2026-06-25 16:08:33 [INFO] 数据已存在，跳过解析并保留原数据：“人生小满心相宜”艺术促进心理健康主题宣传活动在京举办
2026-06-25 16:08:33 [INFO] 数据已存在，跳过解析并保留原数据：“情系桑榆，爱满国心”
2026-06-25 16:08:33 [INFO] 数据已存在，跳过解析并保留原数据：无烟草青少年行动基金（TFKAF）访问国家心理健康和精神卫生防治中心
2026-06-25 16:08:33 [INFO] 数据已存在，跳过解析并保留原数据：第四届“先行者——心理健康校园行”活动在郑州大学启动
2026-06-25 16:08:33 [INFO] 数据已存在，跳过解析并保留原数据：第二期青少年心理健康发展项目同伴支持省级师资培训在广西南宁成功举办
2026-06-25 16:08:33 [INFO] 数据已存在，跳过解析并保留原数据：“人生小满心相宜”艺术促进心理健康主题宣传活动在京举办
2026-06-25 16:08:33 [INFO] 数据已存在，跳过解析并保留原数据：“情系桑榆，爱满国心”
2026-06-25 16:08:33 [INFO] 数据已存在，跳过解析并保留原数据：无烟草青少年行动基金（TFKAF）访问国家心理健康和精神卫生防治中心
2026-06-25 16:08:33 [INFO] 数据已存在，跳过解析并保留原数据：第四届“先行者——心理健康校园行”活动在郑州大学启动
2026-06-25 16:08:33 [INFO] 数据已存在，跳过解析并保留原数据：第二期青少年心理健康发展项目同伴支持省级师资培训在广西南宁成功举办
2026-06-25 16:08:33 [INFO] 数据已存在，跳过解析并保留原数据：“人生小满心相宜”艺术促进心理健康主题宣传活动在京举办
2026-06-25 16:08:33 [INFO] 数据已存在，跳过解析并保留原数据：“情系桑榆，爱满国心”
2026-06-25 16:08:33 [INFO] 数据已存在，跳过解析并保留原数据：无烟草青少年行动基金（TFKAF）访问国家心理健康和精神卫生防治中心
2026-06-25 16:08:33 [INFO] 数据已存在，跳过解析并保留原数据：第四届“先行者——心理健康校园行”活动在郑州大学启动
2026-06-25 16:08:33 [INFO] 数据已存在，跳过解析并保留原数据：第二期青少年心理健康发展项目同伴支持省级师资培训在广西南宁成功举办
2026-06-25 16:08:33 [INFO] 数据已存在，跳过解析并保留原数据：“人生小满心相宜”艺术促进心理健康主题宣传活动在京举办
2026-06-25 16:08:33 [INFO] 数据已存在，跳过解析并保留原数据：“情系桑榆，爱满国心”
2026-06-25 16:08:33 [INFO] 数据已存在，跳过解析并保留原数据：无烟草青少年行动基金（TFKAF）访问国家心理健康和精神卫生防治中心
2026-06-25 16:08:33 [INFO] 数据已存在，跳过解析并保留原数据：第四届“先行者——心理健康校园行”活动在郑州大学启动
2026-06-25 16:08:33 [INFO] 数据已存在，跳过解析并保留原数据：第二期青少年心理健康发展项目同伴支持省级师资培训在广西南宁成功举办
2026-06-25 16:08:33 [INFO] 数据已存在，跳过解析并保留原数据：“人生小满心相宜”艺术促进心理健康主题宣传活动在京举办
2026-06-25 16:08:33 [INFO] 数据已存在，跳过解析并保留原数据：“情系桑榆，爱满国心”
2026-06-25 16:08:33 [INFO] 数据已存在，跳过解析并保留原数据：无烟草青少年行动基金（TFKAF）访问国家心理健康和精神卫生防治中心
2026-06-25 16:08:33 [INFO] 数据已存在，跳过解析并保留原数据：第四届“先行者——心理健康校园行”活动在郑州大学启动
2026-06-25 16:08:33 [INFO] 数据已存在，跳过解析并保留原数据：第二期青少年心理健康发展项目同伴支持省级师资培训在广西南宁成功举办
2026-06-25 16:08:33 [INFO] 数据已存在，跳过解析并保留原数据：“人生小满心相宜”艺术促进心理健康主题宣传活动在京举办
2026-06-25 16:08:33 [INFO] 数据已存在，跳过解析并保留原数据：“情系桑榆，爱满国心”
2026-06-25 16:08:33 [INFO] 数据已存在，跳过解析并保留原数据：无烟草青少年行动基金（TFKAF）访问国家心理健康和精神卫生防治中心
2026-06-25 16:08:33 [INFO] 数据已存在，跳过解析并保留原数据：第四届“先行者——心理健康校园行”活动在郑州大学启动
2026-06-25 16:08:33 [INFO] 数据已存在，跳过解析并保留原数据：第二期青少年心理健康发展项目同伴支持省级师资培训在广西南宁成功举办
2026-06-25 16:08:33 [INFO] 数据已存在，跳过解析并保留原数据：“人生小满心相宜”艺术促进心理健康主题宣传活动在京举办
2026-06-25 16:08:33 [INFO] 数据已存在，跳过解析并保留原数据：“情系桑榆，爱满国心”
2026-06-25 16:08:33 [INFO] 数据已存在，跳过解析并保留原数据：无烟草青少年行动基金（TFKAF）访问国家心理健康和精神卫生防治中心
2026-06-25 16:08:33 [INFO] 数据已存在，跳过解析并保留原数据：第四届“先行者——心理健康校园行”活动在郑州大学启动
2026-06-25 16:08:33 [INFO] 数据已存在，跳过解析并保留原数据：第二期青少年心理健康发展项目同伴支持省级师资培训在广西南宁成功举办
2026-06-25 16:08:33 [INFO] 数据已存在，跳过解析并保留原数据：“人生小满心相宜”艺术促进心理健康主题宣传活动在京举办
2026-06-25 16:08:33 [INFO] 数据已存在，跳过解析并保留原数据：“情系桑榆，爱满国心”
2026-06-25 16:08:33 [INFO] 数据已存在，跳过解析并保留原数据：无烟草青少年行动基金（TFKAF）访问国家心理健康和精神卫生防治中心
2026-06-25 16:08:33 [INFO] 数据已存在，跳过解析并保留原数据：第四届“先行者——心理健康校园行”活动在郑州大学启动
2026-06-25 16:08:33 [INFO] 数据已存在，跳过解析并保留原数据：第二期青少年心理健康发展项目同伴支持省级师资培训在广西南宁成功举办
2026-06-25 16:08:33 [INFO] 数据已存在，跳过解析并保留原数据：“人生小满心相宜”艺术促进心理健康主题宣传活动在京举办
2026-06-25 16:08:33 [INFO] 数据已存在，跳过解析并保留原数据：“情系桑榆，爱满国心”
2026-06-25 16:08:33 [INFO] 数据已存在，跳过解析并保留原数据：无烟草青少年行动基金（TFKAF）访问国家心理健康和精神卫生防治中心
2026-06-25 16:08:33 [INFO] 数据已存在，跳过解析并保留原数据：第四届“先行者——心理健康校园行”活动在郑州大学启动
2026-06-25 16:08:33 [INFO] 数据已存在，跳过解析并保留原数据：第二期青少年心理健康发展项目同伴支持省级师资培训在广西南宁成功举办
2026-06-25 16:08:33 [INFO] 数据已存在，跳过解析并保留原数据：“人生小满心相宜”艺术促进心理健康主题宣传活动在京举办
2026-06-25 16:08:33 [INFO] 数据已存在，跳过解析并保留原数据：“情系桑榆，爱满国心”
2026-06-25 16:08:33 [INFO] 数据已存在，跳过解析并保留原数据：无烟草青少年行动基金（TFKAF）访问国家心理健康和精神卫生防治中心
2026-06-25 16:08:33 [INFO] 数据已存在，跳过解析并保留原数据：第四届“先行者——心理健康校园行”活动在郑州大学启动
2026-06-25 16:08:33 [INFO] 数据已存在，跳过解析并保留原数据：第二期青少年心理健康发展项目同伴支持省级师资培训在广西南宁成功举办
2026-06-25 16:08:33 [INFO] 数据已存在，跳过解析并保留原数据：“人生小满心相宜”艺术促进心理健康主题宣传活动在京举办
2026-06-25 16:08:33 [INFO] 数据已存在，跳过解析并保留原数据：“情系桑榆，爱满国心”
2026-06-25 16:08:33 [INFO] 数据已存在，跳过解析并保留原数据：无烟草青少年行动基金（TFKAF）访问国家心理健康和精神卫生防治中心
2026-06-25 16:08:33 [INFO] 数据已存在，跳过解析并保留原数据：第四届“先行者——心理健康校园行”活动在郑州大学启动
2026-06-25 16:08:33 [INFO] 数据已存在，跳过解析并保留原数据：第二期青少年心理健康发展项目同伴支持省级师资培训在广西南宁成功举办
2026-06-25 16:08:33 [INFO] 数据已存在，跳过解析并保留原数据：“人生小满心相宜”艺术促进心理健康主题宣传活动在京举办
2026-06-25 16:08:33 [INFO] 数据已存在，跳过解析并保留原数据：“情系桑榆，爱满国心”
2026-06-25 16:08:33 [INFO] 数据已存在，跳过解析并保留原数据：无烟草青少年行动基金（TFKAF）访问国家心理健康和精神卫生防治中心
2026-06-25 16:08:33 [INFO] 数据已存在，跳过解析并保留原数据：第四届“先行者——心理健康校园行”活动在郑州大学启动
2026-06-25 16:08:33 [INFO] 数据已存在，跳过解析并保留原数据：第二期青少年心理健康发展项目同伴支持省级师资培训在广西南宁成功举办
2026-06-25 16:08:33 [INFO] 数据已存在，跳过解析并保留原数据：“人生小满心相宜”艺术促进心理健康主题宣传活动在京举办
2026-06-25 16:08:33 [INFO] 数据已存在，跳过解析并保留原数据：“情系桑榆，爱满国心”
2026-06-25 16:08:33 [INFO] 数据已存在，跳过解析并保留原数据：无烟草青少年行动基金（TFKAF）访问国家心理健康和精神卫生防治中心
2026-06-25 16:08:33 [INFO] 数据已存在，跳过解析并保留原数据：第四届“先行者——心理健康校园行”活动在郑州大学启动
2026-06-25 16:08:33 [INFO] 数据已存在，跳过解析并保留原数据：第二期青少年心理健康发展项目同伴支持省级师资培训在广西南宁成功举办
2026-06-25 16:08:33 [INFO] 数据已存在，跳过解析并保留原数据：“人生小满心相宜”艺术促进心理健康主题宣传活动在京举办
2026-06-25 16:08:33 [INFO] 数据已存在，跳过解析并保留原数据：“情系桑榆，爱满国心”
2026-06-25 16:08:33 [INFO] 数据已存在，跳过解析并保留原数据：无烟草青少年行动基金（TFKAF）访问国家心理健康和精神卫生防治中心
2026-06-25 16:08:33 [INFO] 数据已存在，跳过解析并保留原数据：第四届“先行者——心理健康校园行”活动在郑州大学启动
2026-06-25 16:08:33 [INFO] 数据已存在，跳过解析并保留原数据：第二期青少年心理健康发展项目同伴支持省级师资培训在广西南宁成功举办
2026-06-25 16:08:33 [INFO] 数据已存在，跳过解析并保留原数据：“人生小满心相宜”艺术促进心理健康主题宣传活动在京举办
2026-06-25 16:08:33 [INFO] 数据已存在，跳过解析并保留原数据：“情系桑榆，爱满国心”
2026-06-25 16:08:33 [INFO] 数据已存在，跳过解析并保留原数据：无烟草青少年行动基金（TFKAF）访问国家心理健康和精神卫生防治中心
2026-06-25 16:08:33 [INFO] 数据已存在，跳过解析并保留原数据：第四届“先行者——心理健康校园行”活动在郑州大学启动
2026-06-25 16:08:33 [INFO] 数据已存在，跳过解析并保留原数据：第二期青少年心理健康发展项目同伴支持省级师资培训在广西南宁成功举办
2026-06-25 16:08:33 [INFO] 数据已存在，跳过解析并保留原数据：“人生小满心相宜”艺术促进心理健康主题宣传活动在京举办
2026-06-25 16:08:33 [INFO] 数据已存在，跳过解析并保留原数据：“情系桑榆，爱满国心”
2026-06-25 16:08:33 [INFO] 数据已存在，跳过解析并保留原数据：无烟草青少年行动基金（TFKAF）访问国家心理健康和精神卫生防治中心
2026-06-25 16:08:33 [INFO] 数据已存在，跳过解析并保留原数据：第四届“先行者——心理健康校园行”活动在郑州大学启动
2026-06-25 16:08:33 [INFO] 数据已存在，跳过解析并保留原数据：第二期青少年心理健康发展项目同伴支持省级师资培训在广西南宁成功举办
2026-06-25 16:08:33 [INFO] 数据已存在，跳过解析并保留原数据：“人生小满心相宜”艺术促进心理健康主题宣传活动在京举办
2026-06-25 16:08:33 [INFO] 数据已存在，跳过解析并保留原数据：“情系桑榆，爱满国心”
2026-06-25 16:08:33 [INFO] 数据已存在，跳过解析并保留原数据：无烟草青少年行动基金（TFKAF）访问国家心理健康和精神卫生防治中心
2026-06-25 16:08:33 [INFO] 数据已存在，跳过解析并保留原数据：第四届“先行者——心理健康校园行”活动在郑州大学启动
2026-06-25 16:08:33 [INFO] 数据已存在，跳过解析并保留原数据：第二期青少年心理健康发展项目同伴支持省级师资培训在广西南宁成功举办
2026-06-25 16:08:33 [INFO] 数据已存在，跳过解析并保留原数据：“人生小满心相宜”艺术促进心理健康主题宣传活动在京举办
2026-06-25 16:08:33 [INFO] 数据已存在，跳过解析并保留原数据：“情系桑榆，爱满国心”
2026-06-25 16:08:33 [INFO] 数据已存在，跳过解析并保留原数据：无烟草青少年行动基金（TFKAF）访问国家心理健康和精神卫生防治中心
2026-06-25 16:08:33 [INFO] 数据已存在，跳过解析并保留原数据：第四届“先行者——心理健康校园行”活动在郑州大学启动
2026-06-25 16:08:33 [INFO] 数据已存在，跳过解析并保留原数据：第二期青少年心理健康发展项目同伴支持省级师资培训在广西南宁成功举办
2026-06-25 16:08:33 [INFO] 数据已存在，跳过解析并保留原数据：“人生小满心相宜”艺术促进心理健康主题宣传活动在京举办
2026-06-25 16:08:33 [INFO] 数据已存在，跳过解析并保留原数据：“情系桑榆，爱满国心”
2026-06-25 16:08:33 [INFO] 数据已存在，跳过解析并保留原数据：无烟草青少年行动基金（TFKAF）访问国家心理健康和精神卫生防治中心
2026-06-25 16:08:33 [INFO] 数据已存在，跳过解析并保留原数据：第四届“先行者——心理健康校园行”活动在郑州大学启动
2026-06-25 16:08:33 [INFO] 数据已存在，跳过解析并保留原数据：第二期青少年心理健康发展项目同伴支持省级师资培训在广西南宁成功举办
2026-06-25 16:08:33 [INFO] 数据已存在，跳过解析并保留原数据：“人生小满心相宜”艺术促进心理健康主题宣传活动在京举办
2026-06-25 16:08:33 [INFO] 数据已存在，跳过解析并保留原数据：“情系桑榆，爱满国心”
2026-06-25 16:08:33 [INFO] 数据已存在，跳过解析并保留原数据：无烟草青少年行动基金（TFKAF）访问国家心理健康和精神卫生防治中心
2026-06-25 16:08:33 [INFO] 数据已存在，跳过解析并保留原数据：第四届“先行者——心理健康校园行”活动在郑州大学启动
2026-06-25 16:08:33 [INFO] 数据已存在，跳过解析并保留原数据：第二期青少年心理健康发展项目同伴支持省级师资培训在广西南宁成功举办
2026-06-25 16:08:33 [INFO] 数据已存在，跳过解析并保留原数据：“人生小满心相宜”艺术促进心理健康主题宣传活动在京举办
2026-06-25 16:08:33 [INFO] 数据已存在，跳过解析并保留原数据：“情系桑榆，爱满国心”
2026-06-25 16:08:33 [INFO] 数据已存在，跳过解析并保留原数据：无烟草青少年行动基金（TFKAF）访问国家心理健康和精神卫生防治中心
2026-06-25 16:08:33 [INFO] 数据已存在，跳过解析并保留原数据：第四届“先行者——心理健康校园行”活动在郑州大学启动
2026-06-25 16:08:33 [INFO] 数据已存在，跳过解析并保留原数据：第二期青少年心理健康发展项目同伴支持省级师资培训在广西南宁成功举办
2026-06-25 16:08:33 [INFO] 数据已存在，跳过解析并保留原数据：“人生小满心相宜”艺术促进心理健康主题宣传活动在京举办
2026-06-25 16:08:33 [INFO] 数据已存在，跳过解析并保留原数据：“情系桑榆，爱满国心”
2026-06-25 16:08:33 [INFO] 数据已存在，跳过解析并保留原数据：无烟草青少年行动基金（TFKAF）访问国家心理健康和精神卫生防治中心
2026-06-25 16:08:33 [INFO] 数据已存在，跳过解析并保留原数据：第四届“先行者——心理健康校园行”活动在郑州大学启动
2026-06-25 16:08:33 [INFO] 数据已存在，跳过解析并保留原数据：第二期青少年心理健康发展项目同伴支持省级师资培训在广西南宁成功举办
2026-06-25 16:08:33 [INFO] 数据已存在，跳过解析并保留原数据：“人生小满心相宜”艺术促进心理健康主题宣传活动在京举办
2026-06-25 16:08:33 [INFO] 数据已存在，跳过解析并保留原数据：“情系桑榆，爱满国心”
2026-06-25 16:08:33 [INFO] 数据已存在，跳过解析并保留原数据：无烟草青少年行动基金（TFKAF）访问国家心理健康和精神卫生防治中心
2026-06-25 16:08:33 [INFO] 数据已存在，跳过解析并保留原数据：第四届“先行者——心理健康校园行”活动在郑州大学启动
2026-06-25 16:08:33 [INFO] 数据已存在，跳过解析并保留原数据：第二期青少年心理健康发展项目同伴支持省级师资培训在广西南宁成功举办
2026-06-25 16:08:33 [INFO] 数据已存在，跳过解析并保留原数据：“人生小满心相宜”艺术促进心理健康主题宣传活动在京举办
2026-06-25 16:08:33 [INFO] 数据已存在，跳过解析并保留原数据：“情系桑榆，爱满国心”
2026-06-25 16:08:33 [INFO] 数据已存在，跳过解析并保留原数据：无烟草青少年行动基金（TFKAF）访问国家心理健康和精神卫生防治中心
2026-06-25 16:08:33 [INFO] 数据已存在，跳过解析并保留原数据：第四届“先行者——心理健康校园行”活动在郑州大学启动
2026-06-25 16:08:33 [INFO] 数据已存在，跳过解析并保留原数据：第二期青少年心理健康发展项目同伴支持省级师资培训在广西南宁成功举办
2026-06-25 16:08:33 [INFO] 数据已存在，跳过解析并保留原数据：“人生小满心相宜”艺术促进心理健康主题宣传活动在京举办
2026-06-25 16:08:33 [INFO] 数据已存在，跳过解析并保留原数据：“情系桑榆，爱满国心”
2026-06-25 16:08:33 [INFO] 数据已存在，跳过解析并保留原数据：无烟草青少年行动基金（TFKAF）访问国家心理健康和精神卫生防治中心
2026-06-25 16:08:33 [INFO] 数据已存在，跳过解析并保留原数据：第四届“先行者——心理健康校园行”活动在郑州大学启动
2026-06-25 16:08:33 [INFO] 数据已存在，跳过解析并保留原数据：第二期青少年心理健康发展项目同伴支持省级师资培训在广西南宁成功举办
2026-06-25 16:08:33 [INFO] 数据已存在，跳过解析并保留原数据：“人生小满心相宜”艺术促进心理健康主题宣传活动在京举办
2026-06-25 16:08:33 [INFO] 数据已存在，跳过解析并保留原数据：“情系桑榆，爱满国心”
2026-06-25 16:08:33 [INFO] 数据已存在，跳过解析并保留原数据：无烟草青少年行动基金（TFKAF）访问国家心理健康和精神卫生防治中心
2026-06-25 16:08:33 [INFO] 数据已存在，跳过解析并保留原数据：第四届“先行者——心理健康校园行”活动在郑州大学启动
2026-06-25 16:08:33 [INFO] 数据已存在，跳过解析并保留原数据：第二期青少年心理健康发展项目同伴支持省级师资培训在广西南宁成功举办
2026-06-25 16:08:33 [INFO] 数据已存在，跳过解析并保留原数据：“人生小满心相宜”艺术促进心理健康主题宣传活动在京举办
2026-06-25 16:08:33 [INFO] 数据已存在，跳过解析并保留原数据：“情系桑榆，爱满国心”
2026-06-25 16:08:33 [INFO] 数据已存在，跳过解析并保留原数据：无烟草青少年行动基金（TFKAF）访问国家心理健康和精神卫生防治中心
2026-06-25 16:08:33 [INFO] 数据已存在，跳过解析并保留原数据：第四届“先行者——心理健康校园行”活动在郑州大学启动
2026-06-25 16:08:33 [INFO] 数据已存在，跳过解析并保留原数据：第二期青少年心理健康发展项目同伴支持省级师资培训在广西南宁成功举办
2026-06-25 16:08:33 [INFO] 数据已存在，跳过解析并保留原数据：“人生小满心相宜”艺术促进心理健康主题宣传活动在京举办
2026-06-25 16:08:33 [INFO] 数据已存在，跳过解析并保留原数据：“情系桑榆，爱满国心”
2026-06-25 16:08:33 [INFO] 数据已存在，跳过解析并保留原数据：无烟草青少年行动基金（TFKAF）访问国家心理健康和精神卫生防治中心
2026-06-25 16:08:33 [INFO] 数据已存在，跳过解析并保留原数据：第四届“先行者——心理健康校园行”活动在郑州大学启动
2026-06-25 16:08:33 [INFO] 数据已存在，跳过解析并保留原数据：第二期青少年心理健康发展项目同伴支持省级师资培训在广西南宁成功举办
2026-06-25 16:08:33 [INFO] 数据已存在，跳过解析并保留原数据：“人生小满心相宜”艺术促进心理健康主题宣传活动在京举办
2026-06-25 16:08:33 [INFO] 数据已存在，跳过解析并保留原数据：“情系桑榆，爱满国心”
2026-06-25 16:08:33 [INFO] 数据已存在，跳过解析并保留原数据：无烟草青少年行动基金（TFKAF）访问国家心理健康和精神卫生防治中心
2026-06-25 16:08:33 [INFO] 数据已存在，跳过解析并保留原数据：第四届“先行者——心理健康校园行”活动在郑州大学启动
2026-06-25 16:08:33 [INFO] 数据已存在，跳过解析并保留原数据：第二期青少年心理健康发展项目同伴支持省级师资培训在广西南宁成功举办
2026-06-25 16:08:33 [INFO] 数据已存在，跳过解析并保留原数据：“人生小满心相宜”艺术促进心理健康主题宣传活动在京举办
2026-06-25 16:08:33 [INFO] 数据已存在，跳过解析并保留原数据：“情系桑榆，爱满国心”
2026-06-25 16:08:33 [INFO] 数据已存在，跳过解析并保留原数据：无烟草青少年行动基金（TFKAF）访问国家心理健康和精神卫生防治中心
2026-06-25 16:08:33 [INFO] 数据已存在，跳过解析并保留原数据：第四届“先行者——心理健康校园行”活动在郑州大学启动
2026-06-25 16:08:33 [INFO] 数据已存在，跳过解析并保留原数据：第二期青少年心理健康发展项目同伴支持省级师资培训在广西南宁成功举办
2026-06-25 16:08:33 [INFO] 数据已存在，跳过解析并保留原数据：“人生小满心相宜”艺术促进心理健康主题宣传活动在京举办
2026-06-25 16:08:33 [INFO] 数据已存在，跳过解析并保留原数据：“情系桑榆，爱满国心”
2026-06-25 16:08:33 [INFO] 数据已存在，跳过解析并保留原数据：无烟草青少年行动基金（TFKAF）访问国家心理健康和精神卫生防治中心
2026-06-25 16:08:33 [INFO] 数据已存在，跳过解析并保留原数据：第四届“先行者——心理健康校园行”活动在郑州大学启动
2026-06-25 16:08:33 [INFO] 数据已存在，跳过解析并保留原数据：第二期青少年心理健康发展项目同伴支持省级师资培训在广西南宁成功举办
2026-06-25 16:08:33 [INFO] 数据已存在，跳过解析并保留原数据：“人生小满心相宜”艺术促进心理健康主题宣传活动在京举办
2026-06-25 16:08:33 [INFO] 数据已存在，跳过解析并保留原数据：“情系桑榆，爱满国心”
2026-06-25 16:08:33 [INFO] 数据已存在，跳过解析并保留原数据：无烟草青少年行动基金（TFKAF）访问国家心理健康和精神卫生防治中心
2026-06-25 16:08:33 [INFO] 数据已存在，跳过解析并保留原数据：第四届“先行者——心理健康校园行”活动在郑州大学启动
2026-06-25 16:08:33 [INFO] 数据已存在，跳过解析并保留原数据：第二期青少年心理健康发展项目同伴支持省级师资培训在广西南宁成功举办
2026-06-25 16:08:33 [INFO] 数据已存在，跳过解析并保留原数据：“人生小满心相宜”艺术促进心理健康主题宣传活动在京举办
2026-06-25 16:08:33 [INFO] 数据已存在，跳过解析并保留原数据：“情系桑榆，爱满国心”
2026-06-25 16:08:33 [INFO] 数据已存在，跳过解析并保留原数据：无烟草青少年行动基金（TFKAF）访问国家心理健康和精神卫生防治中心
2026-06-25 16:08:33 [INFO] 数据已存在，跳过解析并保留原数据：第四届“先行者——心理健康校园行”活动在郑州大学启动
2026-06-25 16:08:33 [INFO] 数据已存在，跳过解析并保留原数据：第二期青少年心理健康发展项目同伴支持省级师资培训在广西南宁成功举办
2026-06-25 16:08:33 [INFO] 数据已存在，跳过解析并保留原数据：“人生小满心相宜”艺术促进心理健康主题宣传活动在京举办
2026-06-25 16:08:33 [INFO] 数据已存在，跳过解析并保留原数据：“情系桑榆，爱满国心”
2026-06-25 16:08:33 [INFO] 数据已存在，跳过解析并保留原数据：无烟草青少年行动基金（TFKAF）访问国家心理健康和精神卫生防治中心
2026-06-25 16:08:33 [INFO] 数据已存在，跳过解析并保留原数据：第四届“先行者——心理健康校园行”活动在郑州大学启动
2026-06-25 16:08:33 [INFO] 数据已存在，跳过解析并保留原数据：第二期青少年心理健康发展项目同伴支持省级师资培训在广西南宁成功举办
2026-06-25 16:08:33 [INFO] 数据已存在，跳过解析并保留原数据：“人生小满心相宜”艺术促进心理健康主题宣传活动在京举办
2026-06-25 16:08:33 [INFO] 数据已存在，跳过解析并保留原数据：“情系桑榆，爱满国心”
2026-06-25 16:08:33 [INFO] 数据已存在，跳过解析并保留原数据：无烟草青少年行动基金（TFKAF）访问国家心理健康和精神卫生防治中心
2026-06-25 16:08:33 [INFO] 数据已存在，跳过解析并保留原数据：第四届“先行者——心理健康校园行”活动在郑州大学启动
2026-06-25 16:08:33 [INFO] 数据已存在，跳过解析并保留原数据：第二期青少年心理健康发展项目同伴支持省级师资培训在广西南宁成功举办
2026-06-25 16:08:33 [INFO] 数据已存在，跳过解析并保留原数据：“人生小满心相宜”艺术促进心理健康主题宣传活动在京举办
2026-06-25 16:08:33 [INFO] 数据已存在，跳过解析并保留原数据：“情系桑榆，爱满国心”
2026-06-25 16:08:33 [INFO] 数据已存在，跳过解析并保留原数据：无烟草青少年行动基金（TFKAF）访问国家心理健康和精神卫生防治中心
2026-06-25 16:08:33 [INFO] 数据已存在，跳过解析并保留原数据：第四届“先行者——心理健康校园行”活动在郑州大学启动
2026-06-25 16:08:33 [INFO] 数据已存在，跳过解析并保留原数据：第二期青少年心理健康发展项目同伴支持省级师资培训在广西南宁成功举办
2026-06-25 16:08:33 [INFO] 数据已存在，跳过解析并保留原数据：“人生小满心相宜”艺术促进心理健康主题宣传活动在京举办
2026-06-25 16:08:33 [INFO] 数据已存在，跳过解析并保留原数据：“情系桑榆，爱满国心”
2026-06-25 16:08:33 [INFO] 数据已存在，跳过解析并保留原数据：无烟草青少年行动基金（TFKAF）访问国家心理健康和精神卫生防治中心
2026-06-25 16:08:33 [INFO] 数据已存在，跳过解析并保留原数据：第四届“先行者——心理健康校园行”活动在郑州大学启动
2026-06-25 16:08:33 [INFO] 数据已存在，跳过解析并保留原数据：第二期青少年心理健康发展项目同伴支持省级师资培训在广西南宁成功举办
2026-06-25 16:08:33 [INFO] 数据已存在，跳过解析并保留原数据：“人生小满心相宜”艺术促进心理健康主题宣传活动在京举办
2026-06-25 16:08:33 [INFO] 数据已存在，跳过解析并保留原数据：“情系桑榆，爱满国心”
2026-06-25 16:08:33 [INFO] 数据已存在，跳过解析并保留原数据：无烟草青少年行动基金（TFKAF）访问国家心理健康和精神卫生防治中心
2026-06-25 16:08:33 [INFO] 数据已存在，跳过解析并保留原数据：第四届“先行者——心理健康校园行”活动在郑州大学启动
2026-06-25 16:08:33 [INFO] 数据已存在，跳过解析并保留原数据：第二期青少年心理健康发展项目同伴支持省级师资培训在广西南宁成功举办
2026-06-25 16:08:33 [INFO] 数据已存在，跳过解析并保留原数据：“人生小满心相宜”艺术促进心理健康主题宣传活动在京举办
2026-06-25 16:08:33 [INFO] 数据已存在，跳过解析并保留原数据：“情系桑榆，爱满国心”
2026-06-25 16:08:33 [INFO] 数据已存在，跳过解析并保留原数据：无烟草青少年行动基金（TFKAF）访问国家心理健康和精神卫生防治中心
2026-06-25 16:08:33 [INFO] 数据已存在，跳过解析并保留原数据：第四届“先行者——心理健康校园行”活动在郑州大学启动
2026-06-25 16:08:33 [INFO] 数据已存在，跳过解析并保留原数据：第二期青少年心理健康发展项目同伴支持省级师资培训在广西南宁成功举办
2026-06-25 16:08:33 [INFO] 数据已存在，跳过解析并保留原数据：“人生小满心相宜”艺术促进心理健康主题宣传活动在京举办
2026-06-25 16:08:33 [INFO] 数据已存在，跳过解析并保留原数据：“情系桑榆，爱满国心”
2026-06-25 16:08:33 [INFO] 数据已存在，跳过解析并保留原数据：无烟草青少年行动基金（TFKAF）访问国家心理健康和精神卫生防治中心
2026-06-25 16:08:33 [INFO] 数据已存在，跳过解析并保留原数据：第四届“先行者——心理健康校园行”活动在郑州大学启动
2026-06-25 16:08:33 [INFO] 数据已存在，跳过解析并保留原数据：第二期青少年心理健康发展项目同伴支持省级师资培训在广西南宁成功举办
2026-06-25 16:08:33 [INFO] 数据已存在，跳过解析并保留原数据：“人生小满心相宜”艺术促进心理健康主题宣传活动在京举办
2026-06-25 16:08:33 [INFO] 数据已存在，跳过解析并保留原数据：“情系桑榆，爱满国心”
2026-06-25 16:08:33 [INFO] 数据已存在，跳过解析并保留原数据：无烟草青少年行动基金（TFKAF）访问国家心理健康和精神卫生防治中心
2026-06-25 16:08:33 [INFO] 数据已存在，跳过解析并保留原数据：第四届“先行者——心理健康校园行”活动在郑州大学启动
2026-06-25 16:08:33 [INFO] 数据已存在，跳过解析并保留原数据：第二期青少年心理健康发展项目同伴支持省级师资培训在广西南宁成功举办
2026-06-25 16:08:33 [INFO] 数据已存在，跳过解析并保留原数据：“人生小满心相宜”艺术促进心理健康主题宣传活动在京举办
2026-06-25 16:08:33 [INFO] 数据已存在，跳过解析并保留原数据：“情系桑榆，爱满国心”
2026-06-25 16:08:33 [INFO] 数据已存在，跳过解析并保留原数据：无烟草青少年行动基金（TFKAF）访问国家心理健康和精神卫生防治中心
2026-06-25 16:08:33 [INFO] 数据已存在，跳过解析并保留原数据：第四届“先行者——心理健康校园行”活动在郑州大学启动
2026-06-25 16:08:33 [INFO] 数据已存在，跳过解析并保留原数据：第二期青少年心理健康发展项目同伴支持省级师资培训在广西南宁成功举办
2026-06-25 16:08:33 [INFO] 数据已存在，跳过解析并保留原数据：“人生小满心相宜”艺术促进心理健康主题宣传活动在京举办
2026-06-25 16:08:33 [INFO] 数据已存在，跳过解析并保留原数据：“情系桑榆，爱满国心”
2026-06-25 16:08:33 [INFO] 数据已存在，跳过解析并保留原数据：无烟草青少年行动基金（TFKAF）访问国家心理健康和精神卫生防治中心
2026-06-25 16:08:33 [INFO] 数据已存在，跳过解析并保留原数据：第四届“先行者——心理健康校园行”活动在郑州大学启动
2026-06-25 16:08:33 [INFO] 数据已存在，跳过解析并保留原数据：第二期青少年心理健康发展项目同伴支持省级师资培训在广西南宁成功举办
2026-06-25 16:08:33 [INFO] 数据已存在，跳过解析并保留原数据：“人生小满心相宜”艺术促进心理健康主题宣传活动在京举办
2026-06-25 16:08:33 [INFO] 数据已存在，跳过解析并保留原数据：“情系桑榆，爱满国心”
2026-06-25 16:08:33 [INFO] 数据已存在，跳过解析并保留原数据：无烟草青少年行动基金（TFKAF）访问国家心理健康和精神卫生防治中心
2026-06-25 16:08:33 [INFO] 数据已存在，跳过解析并保留原数据：第四届“先行者——心理健康校园行”活动在郑州大学启动
2026-06-25 16:08:33 [INFO] 数据已存在，跳过解析并保留原数据：第二期青少年心理健康发展项目同伴支持省级师资培训在广西南宁成功举办
2026-06-25 16:08:33 [INFO] 数据已存在，跳过解析并保留原数据：“人生小满心相宜”艺术促进心理健康主题宣传活动在京举办
2026-06-25 16:08:33 [INFO] 数据已存在，跳过解析并保留原数据：“情系桑榆，爱满国心”
2026-06-25 16:08:33 [INFO] 数据已存在，跳过解析并保留原数据：无烟草青少年行动基金（TFKAF）访问国家心理健康和精神卫生防治中心
2026-06-25 16:08:33 [INFO] 数据已存在，跳过解析并保留原数据：第四届“先行者——心理健康校园行”活动在郑州大学启动
2026-06-25 16:08:33 [INFO] 数据已存在，跳过解析并保留原数据：第二期青少年心理健康发展项目同伴支持省级师资培训在广西南宁成功举办
2026-06-25 16:08:33 [INFO] 数据已存在，跳过解析并保留原数据：“人生小满心相宜”艺术促进心理健康主题宣传活动在京举办
2026-06-25 16:08:33 [INFO] 数据已存在，跳过解析并保留原数据：“情系桑榆，爱满国心”
2026-06-25 16:08:33 [INFO] 数据已存在，跳过解析并保留原数据：无烟草青少年行动基金（TFKAF）访问国家心理健康和精神卫生防治中心
2026-06-25 16:08:33 [INFO] 数据已存在，跳过解析并保留原数据：第四届“先行者——心理健康校园行”活动在郑州大学启动
2026-06-25 16:08:33 [INFO] 数据已存在，跳过解析并保留原数据：第二期青少年心理健康发展项目同伴支持省级师资培训在广西南宁成功举办
2026-06-25 16:08:33 [INFO] 数据已存在，跳过解析并保留原数据：“人生小满心相宜”艺术促进心理健康主题宣传活动在京举办
2026-06-25 16:08:33 [INFO] 数据已存在，跳过解析并保留原数据：“情系桑榆，爱满国心”
2026-06-25 16:08:33 [INFO] 数据已存在，跳过解析并保留原数据：无烟草青少年行动基金（TFKAF）访问国家心理健康和精神卫生防治中心
2026-06-25 16:08:33 [INFO] 数据已存在，跳过解析并保留原数据：第四届“先行者——心理健康校园行”活动在郑州大学启动
2026-06-25 16:08:33 [INFO] 数据已存在，跳过解析并保留原数据：第二期青少年心理健康发展项目同伴支持省级师资培训在广西南宁成功举办
2026-06-25 16:08:33 [INFO] 数据已存在，跳过解析并保留原数据：“人生小满心相宜”艺术促进心理健康主题宣传活动在京举办
2026-06-25 16:08:33 [INFO] 数据已存在，跳过解析并保留原数据：“情系桑榆，爱满国心”
2026-06-25 16:08:33 [INFO] 数据已存在，跳过解析并保留原数据：无烟草青少年行动基金（TFKAF）访问国家心理健康和精神卫生防治中心
2026-06-25 16:08:33 [INFO] 数据已存在，跳过解析并保留原数据：第四届“先行者——心理健康校园行”活动在郑州大学启动
2026-06-25 16:08:33 [INFO] 数据已存在，跳过解析并保留原数据：第二期青少年心理健康发展项目同伴支持省级师资培训在广西南宁成功举办
2026-06-25 16:08:33 [INFO] 数据已存在，跳过解析并保留原数据：“人生小满心相宜”艺术促进心理健康主题宣传活动在京举办
2026-06-25 16:08:33 [INFO] 数据已存在，跳过解析并保留原数据：“情系桑榆，爱满国心”
2026-06-25 16:08:33 [INFO] 数据已存在，跳过解析并保留原数据：无烟草青少年行动基金（TFKAF）访问国家心理健康和精神卫生防治中心
2026-06-25 16:08:33 [INFO] 数据已存在，跳过解析并保留原数据：第四届“先行者——心理健康校园行”活动在郑州大学启动
2026-06-25 16:08:33 [INFO] 数据已存在，跳过解析并保留原数据：第二期青少年心理健康发展项目同伴支持省级师资培训在广西南宁成功举办
2026-06-25 16:08:33 [INFO] 数据已存在，跳过解析并保留原数据：“人生小满心相宜”艺术促进心理健康主题宣传活动在京举办
2026-06-25 16:08:33 [INFO] 数据已存在，跳过解析并保留原数据：“情系桑榆，爱满国心”
2026-06-25 16:08:33 [INFO] 数据已存在，跳过解析并保留原数据：无烟草青少年行动基金（TFKAF）访问国家心理健康和精神卫生防治中心
2026-06-25 16:08:33 [INFO] 数据已存在，跳过解析并保留原数据：第四届“先行者——心理健康校园行”活动在郑州大学启动
2026-06-25 16:08:33 [INFO] 数据已存在，跳过解析并保留原数据：第二期青少年心理健康发展项目同伴支持省级师资培训在广西南宁成功举办
2026-06-25 16:08:33 [INFO] 数据已存在，跳过解析并保留原数据：“人生小满心相宜”艺术促进心理健康主题宣传活动在京举办
2026-06-25 16:08:33 [INFO] 数据已存在，跳过解析并保留原数据：“情系桑榆，爱满国心”
2026-06-25 16:08:33 [INFO] 数据已存在，跳过解析并保留原数据：无烟草青少年行动基金（TFKAF）访问国家心理健康和精神卫生防治中心
2026-06-25 16:08:33 [INFO] 数据已存在，跳过解析并保留原数据：第四届“先行者——心理健康校园行”活动在郑州大学启动
2026-06-25 16:08:33 [INFO] 数据已存在，跳过解析并保留原数据：第二期青少年心理健康发展项目同伴支持省级师资培训在广西南宁成功举办
2026-06-25 16:08:33 [INFO] 数据已存在，跳过解析并保留原数据：“人生小满心相宜”艺术促进心理健康主题宣传活动在京举办
2026-06-25 16:08:33 [INFO] 数据已存在，跳过解析并保留原数据：“情系桑榆，爱满国心”
2026-06-25 16:08:33 [INFO] 数据已存在，跳过解析并保留原数据：无烟草青少年行动基金（TFKAF）访问国家心理健康和精神卫生防治中心
2026-06-25 16:08:33 [INFO] 数据已存在，跳过解析并保留原数据：第四届“先行者——心理健康校园行”活动在郑州大学启动
2026-06-25 16:08:33 [INFO] 数据已存在，跳过解析并保留原数据：第二期青少年心理健康发展项目同伴支持省级师资培训在广西南宁成功举办
2026-06-25 16:08:33 [INFO] 数据已存在，跳过解析并保留原数据：“人生小满心相宜”艺术促进心理健康主题宣传活动在京举办
2026-06-25 16:08:33 [INFO] 数据已存在，跳过解析并保留原数据：“情系桑榆，爱满国心”
2026-06-25 16:08:33 [INFO] 数据已存在，跳过解析并保留原数据：无烟草青少年行动基金（TFKAF）访问国家心理健康和精神卫生防治中心
2026-06-25 16:08:33 [INFO] 数据已存在，跳过解析并保留原数据：第四届“先行者——心理健康校园行”活动在郑州大学启动
2026-06-25 16:08:33 [INFO] 数据已存在，跳过解析并保留原数据：第二期青少年心理健康发展项目同伴支持省级师资培训在广西南宁成功举办
2026-06-25 16:08:33 [INFO] 数据已存在，跳过解析并保留原数据：“人生小满心相宜”艺术促进心理健康主题宣传活动在京举办
2026-06-25 16:08:33 [INFO] 数据已存在，跳过解析并保留原数据：“情系桑榆，爱满国心”
2026-06-25 16:08:33 [INFO] 数据已存在，跳过解析并保留原数据：无烟草青少年行动基金（TFKAF）访问国家心理健康和精神卫生防治中心
2026-06-25 16:08:33 [INFO] 数据已存在，跳过解析并保留原数据：第四届“先行者——心理健康校园行”活动在郑州大学启动
2026-06-25 16:08:33 [INFO] 数据已存在，跳过解析并保留原数据：第二期青少年心理健康发展项目同伴支持省级师资培训在广西南宁成功举办
2026-06-25 16:08:33 [INFO] 数据已存在，跳过解析并保留原数据：“人生小满心相宜”艺术促进心理健康主题宣传活动在京举办
2026-06-25 16:08:33 [INFO] 数据已存在，跳过解析并保留原数据：“情系桑榆，爱满国心”
2026-06-25 16:08:33 [INFO] 数据已存在，跳过解析并保留原数据：无烟草青少年行动基金（TFKAF）访问国家心理健康和精神卫生防治中心
2026-06-25 16:08:33 [INFO] 数据已存在，跳过解析并保留原数据：第四届“先行者——心理健康校园行”活动在郑州大学启动
2026-06-25 16:08:33 [INFO] 数据已存在，跳过解析并保留原数据：第二期青少年心理健康发展项目同伴支持省级师资培训在广西南宁成功举办
2026-06-25 16:08:33 [INFO] 数据已存在，跳过解析并保留原数据：“人生小满心相宜”艺术促进心理健康主题宣传活动在京举办
2026-06-25 16:08:33 [INFO] 数据已存在，跳过解析并保留原数据：“情系桑榆，爱满国心”
2026-06-25 16:08:33 [INFO] 数据已存在，跳过解析并保留原数据：无烟草青少年行动基金（TFKAF）访问国家心理健康和精神卫生防治中心
2026-06-25 16:08:33 [INFO] 数据已存在，跳过解析并保留原数据：第四届“先行者——心理健康校园行”活动在郑州大学启动
2026-06-25 16:08:33 [INFO] 数据已存在，跳过解析并保留原数据：第二期青少年心理健康发展项目同伴支持省级师资培训在广西南宁成功举办
2026-06-25 16:08:33 [INFO] 数据已存在，跳过解析并保留原数据：“人生小满心相宜”艺术促进心理健康主题宣传活动在京举办
2026-06-25 16:08:33 [INFO] 数据已存在，跳过解析并保留原数据：“情系桑榆，爱满国心”
2026-06-25 16:08:33 [INFO] 数据已存在，跳过解析并保留原数据：无烟草青少年行动基金（TFKAF）访问国家心理健康和精神卫生防治中心
2026-06-25 16:08:33 [INFO] 数据已存在，跳过解析并保留原数据：第四届“先行者——心理健康校园行”活动在郑州大学启动
2026-06-25 16:08:33 [INFO] 数据已存在，跳过解析并保留原数据：第二期青少年心理健康发展项目同伴支持省级师资培训在广西南宁成功举办
2026-06-25 16:08:33 [INFO] 数据已存在，跳过解析并保留原数据：“人生小满心相宜”艺术促进心理健康主题宣传活动在京举办
2026-06-25 16:08:33 [INFO] 数据已存在，跳过解析并保留原数据：“情系桑榆，爱满国心”
2026-06-25 16:08:33 [INFO] 数据已存在，跳过解析并保留原数据：无烟草青少年行动基金（TFKAF）访问国家心理健康和精神卫生防治中心
2026-06-25 16:08:33 [INFO] 数据已存在，跳过解析并保留原数据：第四届“先行者——心理健康校园行”活动在郑州大学启动
2026-06-25 16:08:33 [INFO] 数据已存在，跳过解析并保留原数据：第二期青少年心理健康发展项目同伴支持省级师资培训在广西南宁成功举办
2026-06-25 16:08:33 [INFO] 数据已存在，跳过解析并保留原数据：“人生小满心相宜”艺术促进心理健康主题宣传活动在京举办
2026-06-25 16:08:33 [INFO] 数据已存在，跳过解析并保留原数据：“情系桑榆，爱满国心”
2026-06-25 16:08:33 [INFO] 数据已存在，跳过解析并保留原数据：无烟草青少年行动基金（TFKAF）访问国家心理健康和精神卫生防治中心
2026-06-25 16:08:33 [INFO] 数据已存在，跳过解析并保留原数据：第四届“先行者——心理健康校园行”活动在郑州大学启动
2026-06-25 16:08:33 [INFO] 数据已存在，跳过解析并保留原数据：第二期青少年心理健康发展项目同伴支持省级师资培训在广西南宁成功举办
2026-06-25 16:08:33 [INFO] 数据已存在，跳过解析并保留原数据：“人生小满心相宜”艺术促进心理健康主题宣传活动在京举办
2026-06-25 16:08:33 [INFO] 数据已存在，跳过解析并保留原数据：“情系桑榆，爱满国心”
2026-06-25 16:08:33 [INFO] 数据已存在，跳过解析并保留原数据：无烟草青少年行动基金（TFKAF）访问国家心理健康和精神卫生防治中心
2026-06-25 16:08:33 [INFO] 数据已存在，跳过解析并保留原数据：第四届“先行者——心理健康校园行”活动在郑州大学启动
2026-06-25 16:08:33 [INFO] 数据已存在，跳过解析并保留原数据：第二期青少年心理健康发展项目同伴支持省级师资培训在广西南宁成功举办
2026-06-25 16:08:33 [INFO] 数据已存在，跳过解析并保留原数据：“人生小满心相宜”艺术促进心理健康主题宣传活动在京举办
2026-06-25 16:08:33 [INFO] 数据已存在，跳过解析并保留原数据：“情系桑榆，爱满国心”
2026-06-25 16:08:33 [INFO] 数据已存在，跳过解析并保留原数据：无烟草青少年行动基金（TFKAF）访问国家心理健康和精神卫生防治中心
2026-06-25 16:08:33 [INFO] 数据已存在，跳过解析并保留原数据：第四届“先行者——心理健康校园行”活动在郑州大学启动
2026-06-25 16:08:33 [INFO] 数据已存在，跳过解析并保留原数据：第二期青少年心理健康发展项目同伴支持省级师资培训在广西南宁成功举办
2026-06-25 16:08:33 [INFO] 数据已存在，跳过解析并保留原数据：“人生小满心相宜”艺术促进心理健康主题宣传活动在京举办
2026-06-25 16:08:33 [INFO] 数据已存在，跳过解析并保留原数据：“情系桑榆，爱满国心”
2026-06-25 16:08:33 [INFO] 数据已存在，跳过解析并保留原数据：无烟草青少年行动基金（TFKAF）访问国家心理健康和精神卫生防治中心
2026-06-25 16:08:33 [INFO] 数据已存在，跳过解析并保留原数据：第四届“先行者——心理健康校园行”活动在郑州大学启动
2026-06-25 16:08:33 [INFO] 数据已存在，跳过解析并保留原数据：第二期青少年心理健康发展项目同伴支持省级师资培训在广西南宁成功举办
2026-06-25 16:08:33 [INFO] 数据已存在，跳过解析并保留原数据：“人生小满心相宜”艺术促进心理健康主题宣传活动在京举办
2026-06-25 16:08:33 [INFO] 数据已存在，跳过解析并保留原数据：“情系桑榆，爱满国心”
2026-06-25 16:08:33 [INFO] 数据已存在，跳过解析并保留原数据：无烟草青少年行动基金（TFKAF）访问国家心理健康和精神卫生防治中心
2026-06-25 16:08:33 [INFO] 数据已存在，跳过解析并保留原数据：第四届“先行者——心理健康校园行”活动在郑州大学启动
2026-06-25 16:08:33 [INFO] 数据已存在，跳过解析并保留原数据：第二期青少年心理健康发展项目同伴支持省级师资培训在广西南宁成功举办
2026-06-25 16:08:33 [INFO] 数据已存在，跳过解析并保留原数据：“人生小满心相宜”艺术促进心理健康主题宣传活动在京举办
2026-06-25 16:08:33 [INFO] 数据已存在，跳过解析并保留原数据：“情系桑榆，爱满国心”
2026-06-25 16:08:33 [INFO] 数据已存在，跳过解析并保留原数据：无烟草青少年行动基金（TFKAF）访问国家心理健康和精神卫生防治中心
2026-06-25 16:08:33 [INFO] 数据已存在，跳过解析并保留原数据：第四届“先行者——心理健康校园行”活动在郑州大学启动
2026-06-25 16:08:33 [INFO] 数据已存在，跳过解析并保留原数据：第二期青少年心理健康发展项目同伴支持省级师资培训在广西南宁成功举办
2026-06-25 16:08:33 [INFO] 数据已存在，跳过解析并保留原数据：“人生小满心相宜”艺术促进心理健康主题宣传活动在京举办
2026-06-25 16:08:33 [INFO] 数据已存在，跳过解析并保留原数据：“情系桑榆，爱满国心”
2026-06-25 16:08:33 [INFO] 数据已存在，跳过解析并保留原数据：无烟草青少年行动基金（TFKAF）访问国家心理健康和精神卫生防治中心
2026-06-25 16:08:33 [INFO] 数据已存在，跳过解析并保留原数据：第四届“先行者——心理健康校园行”活动在郑州大学启动
2026-06-25 16:08:33 [INFO] 数据已存在，跳过解析并保留原数据：第二期青少年心理健康发展项目同伴支持省级师资培训在广西南宁成功举办
2026-06-25 16:08:33 [INFO] 数据已存在，跳过解析并保留原数据：“人生小满心相宜”艺术促进心理健康主题宣传活动在京举办
2026-06-25 16:08:33 [INFO] 数据已存在，跳过解析并保留原数据：“情系桑榆，爱满国心”
2026-06-25 16:08:33 [INFO] 数据已存在，跳过解析并保留原数据：无烟草青少年行动基金（TFKAF）访问国家心理健康和精神卫生防治中心
2026-06-25 16:08:33 [INFO] 数据已存在，跳过解析并保留原数据：第四届“先行者——心理健康校园行”活动在郑州大学启动
2026-06-25 16:08:33 [INFO] 数据已存在，跳过解析并保留原数据：第二期青少年心理健康发展项目同伴支持省级师资培训在广西南宁成功举办
2026-06-25 16:08:33 [INFO] 数据已存在，跳过解析并保留原数据：“人生小满心相宜”艺术促进心理健康主题宣传活动在京举办
2026-06-25 16:08:33 [INFO] 数据已存在，跳过解析并保留原数据：“情系桑榆，爱满国心”
2026-06-25 16:08:33 [INFO] 数据已存在，跳过解析并保留原数据：无烟草青少年行动基金（TFKAF）访问国家心理健康和精神卫生防治中心
2026-06-25 16:08:33 [INFO] 数据已存在，跳过解析并保留原数据：第四届“先行者——心理健康校园行”活动在郑州大学启动
2026-06-25 16:08:33 [INFO] 数据已存在，跳过解析并保留原数据：第二期青少年心理健康发展项目同伴支持省级师资培训在广西南宁成功举办
2026-06-25 16:08:33 [INFO] 数据已存在，跳过解析并保留原数据：“人生小满心相宜”艺术促进心理健康主题宣传活动在京举办
2026-06-25 16:08:33 [INFO] 数据已存在，跳过解析并保留原数据：“情系桑榆，爱满国心”
2026-06-25 16:08:33 [INFO] 数据已存在，跳过解析并保留原数据：无烟草青少年行动基金（TFKAF）访问国家心理健康和精神卫生防治中心
2026-06-25 16:08:33 [INFO] 数据已存在，跳过解析并保留原数据：第四届“先行者——心理健康校园行”活动在郑州大学启动
2026-06-25 16:08:33 [INFO] 数据已存在，跳过解析并保留原数据：第二期青少年心理健康发展项目同伴支持省级师资培训在广西南宁成功举办
2026-06-25 16:08:33 [INFO] 数据已存在，跳过解析并保留原数据：“人生小满心相宜”艺术促进心理健康主题宣传活动在京举办
2026-06-25 16:08:33 [INFO] 数据已存在，跳过解析并保留原数据：“情系桑榆，爱满国心”
2026-06-25 16:08:33 [INFO] 数据已存在，跳过解析并保留原数据：无烟草青少年行动基金（TFKAF）访问国家心理健康和精神卫生防治中心
2026-06-25 16:08:33 [INFO] 数据已存在，跳过解析并保留原数据：第四届“先行者——心理健康校园行”活动在郑州大学启动
2026-06-25 16:08:33 [INFO] 数据已存在，跳过解析并保留原数据：第二期青少年心理健康发展项目同伴支持省级师资培训在广西南宁成功举办
2026-06-25 16:08:33 [INFO] 数据已存在，跳过解析并保留原数据：“人生小满心相宜”艺术促进心理健康主题宣传活动在京举办
2026-06-25 16:08:33 [INFO] 数据已存在，跳过解析并保留原数据：“情系桑榆，爱满国心”
2026-06-25 16:08:33 [INFO] 数据已存在，跳过解析并保留原数据：无烟草青少年行动基金（TFKAF）访问国家心理健康和精神卫生防治中心
2026-06-25 16:08:33 [INFO] 数据已存在，跳过解析并保留原数据：第四届“先行者——心理健康校园行”活动在郑州大学启动
2026-06-25 16:08:33 [INFO] 数据已存在，跳过解析并保留原数据：第二期青少年心理健康发展项目同伴支持省级师资培训在广西南宁成功举办
2026-06-25 16:08:33 [INFO] 数据已存在，跳过解析并保留原数据：“人生小满心相宜”艺术促进心理健康主题宣传活动在京举办
2026-06-25 16:08:33 [INFO] 数据已存在，跳过解析并保留原数据：“情系桑榆，爱满国心”
2026-06-25 16:08:33 [INFO] 数据已存在，跳过解析并保留原数据：无烟草青少年行动基金（TFKAF）访问国家心理健康和精神卫生防治中心
2026-06-25 16:08:33 [INFO] 数据已存在，跳过解析并保留原数据：第四届“先行者——心理健康校园行”活动在郑州大学启动
2026-06-25 16:08:33 [INFO] 数据已存在，跳过解析并保留原数据：第二期青少年心理健康发展项目同伴支持省级师资培训在广西南宁成功举办
2026-06-25 16:08:33 [INFO] 数据已存在，跳过解析并保留原数据：“人生小满心相宜”艺术促进心理健康主题宣传活动在京举办
2026-06-25 16:08:33 [INFO] 数据已存在，跳过解析并保留原数据：“情系桑榆，爱满国心”
2026-06-25 16:08:33 [INFO] 数据已存在，跳过解析并保留原数据：无烟草青少年行动基金（TFKAF）访问国家心理健康和精神卫生防治中心
2026-06-25 16:08:33 [INFO] 数据已存在，跳过解析并保留原数据：第四届“先行者——心理健康校园行”活动在郑州大学启动
2026-06-25 16:08:33 [INFO] 数据已存在，跳过解析并保留原数据：第二期青少年心理健康发展项目同伴支持省级师资培训在广西南宁成功举办
2026-06-25 16:08:33 [INFO] 数据已存在，跳过解析并保留原数据：“人生小满心相宜”艺术促进心理健康主题宣传活动在京举办
2026-06-25 16:08:33 [INFO] 数据已存在，跳过解析并保留原数据：“情系桑榆，爱满国心”
2026-06-25 16:08:33 [INFO] 数据已存在，跳过解析并保留原数据：无烟草青少年行动基金（TFKAF）访问国家心理健康和精神卫生防治中心
2026-06-25 16:08:33 [INFO] 数据已存在，跳过解析并保留原数据：第四届“先行者——心理健康校园行”活动在郑州大学启动
2026-06-25 16:08:33 [INFO] 数据已存在，跳过解析并保留原数据：第二期青少年心理健康发展项目同伴支持省级师资培训在广西南宁成功举办
2026-06-25 16:08:33 [INFO] 数据已存在，跳过解析并保留原数据：“人生小满心相宜”艺术促进心理健康主题宣传活动在京举办
2026-06-25 16:08:33 [INFO] 数据已存在，跳过解析并保留原数据：“情系桑榆，爱满国心”
2026-06-25 16:08:33 [INFO] 数据已存在，跳过解析并保留原数据：无烟草青少年行动基金（TFKAF）访问国家心理健康和精神卫生防治中心
2026-06-25 16:08:33 [INFO] 数据已存在，跳过解析并保留原数据：第四届“先行者——心理健康校园行”活动在郑州大学启动
2026-06-25 16:08:33 [INFO] [国家心理健康和精神卫生防治中心] 爬取完毕！成功 277 条，失败 0 条，数据保存至：D:\LZH\A-Project\Crawler311\corpus_crawler\Crawler_Gov\data\output\ncmhc_all_documents.jsonl

2026-06-25 16:08:33 [INFO] ============== 成功加载 [广东省卫生健康委员会] 解析器 ==============
2026-06-25 16:08:36 [INFO] [广东省卫生健康委员会] 首页 warm-up 成功，已建立 Session/Cookie
2026-06-25 16:08:36 [INFO] 开始爬取：广东省卫生健康委员会，共 3 个栏目
2026-06-25 16:08:36 [INFO] >>> 开始爬取栏目：公卫信息
2026-06-25 16:08:38 [INFO] 列表页请求成功：https://wsjkw.gd.gov.cn/zwyw_yqxx/index.html，状态码：200
2026-06-25 16:08:38 [INFO] 栏目 [公卫信息] 第 1 页解析到 20 条
2026-06-25 16:08:40 [INFO] 列表页请求成功：https://wsjkw.gd.gov.cn/zwyw_yqxx/index_2.html，状态码：200
2026-06-25 16:08:40 [INFO] 栏目 [公卫信息] 第 2 页解析到 20 条
2026-06-25 16:08:41 [INFO] 列表页请求成功：https://wsjkw.gd.gov.cn/zwyw_yqxx/index_3.html，状态码：200
2026-06-25 16:08:42 [INFO] 栏目 [公卫信息] 第 3 页解析到 20 条
2026-06-25 16:08:43 [INFO] 列表页请求成功：https://wsjkw.gd.gov.cn/zwyw_yqxx/index_4.html，状态码：200
2026-06-25 16:08:43 [INFO] 栏目 [公卫信息] 第 4 页解析到 20 条
2026-06-25 16:08:45 [INFO] 列表页请求成功：https://wsjkw.gd.gov.cn/zwyw_yqxx/index_5.html，状态码：200
2026-06-25 16:08:45 [INFO] 栏目 [公卫信息] 第 5 页解析到 20 条
2026-06-25 16:08:46 [INFO] 列表页请求成功：https://wsjkw.gd.gov.cn/zwyw_yqxx/index_6.html，状态码：200
2026-06-25 16:08:46 [INFO] 栏目 [公卫信息] 第 6 页解析到 20 条
2026-06-25 16:08:48 [INFO] 列表页请求成功：https://wsjkw.gd.gov.cn/zwyw_yqxx/index_7.html，状态码：200
2026-06-25 16:08:48 [INFO] 栏目 [公卫信息] 第 7 页解析到 20 条
2026-06-25 16:08:50 [INFO] 列表页请求成功：https://wsjkw.gd.gov.cn/zwyw_yqxx/index_8.html，状态码：200
2026-06-25 16:08:50 [INFO] 栏目 [公卫信息] 第 8 页解析到 20 条
2026-06-25 16:08:51 [INFO] 列表页请求成功：https://wsjkw.gd.gov.cn/zwyw_yqxx/index_9.html，状态码：200
2026-06-25 16:08:51 [INFO] 栏目 [公卫信息] 第 9 页解析到 20 条
2026-06-25 16:08:53 [INFO] 列表页请求成功：https://wsjkw.gd.gov.cn/zwyw_yqxx/index_10.html，状态码：200
2026-06-25 16:08:53 [INFO] 栏目 [公卫信息] 第 10 页解析到 20 条
2026-06-25 16:08:55 [INFO] 列表页请求成功：https://wsjkw.gd.gov.cn/zwyw_yqxx/index_11.html，状态码：200
2026-06-25 16:08:55 [INFO] 栏目 [公卫信息] 第 11 页解析到 20 条
2026-06-25 16:08:56 [INFO] 列表页请求成功：https://wsjkw.gd.gov.cn/zwyw_yqxx/index_12.html，状态码：200
2026-06-25 16:08:56 [INFO] 栏目 [公卫信息] 第 12 页解析到 20 条
2026-06-25 16:08:58 [INFO] 列表页请求成功：https://wsjkw.gd.gov.cn/zwyw_yqxx/index_13.html，状态码：200
2026-06-25 16:08:58 [INFO] 栏目 [公卫信息] 第 13 页解析到 20 条
2026-06-25 16:09:00 [INFO] 列表页请求成功：https://wsjkw.gd.gov.cn/zwyw_yqxx/index_14.html，状态码：200
2026-06-25 16:09:00 [INFO] 栏目 [公卫信息] 第 14 页解析到 20 条
2026-06-25 16:09:02 [INFO] 列表页请求成功：https://wsjkw.gd.gov.cn/zwyw_yqxx/index_15.html，状态码：200
2026-06-25 16:09:02 [INFO] 栏目 [公卫信息] 第 15 页解析到 20 条
2026-06-25 16:09:03 [INFO] 列表页请求成功：https://wsjkw.gd.gov.cn/zwyw_yqxx/index_16.html，状态码：200
2026-06-25 16:09:03 [INFO] 栏目 [公卫信息] 第 16 页解析到 20 条
2026-06-25 16:09:05 [INFO] 列表页请求成功：https://wsjkw.gd.gov.cn/zwyw_yqxx/index_17.html，状态码：200
2026-06-25 16:09:05 [INFO] 栏目 [公卫信息] 第 17 页解析到 20 条
2026-06-25 16:09:06 [INFO] 列表页请求成功：https://wsjkw.gd.gov.cn/zwyw_yqxx/index_18.html，状态码：200
2026-06-25 16:09:06 [INFO] 栏目 [公卫信息] 第 18 页解析到 20 条
2026-06-25 16:09:08 [INFO] 列表页请求成功：https://wsjkw.gd.gov.cn/zwyw_yqxx/index_19.html，状态码：200
2026-06-25 16:09:08 [INFO] 栏目 [公卫信息] 第 19 页解析到 20 条
2026-06-25 16:09:10 [INFO] 列表页请求成功：https://wsjkw.gd.gov.cn/zwyw_yqxx/index_20.html，状态码：200
2026-06-25 16:09:10 [INFO] 栏目 [公卫信息] 第 20 页解析到 20 条
2026-06-25 16:09:11 [INFO] 列表页请求成功：https://wsjkw.gd.gov.cn/zwyw_yqxx/index_21.html，状态码：200
2026-06-25 16:09:11 [INFO] 栏目 [公卫信息] 第 21 页解析到 20 条
2026-06-25 16:09:13 [INFO] 列表页请求成功：https://wsjkw.gd.gov.cn/zwyw_yqxx/index_22.html，状态码：200
2026-06-25 16:09:13 [INFO] 栏目 [公卫信息] 第 22 页解析到 20 条
2026-06-25 16:09:15 [INFO] 列表页请求成功：https://wsjkw.gd.gov.cn/zwyw_yqxx/index_23.html，状态码：200
2026-06-25 16:09:15 [INFO] 栏目 [公卫信息] 第 23 页解析到 20 条
2026-06-25 16:09:16 [INFO] 列表页请求成功：https://wsjkw.gd.gov.cn/zwyw_yqxx/index_24.html，状态码：200
2026-06-25 16:09:16 [INFO] 栏目 [公卫信息] 第 24 页解析到 20 条
2026-06-25 16:09:18 [INFO] 列表页请求成功：https://wsjkw.gd.gov.cn/zwyw_yqxx/index_25.html，状态码：200
2026-06-25 16:09:18 [INFO] 栏目 [公卫信息] 第 25 页解析到 17 条
2026-06-25 16:09:20 [INFO] 列表页请求成功：https://wsjkw.gd.gov.cn/zwyw_yqxx/index_26.html，状态码：200
2026-06-25 16:09:20 [INFO] 栏目 [公卫信息] 第 26 页解析到 0 条
2026-06-25 16:09:20 [INFO] 栏目 [公卫信息] 当前页未解析到任何数据，自动判断已达最后一页，停止翻页！
2026-06-25 16:09:20 [INFO] 数据已存在，跳过解析并保留原数据：广东省疾病预防控制局公布2026年5月全省法定传染病疫情概况
2026-06-25 16:09:20 [INFO] 数据已存在，跳过解析并保留原数据：广东省疾病预防控制局公布2026年4月全省突发公共卫生事件信息
2026-06-25 16:09:20 [INFO] 数据已存在，跳过解析并保留原数据：广东省疾病预防控制局公布2026年4月全省法定传染病疫情概况
2026-06-25 16:09:20 [INFO] 数据已存在，跳过解析并保留原数据：广东省疾病预防控制局公布2026年3月全省突发公共卫生事件信息
2026-06-25 16:09:20 [INFO] 数据已存在，跳过解析并保留原数据：广东省疾病预防控制局公布2026年3月全省法定传染病疫情概况
2026-06-25 16:09:20 [INFO] 数据已存在，跳过解析并保留原数据：广东省疾病预防控制局公布2026年2月全省突发公共卫生事件信息
2026-06-25 16:09:20 [INFO] 数据已存在，跳过解析并保留原数据：广东省疾病预防控制局公布2026年2月全省法定传染病疫情概况
2026-06-25 16:09:20 [INFO] 数据已存在，跳过解析并保留原数据：广东省疾病预防控制局公布2026年1月全省突发公共卫生事件信息
2026-06-25 16:09:20 [INFO] 数据已存在，跳过解析并保留原数据：广东省疾病预防控制局公布2026年1月全省法定传染病疫情概况
2026-06-25 16:09:20 [INFO] 数据已存在，跳过解析并保留原数据：广东省疾病预防控制局公布2025年12月全省突发公共卫生事件信息
2026-06-25 16:09:20 [INFO] 数据已存在，跳过解析并保留原数据：广东省疾病预防控制局公布2025年12月全省法定传染病疫情概况
2026-06-25 16:09:20 [INFO] 数据已存在，跳过解析并保留原数据：广东省疾病预防控制局公布2025年11月全省突发公共卫生事件信息
2026-06-25 16:09:20 [INFO] 数据已存在，跳过解析并保留原数据：广东省疾病预防控制局公布2025年11月全省法定传染病疫情概况
2026-06-25 16:09:20 [INFO] 数据已存在，跳过解析并保留原数据：广东省疾病预防控制局公布2025年10月全省突发公共卫生事件信息
2026-06-25 16:09:20 [INFO] 数据已存在，跳过解析并保留原数据：广东省疾病预防控制局公布2025年10月全省法定传染病疫情概况
2026-06-25 16:09:20 [INFO] 数据已存在，跳过解析并保留原数据：广东省疾病预防控制局公布2025年9月全省突发公共卫生事件信息
2026-06-25 16:09:20 [INFO] 数据已存在，跳过解析并保留原数据：广东省疾病预防控制局公布2025年9月全省法定传染病疫情概况
2026-06-25 16:09:20 [INFO] 数据已存在，跳过解析并保留原数据：广东省疾病预防控制局公布2025年8月全省突发公共卫生事件信息
2026-06-25 16:09:20 [INFO] 数据已存在，跳过解析并保留原数据：广东省疾病预防控制局公布2025年8月全省法定传染病疫情概况
2026-06-25 16:09:20 [INFO] 数据已存在，跳过解析并保留原数据：广东省疾病预防控制局公布2025年7月全省突发公共卫生事件信息
2026-06-25 16:09:20 [INFO] 数据已存在，跳过解析并保留原数据：广东省疾病预防控制局公布2025年7月全省法定传染病疫情概况
2026-06-25 16:09:20 [INFO] 数据已存在，跳过解析并保留原数据：广东省疾病预防控制局公布2025年6月全省法定传染病疫情概况
2026-06-25 16:09:20 [INFO] 数据已存在，跳过解析并保留原数据：广东省疾病预防控制局公布2025年6月全省突发公共卫生事件信息
2026-06-25 16:09:20 [INFO] 数据已存在，跳过解析并保留原数据：广东省疾病预防控制局公布2025年5月全省突发公共卫生事件信息
2026-06-25 16:09:20 [INFO] 数据已存在，跳过解析并保留原数据：广东省疾病预防控制局公布2025年5月全省法定传染病疫情概况
2026-06-25 16:09:20 [INFO] 数据已存在，跳过解析并保留原数据：广东省疾病预防控制局公布2025年4月全省突发公共卫生事件信息
2026-06-25 16:09:20 [INFO] 数据已存在，跳过解析并保留原数据：广东省疾病预防控制局公布2025年4月全省法定传染病疫情概况
2026-06-25 16:09:20 [INFO] 数据已存在，跳过解析并保留原数据：广东省疾病预防控制局公布2025年3月全省突发公共卫生事件信息
2026-06-25 16:09:20 [INFO] 数据已存在，跳过解析并保留原数据：广东省疾病预防控制局公布2025年3月全省法定传染病疫情概况
2026-06-25 16:09:20 [INFO] 数据已存在，跳过解析并保留原数据：广东省疾病预防控制局公布2025年2月全省法定传染病疫情概况
2026-06-25 16:09:20 [INFO] 数据已存在，跳过解析并保留原数据：广东省疾病预防控制局公布2025年2月全省突发公共卫生事件信息
2026-06-25 16:09:20 [INFO] 数据已存在，跳过解析并保留原数据：广东省疾病预防控制局公布2025年1月全省法定传染病疫情概况
2026-06-25 16:09:20 [INFO] 数据已存在，跳过解析并保留原数据：广东省疾病预防控制局公布2025年1月全省突发公共卫生事件信息
2026-06-25 16:09:20 [INFO] 数据已存在，跳过解析并保留原数据：广东省疾病预防控制局公布2024年12月全省突发公共卫生事件信息
2026-06-25 16:09:20 [INFO] 数据已存在，跳过解析并保留原数据：广东省疾病预防控制局公布2024年12月全省法定传染病疫情概况
2026-06-25 16:09:20 [INFO] 数据已存在，跳过解析并保留原数据：广东省疾病预防控制局公布2024年11月全省法定传染病疫情概况
2026-06-25 16:09:20 [INFO] 数据已存在，跳过解析并保留原数据：广东省疾病预防控制局公布2024年11月全省突发公共卫生事件信息
2026-06-25 16:09:20 [INFO] 数据已存在，跳过解析并保留原数据：广东省疾病预防控制局公布2024年10月全省法定传染病疫情概况
2026-06-25 16:09:20 [INFO] 数据已存在，跳过解析并保留原数据：广东省疾病预防控制局公布2024年10月全省突发公共卫生事件信息
2026-06-25 16:09:20 [INFO] 数据已存在，跳过解析并保留原数据：广东省疾病预防控制局公布2024年9月全省法定传染病疫情概况
2026-06-25 16:18:22 [INFO] 正在下载正文附件: 蚊媒高密度地区表1-5.doc
2026-06-25 16:37:47 [INFO] >>> 开始爬取栏目：规范性文件库
2026-06-25 16:37:50 [INFO] 列表页请求成功：https://wsjkw.gd.gov.cn/gkmlpt/search?type=standardSearch，状态码：200
2026-06-25 16:37:52 [INFO] 栏目 [规范性文件库] 第 1 页解析到 132 条
2026-06-25 16:37:52 [INFO] 数据已存在，跳过解析并保留原数据：广东省卫生健康委员会 广东省疾病预防控制局关于印发《广东省医疗卫生信用信息管理办法》的通知
2026-06-25 16:37:52 [INFO] 数据已存在，跳过解析并保留原数据：广东省卫生健康委员会 广东省财政厅关于印发《广东省育儿补贴制度实施方案》的通知
2026-06-25 16:37:52 [INFO] 数据已存在，跳过解析并保留原数据：广东省卫生健康委 广东省财政厅关于延长《关于对广东省有关计划生育奖励扶助制度补充规定的通知》有效期的通知
2026-06-25 16:37:52 [INFO] 数据已存在，跳过解析并保留原数据：广东省卫生健康委关于进一步保障全省无偿献血者优先用血的通知
2026-06-25 16:37:52 [INFO] 数据已存在，跳过解析并保留原数据：广东省卫生健康委关于印发《广东省储血点设置管理规范（试行）》的通知
2026-06-25 16:37:52 [INFO] 数据已存在，跳过解析并保留原数据：广东省卫生健康委员会 广东省中医药局 广东省疾病预防控制局关于印发《广东省综合医院精神科建设与管理指南》的通知
2026-06-25 16:37:54 [INFO] 正在下载正文附件: 1.疾病应急救助基金申请流程图（参考）.docx
2026-06-25 16:37:54 [ERROR] 正文附件下载失败: 1.疾病应急救助基金申请流程图（参考）.docx, 目标链接: https://wsjkw.gd.gov.cn/attachment/0/576/576330/4687563.docx
2026-06-25 16:37:54 [INFO] 正在下载正文附件: 2.疾病应急救助基金申请表（个人）.docx
2026-06-25 16:37:55 [ERROR] 正文附件下载失败: 2.疾病应急救助基金申请表（个人）.docx, 目标链接: https://wsjkw.gd.gov.cn/attachment/0/576/576331/4687563.docx
2026-06-25 16:37:55 [INFO] 正在下载正文附件: 3.疾病应急救助基金申请表（单位）.docx
2026-06-25 16:37:55 [ERROR] 正文附件下载失败: 3.疾病应急救助基金申请表（单位）.docx, 目标链接: https://wsjkw.gd.gov.cn/attachment/0/576/576332/4687563.docx
2026-06-25 16:37:57 [INFO] 数据已存在，跳过解析并保留原数据：广东省卫生健康委关于印发职业健康专家库管理办法的通知
2026-06-25 16:37:57 [INFO] 数据已存在，跳过解析并保留原数据：广东省卫生健康委关于印发职业卫生技术服务机构资质认可实施细则的通知
2026-06-25 16:37:57 [INFO] 数据已存在，跳过解析并保留原数据：广东省卫生健康委关于印发职业健康检查机构备案实施办法的通知
2026-06-25 16:37:57 [INFO] 数据已存在，跳过解析并保留原数据：广东省卫生健康委关于印发职业病诊断医师管理办法的通知
2026-06-25 16:37:57 [INFO] 数据已存在，跳过解析并保留原数据：广东省卫生健康委办公室关于印发《广东省慢性阻塞性肺疾病患者健康服务规范实施工作指引（试行）》的通知
2026-06-25 16:37:57 [INFO] 数据已存在，跳过解析并保留原数据：广东省卫生健康委关于印发新生儿疾病筛查管理办法的通知
2026-06-25 16:37:57 [INFO] 数据已存在，跳过解析并保留原数据：广东省卫生健康委 广东省中医药局关于进一步规范取得内地医学专业学历的境外人员参加国家医师资格考试前实习申请工作的通知
2026-06-25 16:37:57 [INFO] 数据已存在，跳过解析并保留原数据：广东省卫生健康委 广东省中医药局关于进一步规范医疗机构审批管理的通知
2026-06-25 16:37:57 [INFO] 数据已存在，跳过解析并保留原数据：广东省卫生健康委 广东省中医药局关于印发医疗质量控制中心管理办法的通知
2026-06-25 16:37:57 [INFO] 数据已存在，跳过解析并保留原数据：广东省卫生健康委 广东省发展改革委关于印发普惠性托育服务机构认定和管理办法的通知
2026-06-25 16:37:59 [INFO] 正在下载正文附件: 1.广东省卫生健康系统依法分类处理信访诉求清单（2024年版）.docx
2026-06-25 16:37:59 [ERROR] 正文附件下载失败: 1.广东省卫生健康系统依法分类处理信访诉求清单（2024年版）.docx, 目标链接: https://wsjkw.gd.gov.cn/attachment/0/551/551111/4435465.docx
2026-06-25 16:37:59 [INFO] 正在下载正文附件: 2.广东省卫生健康系统依法依规处理信访事项“导引图”.pdf
2026-06-25 16:38:00 [ERROR] 正文附件下载失败: 2.广东省卫生健康系统依法依规处理信访事项“导引图”.pdf, 目标链接: https://wsjkw.gd.gov.cn/attachment/0/551/551112/4435465.pdf
2026-06-25 16:38:00 [INFO] 正在下载正文附件: 3.答复文书模板（2024年版）.doc
2026-06-25 16:38:00 [ERROR] 正文附件下载失败: 3.答复文书模板（2024年版）.doc, 目标链接: https://wsjkw.gd.gov.cn/attachment/0/551/551113/4435465.doc
2026-06-25 16:38:01 [INFO] 数据已存在，跳过解析并保留原数据：广东省卫生健康委关于印发广东省推进卫生健康领域设备设施迭代升级工作方案的通知
2026-06-25 16:38:01 [INFO] 数据已存在，跳过解析并保留原数据：广东省卫生健康委 广东省财政厅关于印发《广东省出生缺陷综合防控项目管理方案（2024—2026年）》的通知
2026-06-25 16:38:01 [INFO] 数据已存在，跳过解析并保留原数据：广东省卫生健康委关于印发职业病诊断鉴定管理规定的通知
2026-06-25 16:38:01 [INFO] 数据已存在，跳过解析并保留原数据：广东省卫生健康委关于印发医疗技术临床应用管理实施细则的通知
2026-06-25 16:38:01 [INFO] 数据已存在，跳过解析并保留原数据：关于印发《广东省卫生健康委 广东省公安厅关于出生医学证明的管理办法》的通知
2026-06-25 16:38:01 [INFO] 数据已存在，跳过解析并保留原数据：关于印发广东省深化医药卫生体制改革近期重点工作任务的通知
2026-06-25 16:38:01 [INFO] 数据已存在，跳过解析并保留原数据：广东省卫生健康委办公室关于印发广东省基层卫生健康十条便民惠民服务措施的通知
2026-06-25 16:38:01 [INFO] 数据已存在，跳过解析并保留原数据：广东省卫生健康委 广东省财政厅 广东省中医药局关于印发广东省2023年国家基本公共卫生服务项目实施方案的通知
2026-06-25 16:38:01 [INFO] 数据已存在，跳过解析并保留原数据：广东省财政厅等6部门关于印发《广东省道路交通事故社会救助基金管理实施细则（2022年修订）》的通知
2026-06-25 16:38:01 [INFO] 数据已存在，跳过解析并保留原数据：健康广东行动推进委员会办公室关于印发健康广东行动2023年工作要点的通知
2026-06-25 16:38:01 [INFO] 数据已存在，跳过解析并保留原数据：广东省卫生健康委关于印发《广东省百名卫生首席专家下基层计划实施方案（2023—2025年）》的通知
2026-06-25 16:38:01 [INFO] 数据已存在，跳过解析并保留原数据：广东省卫生健康委关于印发广东省非免疫规划疫苗接种方案（2023年版）的通知
2026-06-25 16:38:01 [INFO] 数据已存在，跳过解析并保留原数据：广东省卫生健康委关于印发《广东省卫生健康委业务主管社会组织管理办法（试行）》的通知
2026-06-25 16:38:01 [INFO] 数据已存在，跳过解析并保留原数据：广东省卫生健康委办公室关于落实麻醉药品和第一类精神药品购用许可改革措施的通知
2026-06-25 16:38:01 [INFO] 数据已存在，跳过解析并保留原数据：广东省卫生健康委员会关于废止《广东省托儿所幼儿园卫生保健管理办法》等规范性文件的决定
2026-06-25 16:38:01 [INFO] 数据已存在，跳过解析并保留原数据：广东省卫生健康委 广东省财政厅关于对广东省有关计划生育奖励扶助制度补充规定的通知
2026-06-25 16:38:01 [INFO] 数据已存在，跳过解析并保留原数据：广东省卫生健康委关于印发《广东省卫生健康委员会关于生育登记和再生育审批的管理办法》的通知
2026-06-25 16:38:01 [INFO] 数据已存在，跳过解析并保留原数据：广东省卫生健康委关于向社会公开征求《广东省卫生健康委关于废止〈广东省托儿所幼儿园卫生保健管理办法〉等规范性文件的决定》意见的通告
2026-06-25 16:38:01 [INFO] 数据已存在，跳过解析并保留原数据：广东省卫生健康委关于全面加强全省单采血浆站管理工作的通知
2026-06-25 16:38:01 [INFO] 数据已存在，跳过解析并保留原数据：广东省卫生健康委关于印发《广东省无偿献血临床用血费用直接减免服务工作规范》的通知
2026-06-25 16:38:01 [INFO] 数据已存在，跳过解析并保留原数据：广东省卫生健康委关于印发广东省非免疫规划疫苗集中采购实施方案的通知
2026-06-25 16:38:01 [INFO] 数据已存在，跳过解析并保留原数据：广东省卫生健康委关于进一步加强医疗美容管理的通知
2026-06-25 16:38:01 [INFO] 数据已存在，跳过解析并保留原数据：广东省卫生健康委关于印发广东省乡村医生注册管理试行办法的通知
2026-06-25 16:38:01 [INFO] 数据已存在，跳过解析并保留原数据：关于印发广东省加强社会心理服务体系建设实施意见的通知
2026-06-25 16:38:03 [INFO] 正在下载正文附件: 1.广东省尘肺病防治攻坚行动具体工作目标和责任分解一览表.docx
2026-06-25 16:38:04 [ERROR] 正文附件下载失败: 1.广东省尘肺病防治攻坚行动具体工作目标和责任分解一览表.docx, 目标链接: https://wsjkw.gd.gov.cn/attachment/0/377/377466/2651652.docx
2026-06-25 16:38:04 [INFO] 正在下载正文附件: 2.广东省尘肺病防治攻坚行动主要政策措施清单.docx
2026-06-25 16:38:04 [ERROR] 正文附件下载失败: 2.广东省尘肺病防治攻坚行动主要政策措施清单.docx, 目标链接: https://wsjkw.gd.gov.cn/attachment/0/377/377467/2651652.docx
2026-06-25 16:38:06 [INFO] 数据已存在，跳过解析并保留原数据：广东省卫生健康委关于印发《广东省卫生健康委员会职业健康专家库管理办法》的通知
2026-06-25 16:38:06 [INFO] 数据已存在，跳过解析并保留原数据：广东省卫生健康委关于印发《广东省卫生健康委员会职业健康检查机构备案实施办法》的通知
2026-06-25 16:38:06 [INFO] 数据已存在，跳过解析并保留原数据：广东省卫生健康委关于印发乙类大型医用设备配置许可与监督管理办法的通知
2026-06-25 16:38:06 [INFO] 数据已存在，跳过解析并保留原数据：广东省卫生健康委员会关于废止《广东省卫生厅关于公共场所卫生许可证发放的管理办法》等规范性文件的通知
2026-06-25 16:38:06 [INFO] 数据已存在，跳过解析并保留原数据：广东省卫生健康委办公室关于印发广东省多种疫苗同时接种指导意见（2019年版）的通知
2026-06-25 16:38:06 [INFO] 数据已存在，跳过解析并保留原数据：广东省卫生健康委 广东省中医药局关于印发广东省医联体建设指引（试行）的通知
2026-06-25 16:38:06 [INFO] 数据已存在，跳过解析并保留原数据：关于加强医疗机构药事管理和药品控费推动药学服务高质量发展的通知
2026-06-25 16:38:06 [INFO] 数据已存在，跳过解析并保留原数据：广东省卫生计生委 广东省人力资源社会保障厅关于印发《广东省基层医疗卫生机构院长 （主任）目标管理责任制绩效考核 指导意见》的通知
2026-06-25 16:38:06 [INFO] 数据已存在，跳过解析并保留原数据：关于印发《广东省卫生和计划生育委员会 广东省中医药局关于连锁中医医疗机构管理的试行办法》的通知
2026-06-25 16:38:06 [INFO] 数据已存在，跳过解析并保留原数据：广东省卫生计生委 广东省民政厅 广东省财政厅 广东保监局 关于印发广东省预防接种异常反应补偿保险实施方案的通知
2026-06-25 16:38:06 [INFO] 数据已存在，跳过解析并保留原数据：广东省卫生计生委关于印发《广东省卫生和计划生育委员会关于职业病鉴定的管理规定》的通知
2026-06-25 16:38:06 [INFO] 数据已存在，跳过解析并保留原数据：广东省卫生计生委现行有效的规范性文件目录
2026-06-25 16:38:06 [INFO] 数据已存在，跳过解析并保留原数据：广东省卫生计生委关于印发《广东省卫生计生委关于组织开展医疗技术临床应用事中事后监管政策试点工作的实施方案》的通知
2026-06-25 16:38:06 [INFO] 数据已存在，跳过解析并保留原数据：计划生育手术并发症人员特别扶助制度实施办法
2026-06-25 16:38:06 [INFO] 数据已存在，跳过解析并保留原数据：广东省农村计划生育节育奖励办法
2026-06-25 16:38:06 [INFO] 数据已存在，跳过解析并保留原数据：广东省流动人口计划生育服务管理工作规范（试 行）
2026-06-25 16:38:06 [INFO] 数据已存在，跳过解析并保留原数据：广东省计划生育家庭特别扶助制度实施细则
2026-06-25 16:38:06 [INFO] 数据已存在，跳过解析并保留原数据：广东省计划生育家庭特别扶助制度实施方案
2026-06-25 16:38:06 [INFO] 数据已存在，跳过解析并保留原数据：广东省计划生育服务证管理办法
2026-06-25 16:38:06 [INFO] 数据已存在，跳过解析并保留原数据：广东省人口和计划生育委员会科研项目管理办法
2026-06-25 16:38:06 [INFO] 数据已存在，跳过解析并保留原数据：广东省病残儿医学鉴定管理办法实施细则
2026-06-25 16:38:06 [INFO] 数据已存在，跳过解析并保留原数据：广东省卫生计生委关于组织开展医疗技术临床应用事中事后监管政策试点工作的实施方案
2026-06-25 16:38:06 [INFO] 数据已存在，跳过解析并保留原数据：广东省卫生计生委关于开展人体器官移植医师培训与认定工作的实施方案
2026-06-25 16:38:06 [INFO] 数据已存在，跳过解析并保留原数据：广东省卫生计生委关于废止《关于印发广东省计划生育孕情检查工作管理办法的通知》等规范性文件的决定
2026-06-25 16:38:06 [INFO] 数据已存在，跳过解析并保留原数据：广东省卫生计生委 广东省公安厅关于出生医学证明的管理办法
2026-06-25 16:38:06 [INFO] 数据已存在，跳过解析并保留原数据：广东省卫生计生委关于公共场所卫生检验、检测、评价机构技术能力考核的管理办法
2026-06-25 16:38:06 [INFO] 数据已存在，跳过解析并保留原数据：广东省卫生计生委关于新、改、扩建公共场所建设项目预防性卫生审查的程序规定
2026-06-25 16:38:06 [INFO] 数据已存在，跳过解析并保留原数据：广东省卫生计生委关于公共场所卫生许可证发放的管理办法
2026-06-25 16:38:06 [INFO] 数据已存在，跳过解析并保留原数据：广东省卫生和计划生育委员会关于生育登记和再生育审批的暂行管理办法
2026-06-25 16:38:06 [INFO] 数据已存在，跳过解析并保留原数据：广东省卫生计生委 广东省中医药局关于医师多点执业的管理办法
2026-06-25 16:38:06 [INFO] 数据已存在，跳过解析并保留原数据：关于住院医师规范化培训的实施办法（试行）
2026-06-25 16:38:06 [INFO] 数据已存在，跳过解析并保留原数据：广东省疾病应急救助制度实施细则
2026-06-25 16:38:06 [INFO] 数据已存在，跳过解析并保留原数据：广东省卫生计生委关于废止《广东省医疗卫生机构及其工作人员索要、收受“红包”、回扣责任追究暂行办法》等规范性文件的决定
2026-06-25 16:38:06 [INFO] 数据已存在，跳过解析并保留原数据：广东省卫生和计划生育委员会关于公立医疗机构收费内部管理的办法
2026-06-25 16:38:06 [INFO] 数据已存在，跳过解析并保留原数据：广东省卫生和计划生育委员会 广东省公安厅广东省食品药品监督管理局关于戒毒药物维持治疗延伸服药点设置的规定
2026-06-25 16:38:06 [INFO] 数据已存在，跳过解析并保留原数据：广东省卫生和计划生育委员会关于职业健康检查机构资质认定和职业病诊断机构资质认定监督管理办法（试行）
2026-06-25 16:38:06 [INFO] 数据已存在，跳过解析并保留原数据：广东省卫生和计划生育委员会关于医疗美容主诊医师从业资质及执业的管理办法（试行）
2026-06-25 16:38:06 [INFO] 数据已存在，跳过解析并保留原数据：广东省卫生和计划生育委员会 广东省物价局 广东省食品药品监督管理局 关于广东省医疗机构药品交易申（投）诉的处理办法
2026-06-25 16:38:06 [INFO] 数据已存在，跳过解析并保留原数据：关于印发广东省城镇生活饮用水卫生监测方案的通知
2026-06-25 16:38:06 [INFO] 数据已存在，跳过解析并保留原数据：药品集中采购监督管理办法
2026-06-25 16:38:06 [INFO] 数据已存在，跳过解析并保留原数据：医疗卫生服务单位信息公开管理办法
2026-06-25 16:38:06 [INFO] 数据已存在，跳过解析并保留原数据：关于印发《右下肢、双下肢残疾人驾驶机动车身体条件规定》的通知
2026-06-25 16:38:06 [INFO] 数据已存在，跳过解析并保留原数据：关于进一步规范入学和就业体检项目维护乙肝表面抗原携带者入学和就业权利的通知
2026-06-25 16:38:06 [INFO] 数据已存在，跳过解析并保留原数据：关于加强民营医院党建工作会议的紧急通知
2026-06-25 16:38:06 [INFO] 数据已存在，跳过解析并保留原数据：关于进一步做好民营医疗机构党组织组建工作的紧急通知
2026-06-25 16:38:06 [INFO] 数据已存在，跳过解析并保留原数据：转发关于评选表彰基层医疗卫生单位学习实践活动指导工作先进集体和先进个人的通知
2026-06-25 16:38:06 [INFO] 数据已存在，跳过解析并保留原数据：关于做好民营医院党建情况统计的紧急通知
2026-06-25 16:38:06 [INFO] 数据已存在，跳过解析并保留原数据：关于召开全省第三批学习实践活动基层医疗卫生单位工作座谈会的通知
2026-06-25 16:38:06 [INFO] 数据已存在，跳过解析并保留原数据：关于报送基层医疗卫生单位深入学习实践科学发展观活动典型事例的紧急通知
2026-06-25 16:38:06 [INFO] 数据已存在，跳过解析并保留原数据：广东省医务人员医德考评实施办法（09.12）
2026-06-25 16:38:06 [INFO] 数据已存在，跳过解析并保留原数据：关于印发改革药品和医疗服务价格形成机制的意见的通知
2026-06-25 16:38:06 [INFO] 数据已存在，跳过解析并保留原数据：《分析查摆问题指引》和《分析检查报告选编》下载
2026-06-25 16:38:06 [INFO] 数据已存在，跳过解析并保留原数据：关于填报《第三批学习实践活动情况统计表》的紧急通知
2026-06-25 16:38:06 [INFO] 数据已存在，跳过解析并保留原数据：关于做好基层医疗卫生单位深入学习实践科学发展观活动分析检查阶段有关工作的通知(粤学办发〔2009〕43号)
2026-06-25 16:38:06 [INFO] 数据已存在，跳过解析并保留原数据：关于印发广东省基本公共卫生服务项目及项目实施方案的通知
2026-06-25 16:38:06 [INFO] 数据已存在，跳过解析并保留原数据：关于印发广东省重大公共卫生服务项目实施方案的通知
2026-06-25 16:38:06 [INFO] 数据已存在，跳过解析并保留原数据：关于召开全省基层医疗卫生单位学习实践科学发展观活动工作汇报会的紧急通知（粤卫学组发〔2009〕5号）
2026-06-25 16:38:06 [INFO] 数据已存在，跳过解析并保留原数据：关于报送基层医疗卫生单位深入学习实践科学发展观活动第一阶段有关情况的紧急通知
2026-06-25 16:38:06 [INFO] 数据已存在，跳过解析并保留原数据：关于进一步做好基层医疗卫生单位深入学习实践科学发展观活动的紧急通知
2026-06-25 16:38:06 [INFO] 数据已存在，跳过解析并保留原数据：关于做好2009年下半年新型农村合作医疗工作的通知
2026-06-25 16:38:06 [INFO] 数据已存在，跳过解析并保留原数据：关于印发2009年全省卫生工作要点的通知
2026-06-25 16:38:06 [INFO] 数据已存在，跳过解析并保留原数据：关于印发广东省加强综合医院康复医学科管理指导意见的通知
2026-06-25 16:38:06 [INFO] 数据已存在，跳过解析并保留原数据：关于印发广东省流感大流行卫生应急预案（试行）的通知
2026-06-25 16:38:06 [INFO] 数据已存在，跳过解析并保留原数据：关于公布我省首批开展产前诊断新生儿疾病筛查技术服务机构的通知
2026-06-25 16:38:06 [INFO] 数据已存在，跳过解析并保留原数据：关于印发广东省整治消毒产品违法宣传疗效和添加药物专项行动实施方案的通知
2026-06-25 16:38:06 [INFO] 数据已存在，跳过解析并保留原数据：关于印发广东省加强综合医院康复医学科管理指导意见的通知
2026-06-25 16:38:06 [INFO] 数据已存在，跳过解析并保留原数据：关于印发《广东省精神卫生工作体系发展实施意见(2009年-2015年)》的通知
2026-06-25 16:38:06 [INFO] 数据已存在，跳过解析并保留原数据：广东省卫生厅关于贯彻落实卫生部《食品安全企业标准备案办法》的通知
2026-06-25 16:38:06 [INFO] 数据已存在，跳过解析并保留原数据：关于贯彻2011年起全国医疗卫生系统全面禁烟的决定的实施意见
2026-06-25 16:38:06 [INFO] 数据已存在，跳过解析并保留原数据：关于做好2009年继续医学教育周期验证工作的通知
2026-06-25 16:38:06 [INFO] 数据已存在，跳过解析并保留原数据：关于进一步加强毕业后医学教育管理工作的通知
2026-06-25 16:38:06 [INFO] 数据已存在，跳过解析并保留原数据：关于精简厅机关文件会议的通知
2026-06-25 16:38:06 [INFO] 数据已存在，跳过解析并保留原数据：关于加强麻疹疫苗强化免疫工作的通知
2026-06-25 16:38:06 [INFO] 数据已存在，跳过解析并保留原数据：关于婴儿出生当年享受新型农村合作医疗保障问题的通知
2026-06-25 16:38:06 [INFO] 数据已存在，跳过解析并保留原数据：关于印发2009年广东省纠正医药购销和医疗服务中不正之风工作实施意见的通知
2026-06-25 16:38:06 [INFO] 数据已存在，跳过解析并保留原数据：关于婴儿出生当年享受新型农村合作医疗保障问题的通知
2026-06-25 16:38:06 [INFO] 数据已存在，跳过解析并保留原数据：关于做好贯彻实施《政府信息公开条例》工作的通知
2026-06-25 16:38:06 [INFO] 数据已存在，跳过解析并保留原数据：关于申报2009年度广东省医学科研基金的通知
2026-06-25 16:38:06 [INFO] 数据已存在，跳过解析并保留原数据：关于印发广东省卫生厅食用含三聚氰胺奶粉婴幼儿医疗救治工作应急预案的通知
2026-06-25 16:38:06 [INFO] 数据已存在，跳过解析并保留原数据：广东省卫生厅实施行政许可规定
2026-06-25 16:38:06 [INFO] 数据已存在，跳过解析并保留原数据：广东省卫生厅制订规范性文件规定
2026-06-25 16:38:06 [INFO] 数据已存在，跳过解析并保留原数据：关于城市社区卫生服务中心规范化建设的通知
2026-06-25 16:38:09 [INFO] 正在下载正文附件: 印发《广东省农村初级卫生保健评审认定办法》及《广东省农村初级卫生保健工作督导制度》的通知.doc
2026-06-25 16:38:09 [ERROR] 正文附件下载失败: 印发《广东省农村初级卫生保健评审认定办法》及《广东省农村初级卫生保健工作督导制度》的通知.doc, 目标链接: https://wsjkw.gd.gov.cn/attachements/2019/01/24/a2afab87272b47fc368590de2954bdbd.doc
2026-06-25 16:38:11 [INFO] 数据已存在，跳过解析并保留原数据：关于进一步加强疫苗管理工作的通知
2026-06-25 16:38:11 [INFO] 数据已存在，跳过解析并保留原数据：广东省卫生厅关于进一步规范医疗机构设置审批管理的通知
2026-06-25 16:38:11 [INFO] 数据已存在，跳过解析并保留原数据：关于印发《广东省“村卫生站医生”补贴资金拨付实施办法》的通知
2026-06-25 16:38:11 [INFO] 数据已存在，跳过解析并保留原数据：关于印发《广东省农村卫生站医生补贴办法》的通知
2026-06-25 16:38:13 [INFO] 正在下载正文附件: 1.市年度省财政补贴村卫生站医生审核表(总表).doc
2026-06-25 16:38:13 [ERROR] 正文附件下载失败: 1.市年度省财政补贴村卫生站医生审核表(总表).doc, 目标链接: https://wsjkw.gd.gov.cn/attachements/2019/01/24/722d365c14c52d92261e2e4c37340344.doc
2026-06-25 16:38:13 [INFO] 正在下载正文附件: 2.市年度省财政补贴村卫生站医生审核表(明细表).doc
2026-06-25 16:38:13 [ERROR] 正文附件下载失败: 2.市年度省财政补贴村卫生站医生审核表(明细表).doc, 目标链接: https://wsjkw.gd.gov.cn/attachements/2019/01/24/b05d821f3fd5f54dc7f383bb4598b7b1.doc
2026-06-25 16:38:16 [INFO] 数据已存在，跳过解析并保留原数据：关于印发《广东省医疗服务信息公示制度》的通知
2026-06-25 16:38:16 [INFO] >>> 开始爬取栏目：政策解读
2026-06-25 16:38:18 [INFO] 列表页请求成功：https://wsjkw.gd.gov.cn/hdjl_zcjd/index.html，状态码：200
2026-06-25 16:38:18 [INFO] 栏目 [政策解读] 第 1 页解析到 20 条
2026-06-25 16:38:20 [INFO] 列表页请求成功：https://wsjkw.gd.gov.cn/hdjl_zcjd/index_2.html，状态码：200
2026-06-25 16:38:20 [INFO] 栏目 [政策解读] 第 2 页解析到 20 条
2026-06-25 16:38:21 [INFO] 列表页请求成功：https://wsjkw.gd.gov.cn/hdjl_zcjd/index_3.html，状态码：200
2026-06-25 16:38:21 [INFO] 栏目 [政策解读] 第 3 页解析到 20 条
2026-06-25 16:38:23 [INFO] 列表页请求成功：https://wsjkw.gd.gov.cn/hdjl_zcjd/index_4.html，状态码：200
2026-06-25 16:38:23 [INFO] 栏目 [政策解读] 第 4 页解析到 20 条
2026-06-25 16:38:25 [INFO] 列表页请求成功：https://wsjkw.gd.gov.cn/hdjl_zcjd/index_5.html，状态码：200
2026-06-25 16:38:25 [INFO] 栏目 [政策解读] 第 5 页解析到 20 条
2026-06-25 16:38:26 [INFO] 列表页请求成功：https://wsjkw.gd.gov.cn/hdjl_zcjd/index_6.html，状态码：200
2026-06-25 16:38:26 [INFO] 栏目 [政策解读] 第 6 页解析到 20 条
2026-06-25 16:38:28 [INFO] 列表页请求成功：https://wsjkw.gd.gov.cn/hdjl_zcjd/index_7.html，状态码：200
2026-06-25 16:38:28 [INFO] 栏目 [政策解读] 第 7 页解析到 20 条
2026-06-25 16:38:30 [INFO] 列表页请求成功：https://wsjkw.gd.gov.cn/hdjl_zcjd/index_8.html，状态码：200
2026-06-25 16:38:30 [INFO] 栏目 [政策解读] 第 8 页解析到 20 条
2026-06-25 16:38:31 [INFO] 列表页请求成功：https://wsjkw.gd.gov.cn/hdjl_zcjd/index_9.html，状态码：200
2026-06-25 16:38:31 [INFO] 栏目 [政策解读] 第 9 页解析到 20 条
2026-06-25 16:38:33 [INFO] 列表页请求成功：https://wsjkw.gd.gov.cn/hdjl_zcjd/index_10.html，状态码：200
2026-06-25 16:38:33 [INFO] 栏目 [政策解读] 第 10 页解析到 15 条
2026-06-25 16:38:34 [INFO] 列表页请求成功：https://wsjkw.gd.gov.cn/hdjl_zcjd/index_11.html，状态码：200
2026-06-25 16:38:34 [INFO] 栏目 [政策解读] 第 11 页解析到 0 条
2026-06-25 16:38:34 [INFO] 栏目 [政策解读] 当前页未解析到任何数据，自动判断已达最后一页，停止翻页！
2026-06-25 16:38:34 [INFO] 数据已存在，跳过解析并保留原数据：《家庭病床服务指南（试行）》政策解读
2026-06-25 16:38:34 [INFO] 数据已存在，跳过解析并保留原数据：《生物医学新技术临床研究和临床转化应用管理条例》解读问答
2026-06-25 16:38:34 [INFO] 数据已存在，跳过解析并保留原数据：《关于印发生物医学新技术临床转化应用审批工作规范（试行）的通知》解读
2026-06-25 16:38:34 [INFO] 数据已存在，跳过解析并保留原数据：8部门发文保障儿童用药 “小药箱”装满“大关爱”
2026-06-25 16:38:34 [INFO] 数据已存在，跳过解析并保留原数据：关于药品价格、集采药监管、短缺药保供，五部门最新回应！
2026-06-25 16:38:34 [INFO] 数据已存在，跳过解析并保留原数据：《关于改革完善儿童用药供应保障机制的实施意见》政策解读
2026-06-25 16:38:34 [INFO] 数据已存在，跳过解析并保留原数据：一图读懂 《关于改革完善儿童用药供应保障机制的实施意见》
2026-06-25 16:38:34 [INFO] 数据已存在，跳过解析并保留原数据：《关于加快建设分级诊疗体系的若干措施》政策解读
2026-06-25 16:38:35 [INFO] 数据已存在，跳过解析并保留原数据：《健全社会心理服务体系和危机干预机制实施方案》解读
2026-06-25 16:38:35 [INFO] 数据已存在，跳过解析并保留原数据：将基孔肯雅热和发热伴血小板减少综合征纳入乙类传染病管理的政策解读
2026-06-25 16:38:35 [INFO] 数据已存在，跳过解析并保留原数据：《关于加强居民死亡医学证明信息登记和电子证照管理工作的通知》政策解读
2026-06-25 16:38:35 [INFO] 数据已存在，跳过解析并保留原数据：《关于印发第四批鼓励仿制药品目录的通知》政策解读
2026-06-25 16:38:35 [INFO] 数据已存在，跳过解析并保留原数据：一图读懂《广东省育儿补贴制度实施方案》
2026-06-25 16:38:35 [INFO] 数据已存在，跳过解析并保留原数据：《广东省育儿补贴制度实施方案》政策解读
2026-06-25 16:38:35 [INFO] 数据已存在，跳过解析并保留原数据：广东省育儿补贴申领正式全面开放
2026-06-25 16:38:35 [INFO] 数据已存在，跳过解析并保留原数据：《广东省“精神卫生服务年”行动实施方案（2025—2027年）》解读
2026-06-25 16:38:35 [INFO] 数据已存在，跳过解析并保留原数据：《广东省医疗机构提供免陪照护服务试点工作方案》一问一答
2026-06-25 16:38:35 [INFO] 数据已存在，跳过解析并保留原数据：《广东省医疗机构提供免陪照护服务试点工作方案》政策解读
2026-06-25 16:38:35 [INFO] 数据已存在，跳过解析并保留原数据：《广东省疾病应急救助制度实施细则（修订版）》解读
2026-06-25 16:38:35 [INFO] 数据已存在，跳过解析并保留原数据：《广东省综合医院精神科建设与管理指南》解读
2026-06-25 16:38:35 [INFO] 数据已存在，跳过解析并保留原数据：媒体评论：全民健康的接力赛，一个都不能少
2026-06-25 16:38:35 [INFO] 数据已存在，跳过解析并保留原数据：媒体评论：话不多说，赶紧去动一下！
2026-06-25 16:38:35 [INFO] 数据已存在，跳过解析并保留原数据：媒体评论：这场减“负”运动会，每个人都可以是冠军
2026-06-25 16:38:35 [INFO] 数据已存在，跳过解析并保留原数据：《广东省新生儿疾病筛查管理办法》政策解读
2026-06-25 16:38:35 [INFO] 数据已存在，跳过解析并保留原数据：《广东省卫生健康委员会 广东省药品监督管理局 广东省中医药局推进紧密型县域医疗卫生共同体中心药房建设实施方案》政策解读
2026-06-25 16:38:35 [INFO] 数据已存在，跳过解析并保留原数据：一图读懂《广东省深化医药卫生体制改革近期重点工作任务》
2026-06-25 16:38:35 [INFO] 数据已存在，跳过解析并保留原数据：《广东省深化医药卫生体制改革近期重点工作任务》政策解读
2026-06-25 16:38:35 [INFO] 数据已存在，跳过解析并保留原数据：媒体评论：在全社会营造尊医重卫的良好风尚
2026-06-25 16:38:35 [INFO] 数据已存在，跳过解析并保留原数据：一图读懂-广东省卫生健康委+广东省发展改革委关于普惠性托育服务机构的认定和管理办法
2026-06-25 16:38:35 [INFO] 数据已存在，跳过解析并保留原数据：广东省卫生健康委 广东省发展改革委关于普惠性托育服务机构的认定和管理办法政策解读
2026-06-25 16:38:35 [INFO] 数据已存在，跳过解析并保留原数据：一图读懂《广东省卫生健康委居民健康档案管理规范》
2026-06-25 16:38:35 [INFO] 数据已存在，跳过解析并保留原数据：《广东省卫生健康委居民健康档案管理规范》政策解读
2026-06-25 16:38:35 [INFO] 数据已存在，跳过解析并保留原数据：广东省启动老年痴呆防治促进行动
2026-06-25 16:38:35 [INFO] 数据已存在，跳过解析并保留原数据：一图读懂《广东省老年痴呆防治行动(2023—2025)》
2026-06-25 16:38:35 [INFO] 数据已存在，跳过解析并保留原数据：一图读懂《广东省加速消除宫颈癌行动计划（2023-2030年）》
2026-06-25 16:38:35 [INFO] 数据已存在，跳过解析并保留原数据：广东省加速消除宫颈癌行动计划（2023-2030年）政策解读
2026-06-25 16:38:35 [INFO] 数据已存在，跳过解析并保留原数据：广东省全面启动加速消除宫颈癌行动
2026-06-25 16:38:35 [INFO] 数据已存在，跳过解析并保留原数据：一图读懂《广东省进一步完善医疗卫生服务体系的实施方案》
2026-06-25 16:38:35 [INFO] 数据已存在，跳过解析并保留原数据：《广东省进一步完善医疗卫生服务体系的实施方案》解读
2026-06-25 16:38:35 [INFO] 数据已存在，跳过解析并保留原数据：《关于进一步完善和落实积极生育支持措施的实施意见》解读问答
2026-06-25 16:39:17 [INFO] 正在下载正文附件: HPV疫苗宣教材料.zip
2026-06-25 16:41:00 [INFO] 正在下载正文附件: 一图读懂《广东省适龄女生人乳头瘤病毒（HPV）疫苗免费接种工作方案（2022—2024年）》.jpg.bin
2026-06-25 16:41:01 [ERROR] 正文附件下载失败: 一图读懂《广东省适龄女生人乳头瘤病毒（HPV）疫苗免费接种工作方案（2022—2024年）》.jpg.bin, 目标链接: https://wsjkw.gd.gov.cn/attachment/0/473/473544/3659029.jpg
2026-06-25 16:41:19 [INFO] 正在下载正文附件: 一图读懂广东省婚前孕前健康检查.jpg.bin
2026-06-25 16:41:20 [ERROR] 正文附件下载失败: 一图读懂广东省婚前孕前健康检查.jpg.bin, 目标链接: https://wsjkw.gd.gov.cn/attachment/0/471/471929/3586018.jpg
2026-06-25 16:44:06 [INFO] 正在下载正文附件: 广东省卫生健康委关于印发《广东省卫生健康委员会职业病诊断医师管理办法》的通知.PDF
2026-06-25 16:44:29 [INFO] 正在下载正文附件: 宣传海报（5274cm）.pdf
2026-06-25 16:44:29 [ERROR] 正文附件下载失败: 宣传海报（5274cm）.pdf, 目标链接: https://wsjkw.gd.gov.cn/attachment/0/366/366800/2382977.pdf
2026-06-25 16:44:29 [INFO] 正在下载正文附件: 地中海贫血防治核心信息及知识要点宣传手册.pdf
2026-06-25 16:44:32 [INFO] 正在下载正文附件: 地中海贫血防治健康知识教育读本.pdf
2026-06-25 16:44:33 [ERROR] 正文附件下载失败: 地中海贫血防治健康知识教育读本.pdf, 目标链接: https://wsjkw.gd.gov.cn/attachment/0/366/366799/2382977.pdf
2026-06-25 16:50:41 [INFO] [广东省卫生健康委员会] 爬取完毕！成功 617 条，失败 0 条，数据保存至：D:\LZH\A-Project\Crawler311\corpus_crawler\Crawler_Gov\data\output\gdwsjkw_all_documents.jsonl

2026-06-25 16:56:11 [INFO] ============== 成功加载 [国家卫生健康委员会] 解析器 ==============
2026-06-25 16:56:17 [INFO] [国家卫生健康委员会] 首页 warm-up 成功，已建立 Session/Cookie
2026-06-25 16:56:17 [INFO] 开始爬取：国家卫生健康委员会，共 1 个栏目
2026-06-25 16:56:17 [INFO] >>> 开始爬取栏目：法规司-政策文件
2026-06-25 16:56:19 [INFO] 列表页请求成功：https://www.nhc.gov.cn/fzs/c100048/new_list.shtml，状态码：200
2026-06-25 16:56:19 [INFO] 栏目 [法规司-政策文件] 第 1 页解析到 28 条
2026-06-25 16:56:21 [INFO] 列表页请求成功：https://www.nhc.gov.cn/fzs/c100048/new_list_2.shtml，状态码：200
2026-06-25 16:56:21 [INFO] 栏目 [法规司-政策文件] 第 2 页解析到 28 条
2026-06-25 16:56:23 [INFO] 列表页请求成功：https://www.nhc.gov.cn/fzs/c100048/new_list_3.shtml，状态码：200
2026-06-25 16:56:23 [INFO] 栏目 [法规司-政策文件] 第 3 页解析到 28 条
2026-06-25 16:56:25 [INFO] 列表页请求成功：https://www.nhc.gov.cn/fzs/c100048/new_list_4.shtml，状态码：200
2026-06-25 16:56:25 [INFO] 栏目 [法规司-政策文件] 第 4 页解析到 28 条
2026-06-25 16:56:27 [INFO] 列表页请求成功：https://www.nhc.gov.cn/fzs/c100048/new_list_5.shtml，状态码：200
2026-06-25 16:56:27 [INFO] 栏目 [法规司-政策文件] 第 5 页解析到 28 条
2026-06-25 16:56:28 [INFO] 列表页请求成功：https://www.nhc.gov.cn/fzs/c100048/new_list_6.shtml，状态码：200
2026-06-25 16:56:28 [INFO] 栏目 [法规司-政策文件] 第 6 页解析到 28 条
2026-06-25 16:56:30 [INFO] 列表页请求成功：https://www.nhc.gov.cn/fzs/c100048/new_list_7.shtml，状态码：200
2026-06-25 16:56:30 [INFO] 栏目 [法规司-政策文件] 第 7 页解析到 28 条
2026-06-25 16:56:32 [INFO] 列表页请求成功：https://www.nhc.gov.cn/fzs/c100048/new_list_8.shtml，状态码：200
2026-06-25 16:56:32 [INFO] 栏目 [法规司-政策文件] 第 8 页解析到 28 条
2026-06-25 16:56:34 [INFO] 列表页请求成功：https://www.nhc.gov.cn/fzs/c100048/new_list_9.shtml，状态码：200
2026-06-25 16:56:34 [INFO] 栏目 [法规司-政策文件] 第 9 页解析到 28 条
2026-06-25 16:56:36 [INFO] 列表页请求成功：https://www.nhc.gov.cn/fzs/c100048/new_list_10.shtml，状态码：200
2026-06-25 16:56:36 [INFO] 栏目 [法规司-政策文件] 第 10 页解析到 28 条
2026-06-25 16:56:37 [INFO] 列表页请求成功：https://www.nhc.gov.cn/fzs/c100048/new_list_11.shtml，状态码：200
2026-06-25 16:56:37 [INFO] 栏目 [法规司-政策文件] 第 11 页解析到 28 条
2026-06-25 16:56:39 [INFO] 列表页请求成功：https://www.nhc.gov.cn/fzs/c100048/new_list_12.shtml，状态码：200
2026-06-25 16:56:39 [INFO] 栏目 [法规司-政策文件] 第 12 页解析到 28 条
2026-06-25 16:56:41 [INFO] 列表页请求成功：https://www.nhc.gov.cn/fzs/c100048/new_list_13.shtml，状态码：200
2026-06-25 16:56:41 [INFO] 栏目 [法规司-政策文件] 第 13 页解析到 28 条
2026-06-25 16:56:43 [INFO] 列表页请求成功：https://www.nhc.gov.cn/fzs/c100048/new_list_14.shtml，状态码：200
2026-06-25 16:56:43 [INFO] 栏目 [法规司-政策文件] 第 14 页解析到 28 条
2026-06-25 16:56:45 [INFO] 列表页请求成功：https://www.nhc.gov.cn/fzs/c100048/new_list_15.shtml，状态码：200
2026-06-25 16:56:45 [INFO] 栏目 [法规司-政策文件] 第 15 页解析到 28 条
2026-06-25 16:56:46 [INFO] 列表页请求成功：https://www.nhc.gov.cn/fzs/c100048/new_list_16.shtml，状态码：200
2026-06-25 16:56:46 [INFO] 栏目 [法规司-政策文件] 第 16 页解析到 28 条
2026-06-25 16:56:48 [INFO] 列表页请求成功：https://www.nhc.gov.cn/fzs/c100048/new_list_17.shtml，状态码：200
2026-06-25 16:56:48 [INFO] 栏目 [法规司-政策文件] 第 17 页解析到 28 条
2026-06-25 16:56:50 [INFO] 列表页请求成功：https://www.nhc.gov.cn/fzs/c100048/new_list_18.shtml，状态码：200
2026-06-25 16:56:50 [INFO] 栏目 [法规司-政策文件] 第 18 页解析到 28 条
2026-06-25 16:56:52 [INFO] 列表页请求成功：https://www.nhc.gov.cn/fzs/c100048/new_list_19.shtml，状态码：200
2026-06-25 16:56:52 [INFO] 栏目 [法规司-政策文件] 第 19 页解析到 28 条
2026-06-25 16:56:54 [INFO] 列表页请求成功：https://www.nhc.gov.cn/fzs/c100048/new_list_20.shtml，状态码：200
2026-06-25 16:56:54 [INFO] 栏目 [法规司-政策文件] 第 20 页解析到 28 条
2026-06-25 16:56:55 [INFO] 列表页请求成功：https://www.nhc.gov.cn/fzs/c100048/new_list_21.shtml，状态码：200
2026-06-25 16:56:55 [INFO] 栏目 [法规司-政策文件] 第 21 页解析到 28 条
2026-06-25 16:56:57 [INFO] 列表页请求成功：https://www.nhc.gov.cn/fzs/c100048/new_list_22.shtml，状态码：200
2026-06-25 16:56:57 [INFO] 栏目 [法规司-政策文件] 第 22 页解析到 28 条
2026-06-25 16:56:59 [INFO] 列表页请求成功：https://www.nhc.gov.cn/fzs/c100048/new_list_23.shtml，状态码：200
2026-06-25 16:56:59 [INFO] 栏目 [法规司-政策文件] 第 23 页解析到 28 条
2026-06-25 16:57:01 [INFO] 列表页请求成功：https://www.nhc.gov.cn/fzs/c100048/new_list_24.shtml，状态码：200
2026-06-25 16:57:01 [INFO] 栏目 [法规司-政策文件] 第 24 页解析到 28 条
2026-06-25 16:57:03 [INFO] 列表页请求成功：https://www.nhc.gov.cn/fzs/c100048/new_list_25.shtml，状态码：200
2026-06-25 16:57:03 [INFO] 栏目 [法规司-政策文件] 第 25 页解析到 28 条
2026-06-25 16:57:04 [INFO] 列表页请求成功：https://www.nhc.gov.cn/fzs/c100048/new_list_26.shtml，状态码：200
2026-06-25 16:57:04 [INFO] 栏目 [法规司-政策文件] 第 26 页解析到 28 条
2026-06-25 16:57:06 [INFO] 列表页请求成功：https://www.nhc.gov.cn/fzs/c100048/new_list_27.shtml，状态码：200
2026-06-25 16:57:06 [INFO] 栏目 [法规司-政策文件] 第 27 页解析到 28 条
2026-06-25 16:57:08 [INFO] 列表页请求成功：https://www.nhc.gov.cn/fzs/c100048/new_list_28.shtml，状态码：200
2026-06-25 16:57:08 [INFO] 栏目 [法规司-政策文件] 第 28 页解析到 28 条
2026-06-25 16:57:10 [INFO] 列表页请求成功：https://www.nhc.gov.cn/fzs/c100048/new_list_29.shtml，状态码：200
2026-06-25 16:57:10 [INFO] 栏目 [法规司-政策文件] 第 29 页解析到 28 条
2026-06-25 16:57:12 [INFO] 列表页请求成功：https://www.nhc.gov.cn/fzs/c100048/new_list_30.shtml，状态码：200
2026-06-25 16:57:12 [INFO] 栏目 [法规司-政策文件] 第 30 页解析到 28 条
2026-06-25 16:57:13 [INFO] 列表页请求成功：https://www.nhc.gov.cn/fzs/c100048/new_list_31.shtml，状态码：200
2026-06-25 16:57:13 [INFO] 栏目 [法规司-政策文件] 第 31 页解析到 28 条
2026-06-25 16:57:15 [INFO] 列表页请求成功：https://www.nhc.gov.cn/fzs/c100048/new_list_32.shtml，状态码：200
2026-06-25 16:57:15 [INFO] 栏目 [法规司-政策文件] 第 32 页解析到 28 条
2026-06-25 16:57:17 [INFO] 列表页请求成功：https://www.nhc.gov.cn/fzs/c100048/new_list_33.shtml，状态码：200
2026-06-25 16:57:17 [INFO] 栏目 [法规司-政策文件] 第 33 页解析到 28 条
2026-06-25 16:57:19 [INFO] 列表页请求成功：https://www.nhc.gov.cn/fzs/c100048/new_list_34.shtml，状态码：200
2026-06-25 16:57:19 [INFO] 栏目 [法规司-政策文件] 第 34 页解析到 6 条
2026-06-25 16:57:20 [INFO] 列表页请求成功：https://www.nhc.gov.cn/fzs/c100048/new_list_35.shtml，状态码：200
2026-06-25 16:57:20 [INFO] 栏目 [法规司-政策文件] 第 35 页解析到 0 条
2026-06-25 16:57:20 [INFO] 栏目 [法规司-政策文件] 当前页未解析到任何数据，自动判断已达最后一页，停止翻页！
2026-06-25 16:57:56 [INFO] 数据已存在，跳过解析并保留原数据：返回主站 >
2026-06-25 16:57:58 [INFO] 正在下载正文附件: GBZ 97—2026.unknown
2026-06-25 16:58:03 [INFO] 正在下载正文附件: GBZ 104—2026.unknown
2026-06-25 16:58:04 [INFO] 正在下载正文附件: GBZ 105—2026.unknown
2026-06-25 16:58:05 [INFO] 正在下载正文附件: GBZ_T 244—2026.unknown
2026-06-25 16:58:08 [INFO] 正在下载正文附件: GBZ_T 344—2026.unknown
2026-06-25 16:58:12 [INFO] 正在下载正文附件: WS 890—2026.unknown
2026-06-25 16:58:18 [INFO] 正在下载正文附件: WS.unknown
2026-06-25 16:58:22 [INFO] 正在下载正文附件: _.unknown
2026-06-25 16:58:26 [INFO] 正在下载正文附件: WS.unknown
2026-06-25 16:58:26 [INFO] 正在下载正文附件: WS_T 498—2026.unknown
2026-06-25 16:58:28 [INFO] 正在下载正文附件: WS_T 503—2026.unknown
2026-06-25 16:58:29 [INFO] 正在下载正文附件: WS_T 640—2026.unknown
2026-06-25 16:58:31 [INFO] 正在下载正文附件: WS_T 641—2026.unknown
2026-06-25 16:58:36 [INFO] 正在下载正文附件: WS_T 645.1—2026
2026-06-25 16:58:37 [INFO] 正在下载正文附件: WS_T 645.2—2026
2026-06-25 16:58:39 [INFO] 正在下载正文附件: WS_T 404.9—2026
2026-06-25 16:58:40 [INFO] 正在下载正文附件: WS_T 883—2026.unknown
2026-06-25 16:58:42 [INFO] 正在下载正文附件: WS_T 884—2026.unknown
2026-06-25 16:58:44 [INFO] 正在下载正文附件: WS_T 885—2026.unknown
2026-06-25 16:58:45 [INFO] 正在下载正文附件: WS_T 886—2026.unknown
2026-06-25 16:58:50 [INFO] 正在下载正文附件: 国家卫生健康委关于修改和废止部分部门规章的决定.unknown
2026-06-25 16:58:53 [INFO] 数据已存在，跳过解析并保留原数据：关于发布《成分血制备标准》等2项推荐性卫生行业标准的通告
2026-06-25 16:58:53 [INFO] 数据已存在，跳过解析并保留原数据：关于发布《紧密型县域医共体医学影像中心设置标准》等3项推荐性卫生行业标准的通告
2026-06-25 16:58:53 [INFO] 数据已存在，跳过解析并保留原数据：关于发布《老年人认知障碍预防干预技术标准》等7项推荐性卫生行业标准的通告
2026-06-25 16:58:53 [INFO] 数据已存在，跳过解析并保留原数据：关于发布《职业卫生标准制定指南 第4部分：工作场所空气中化学物质测定方法》等3项推荐性国家职业卫生标准的通告
2026-06-25 16:58:53 [INFO] 数据已存在，跳过解析并保留原数据：应急管理部 国家卫生健康委员会关于调整《建设项目职业病防护设施设计专篇编制导则》归口单位和标准编号的公告
2026-06-25 16:58:53 [INFO] 数据已存在，跳过解析并保留原数据：关于发布《医院感染管理信息系统基本功能标准》等3项推荐性卫生行业标准的通告
2026-06-25 16:58:53 [INFO] 数据已存在，跳过解析并保留原数据：关于发布《基层医疗卫生机构高血压防治管理标准》等3项推荐性卫生行业标准的通告
2026-06-25 16:58:53 [INFO] 数据已存在，跳过解析并保留原数据：关于发布《职业性减压病诊断标准》等8项国家职业卫生标准的通告
2026-06-25 16:58:53 [INFO] 数据已存在，跳过解析并保留原数据：关于发布《职业性急性铀中毒诊断标准》等5项标准的通告
2026-06-25 16:58:53 [INFO] 数据已存在，跳过解析并保留原数据：关于发布《职业健康监护技术规范》等9项国家职业卫生标准的通告
2026-06-25 16:58:53 [INFO] 数据已存在，跳过解析并保留原数据：关于发布《医院空气净化管理标准》等16项推荐性卫生行业标准的通告
2026-06-25 16:58:53 [INFO] 数据已存在，跳过解析并保留原数据：关于发布推荐性卫生行业标准《托育机构消防安全标准》的通告
2026-06-25 16:58:53 [INFO] 数据已存在，跳过解析并保留原数据：关于发布《血站采供血基本数据集》等4项推荐性卫生行业标准的通告
2026-06-25 16:58:53 [INFO] 数据已存在，跳过解析并保留原数据：关于发布推荐性卫生行业标准《高龄老年人体质指数适宜范围与体重管理标准》的通告
2026-06-25 16:58:53 [INFO] 数据已存在，跳过解析并保留原数据：《人间传染的高致病性病原微生物实验活动审批管理办法》（国家卫生健康委员会令第14号）
2026-06-25 16:58:53 [INFO] 数据已存在，跳过解析并保留原数据：卫生健康行政处罚程序规定（国家卫生健康委员会令第13号）
2026-06-25 16:58:53 [INFO] 数据已存在，跳过解析并保留原数据：关于发布《感染性物质运输标准》等2项卫生行业标准的通告
2026-06-25 16:58:53 [INFO] 数据已存在，跳过解析并保留原数据：关于发布《职业性腕管综合征诊断标准》等2项强制性国家职业卫生标准的通告
2026-06-25 16:58:53 [INFO] 数据已存在，跳过解析并保留原数据：关于发布推荐性卫生行业标准《乡镇卫生院医用装备配置标准》的通告
2026-06-25 16:58:53 [INFO] 数据已存在，跳过解析并保留原数据：关于发布推荐性卫生行业标准《X射线计算机体层成像儿童诊断参考水平标准》的通告
2026-06-25 16:58:53 [INFO] 数据已存在，跳过解析并保留原数据：关于发布《医院信息平台交互标准 第1部分：总则》等12项推荐性卫生行业标准的通告
2026-06-25 16:59:25 [INFO] 数据已存在，跳过解析并保留原数据：返回主站 >
2026-06-25 16:59:25 [INFO] 数据已存在，跳过解析并保留原数据：关于发布《老年安宁疗护病区设置标准》等2项推荐性卫生行业标准的通告
2026-06-25 16:59:25 [INFO] 数据已存在，跳过解析并保留原数据：关于发布《麻醉记录单标准》等7项卫生行业标准的通告
2026-06-25 16:59:25 [INFO] 数据已存在，跳过解析并保留原数据：国家卫生健康委2024年部门规章立法工作计划
2026-06-25 16:59:25 [INFO] 数据已存在，跳过解析并保留原数据：关于发布《职业性慢性氯丙烯中毒诊断标准》等13项国家职业卫生标准及1项标准修改单的通告
2026-06-25 16:59:25 [INFO] 数据已存在，跳过解析并保留原数据：关于发布《临床化学检验血液标本的采集与处理》等20项推荐性卫生行业标准的通告
2026-06-25 16:59:25 [INFO] 数据已存在，跳过解析并保留原数据：关于发布《职业性皮肤放射性污染个人监测标准》等6项标准的通告
2026-06-25 16:59:25 [INFO] 数据已存在，跳过解析并保留原数据：关于发布推荐性卫生行业标准《全国公立医疗卫生机构药品使用监测管理标准》的通告
2026-06-25 16:59:25 [INFO] 数据已存在，跳过解析并保留原数据：关于发布《手术室医学装备配置标准》等2项推荐性卫生行业标准的通告
2026-06-25 16:59:25 [INFO] 数据已存在，跳过解析并保留原数据：国家卫生健康委办公厅关于公开征集2024年度卫生健康标准项目承担单位的通知
2026-06-25 16:59:25 [INFO] 数据已存在，跳过解析并保留原数据：关于发布推荐性卫生行业标准《蘑菇中毒事件样本采集标准》的通告
2026-06-25 16:59:25 [INFO] 数据已存在，跳过解析并保留原数据：关于发布推荐性卫生行业标准《蚊虫化学防治技术标准》的通告
2026-06-25 16:59:25 [INFO] 数据已存在，跳过解析并保留原数据：关于发布《职业性中毒性肝病诊断标准》等8项国家职业卫生标准的通告
2026-06-25 16:59:25 [INFO] 数据已存在，跳过解析并保留原数据：关于发布推荐性卫生行业标准《妊娠期糖尿病妇女体重增长推荐值标准》的通告
2026-06-25 16:59:25 [INFO] 数据已存在，跳过解析并保留原数据：卫生健康统计工作管理办法（国家卫生健康委员会令第12号）
2026-06-25 16:59:25 [INFO] 数据已存在，跳过解析并保留原数据：关于修改《职业卫生技术服务机构管理办法》的决定（国家卫生健康委员会令第11号）
2026-06-25 16:59:25 [INFO] 数据已存在，跳过解析并保留原数据：食品安全标准管理办法（国家卫生健康委员会令第10号）
2026-06-25 16:59:25 [INFO] 数据已存在，跳过解析并保留原数据：国家卫生健康委关于废止部分部门规章的决定（国家卫生健康委员会令第9号）
2026-06-25 16:59:25 [INFO] 数据已存在，跳过解析并保留原数据：关于发布推荐性卫生行业标准《托育机构质量评估标准》的通告
2026-06-25 16:59:25 [INFO] 数据已存在，跳过解析并保留原数据：关于发布《卫生健康信息数据元目录 第1部分：总则》等34项推荐性卫生行业标准的通告
2026-06-25 16:59:25 [INFO] 数据已存在，跳过解析并保留原数据：关于发布《手术部位标识标准》等3项推荐性卫生行业标准的通告
2026-06-25 16:59:25 [INFO] 数据已存在，跳过解析并保留原数据：关于发布《血液储存标准》等4项卫生行业标准的通告
2026-06-25 16:59:25 [INFO] 数据已存在，跳过解析并保留原数据：关于发布《护理分级标准》等2项推荐性卫生行业标准的通告
2026-06-25 16:59:25 [INFO] 数据已存在，跳过解析并保留原数据：关于发布推荐性卫生行业标准《核与放射卫生应急准备与响应通用标准》的通告
2026-06-25 16:59:25 [INFO] 数据已存在，跳过解析并保留原数据：关于发布《医院隔离技术标准》等3项推荐性卫生行业标准的通告
2026-06-25 16:59:58 [INFO] 数据已存在，跳过解析并保留原数据：返回主站 >
2026-06-25 16:59:58 [INFO] 数据已存在，跳过解析并保留原数据：国家卫生健康委办公厅关于调整第八届国家卫生健康标准委员会医疗服务标准专业委员会主任委员和秘书长的通知
2026-06-25 16:59:58 [INFO] 数据已存在，跳过解析并保留原数据：关于发布《卫生健康信息数据元标准化规则》等4项推荐性卫生行业标准的通告
2026-06-25 16:59:58 [INFO] 数据已存在，跳过解析并保留原数据：关于发布推荐性卫生行业标准《县级综合医院设备配置标准》的通告
2026-06-25 16:59:58 [INFO] 数据已存在，跳过解析并保留原数据：国家卫生健康委2023年部门规章立法工作计划
2026-06-25 16:59:58 [INFO] 数据已存在，跳过解析并保留原数据：关于发布推荐性卫生行业标准《产房医院感染预防与控制标准》的通告
2026-06-25 16:59:58 [INFO] 数据已存在，跳过解析并保留原数据：关于发布推荐性卫生行业标准《蚤类密度监测方法标准》的通告
2026-06-25 16:59:58 [INFO] 数据已存在，跳过解析并保留原数据：国家卫生健康委办公厅关于公开征集2024年度卫生健康标准立项建议的通知
2026-06-25 16:59:58 [INFO] 数据已存在，跳过解析并保留原数据：关于发布推荐性卫生行业标准《医院电力系统消防安全管理标准》的通告
2026-06-25 16:59:58 [INFO] 数据已存在，跳过解析并保留原数据：国家卫生健康委2022年度法治政府建设工作情况的报告
2026-06-25 16:59:58 [INFO] 数据已存在，跳过解析并保留原数据：关于发布《低能射线装置放射防护标准》等5项标准的通告
2026-06-25 16:59:58 [INFO] 数据已存在，跳过解析并保留原数据：医疗机构管理条例
2026-06-25 16:59:58 [INFO] 数据已存在，跳过解析并保留原数据：中华人民共和国母婴保健法实施办法
2026-06-25 16:59:58 [INFO] 数据已存在，跳过解析并保留原数据：中华人民共和国人口与计划生育法
2026-06-25 16:59:58 [INFO] 数据已存在，跳过解析并保留原数据：法律、行政法规、国务院决定设定的行政许可事项清单（国家卫生健康委）
2026-06-25 16:59:58 [INFO] 数据已存在，跳过解析并保留原数据：关于发布推荐性卫生行业标准《临床常用生化检验项目参考区间第10部分：血清三碘甲状腺原氨酸、甲状腺素、游离三碘甲状腺原氨酸、游离甲状腺素、促甲状腺激素》的通告
2026-06-25 16:59:58 [INFO] 数据已存在，跳过解析并保留原数据：关于发布《基层医疗卫生机构标识设计标准》等3项推荐性卫生行业标准的通告
2026-06-25 16:59:58 [INFO] 数据已存在，跳过解析并保留原数据：关于发布《工作场所有害因素职业接触限值 第1部分：化学有害因素》（GBZ 2.1—2019）第1号修改单的通告
2026-06-25 16:59:58 [INFO] 数据已存在，跳过解析并保留原数据：关于发布推荐性卫生行业标准《病原微生物菌（毒）种国家标准株评价技术标准》的通告
2026-06-25 16:59:58 [INFO] 数据已存在，跳过解析并保留原数据：关于发布《临床化学检验基本技术标准》等4项推荐性卫生行业标准的通告
2026-06-25 16:59:58 [INFO] 数据已存在，跳过解析并保留原数据：关于发布《卫生健康信息基本数据集编制标准》等2项推荐性卫生行业标准的通告
2026-06-25 16:59:58 [INFO] 数据已存在，跳过解析并保留原数据：关于发布《工业探伤放射防护标准》等3项国家职业卫生标准的通告
2026-06-25 16:59:58 [INFO] 数据已存在，跳过解析并保留原数据：关于发布推荐性卫生行业标准《7岁以下儿童生长标准》的通告
2026-06-25 16:59:58 [INFO] 数据已存在，跳过解析并保留原数据：关于发布《中国健康老年人标准》等2项推荐性卫生行业标准的通告
2026-06-25 16:59:58 [INFO] 数据已存在，跳过解析并保留原数据：国家卫生健康委办公厅关于印发2022年度卫生健康标准项目计划的通知
2026-06-25 17:00:31 [INFO] 数据已存在，跳过解析并保留原数据：返回主站 >
2026-06-25 17:00:31 [INFO] 数据已存在，跳过解析并保留原数据：关于发布《不同胎龄新生儿出生时生长评价标准》等2项推荐性卫生行业标准的通告
2026-06-25 17:00:31 [INFO] 数据已存在，跳过解析并保留原数据：关于发布推荐性卫生行业标准《妇幼保健机构医用设备配备标准》的通告
2026-06-25 17:00:31 [INFO] 数据已存在，跳过解析并保留原数据：关于发布推荐性卫生行业标准《污水中新型冠状病毒富集浓缩和核酸检测方法标准》的通告
2026-06-25 17:00:31 [INFO] 数据已存在，跳过解析并保留原数据：国家卫生健康委关于2021年度法治政府建设工作情况的报告
2026-06-25 17:00:31 [INFO] 数据已存在，跳过解析并保留原数据：关于废止《血清载脂蛋白A1及载脂蛋白B免疫透射比浊测定法》（WS/T 121-1999）等17项标准的通告
2026-06-25 17:00:31 [INFO] 数据已存在，跳过解析并保留原数据：关于发布《职业性二硫化碳中毒诊断标准》等4项国家职业卫生标准的通告
2026-06-25 17:00:38 [INFO] 正在下载正文附件: WS_T797—2022.unknown
2026-06-25 17:00:40 [INFO] 正在下载正文附件: WS_T798—2022.unknown
2026-06-25 17:00:43 [INFO] 数据已存在，跳过解析并保留原数据：关于发布《输血相容性检测标准》等3项推荐性卫生行业标准的通告
2026-06-25 17:00:43 [INFO] 数据已存在，跳过解析并保留原数据：《“十四五”卫生健康标准化工作规划》解读
2026-06-25 17:00:43 [INFO] 数据已存在，跳过解析并保留原数据：国家卫生健康委关于印发“十四五”卫生健康标准化工作规划的通知
2026-06-25 17:00:43 [INFO] 数据已存在，跳过解析并保留原数据：《卫生健康系统法治宣传教育第八个五年规划（2021-2025年）》解读
2026-06-25 17:00:43 [INFO] 数据已存在，跳过解析并保留原数据：国家卫生健康委关于印发卫生健康系统法治宣传教育第八个五年规划（2021-2025年）的通知
2026-06-25 17:00:46 [INFO] 正在下载正文附件: WST381—2021.unknown
2026-06-25 17:00:48 [INFO] 正在下载正文附件: WST791—2021.unknown
2026-06-25 17:00:56 [INFO] 正在下载正文附件: WST792—2021.unknown
2026-06-25 17:01:03 [INFO] 正在下载正文附件: WS_T 787—2021.unknown
2026-06-25 17:01:06 [INFO] 正在下载正文附件: WS_T 788—2021.unknown
2026-06-25 17:01:08 [INFO] 正在下载正文附件: WS_T 789—2021.unknown
2026-06-25 17:01:39 [ERROR] 正文附件下载失败: WS_T 789—2021.unknown, 目标链接: https://www.nhc.gov.cn/fzs/c100048/202111/53356b80d2b64d24a9ef63da5e7a2c65/files/1733125805232_16827.pdf
2026-06-25 17:01:39 [INFO] 正在下载正文附件: WS_T 790.1—2021
2026-06-25 17:01:41 [INFO] 正在下载正文附件: WS_T 790.2—2021
2026-06-25 17:02:00 [ERROR] 正文附件下载失败: WS_T 790.2—2021, 目标链接: https://www.nhc.gov.cn/fzs/c100048/202111/53356b80d2b64d24a9ef63da5e7a2c65/files/1733125804999_11953.pdf
2026-06-25 17:02:00 [INFO] 正在下载正文附件: WS_T 790.3—2021
2026-06-25 17:02:19 [ERROR] 正文附件下载失败: WS_T 790.3—2021, 目标链接: https://www.nhc.gov.cn/fzs/c100048/202111/53356b80d2b64d24a9ef63da5e7a2c65/files/1733125805426_39075.pdf
2026-06-25 17:02:19 [INFO] 正在下载正文附件: WS_T 790.4—2021
2026-06-25 17:02:21 [INFO] 正在下载正文附件: WS_T 790.5—2021
2026-06-25 17:02:40 [ERROR] 正文附件下载失败: WS_T 790.5—2021, 目标链接: https://www.nhc.gov.cn/fzs/c100048/202111/53356b80d2b64d24a9ef63da5e7a2c65/files/1733125805039_89667.pdf
2026-06-25 17:02:40 [INFO] 正在下载正文附件: 1733125805350_83590.pdf
2026-06-25 17:02:41 [INFO] 正在下载正文附件: WS_T 790.6—2021
2026-06-25 17:02:51 [INFO] 正在下载正文附件: WS_T 790.7—2021
2026-06-25 17:02:52 [INFO] 正在下载正文附件: WS_T 790.8—2021
2026-06-25 17:03:02 [INFO] 正在下载正文附件: WS_T 790.9—2021
2026-06-25 17:03:03 [INFO] 正在下载正文附件: WS_T 790.10—2021
2026-06-25 17:03:05 [INFO] 正在下载正文附件: WS_T 790.11—2021
2026-06-25 17:03:07 [INFO] 正在下载正文附件: WS_T 790.12—2021
2026-06-25 17:03:08 [INFO] 正在下载正文附件: WS_T 790.13—2021
2026-06-25 17:03:09 [INFO] 正在下载正文附件: WS_T 790.14—2021
2026-06-25 17:03:11 [INFO] 正在下载正文附件: WS_T 790.15—2021
2026-06-25 17:03:13 [INFO] 正在下载正文附件: WS_T 790.16—2021
2026-06-25 17:03:15 [INFO] 正在下载正文附件: WS_T 790.17—2021
2026-06-25 17:03:17 [INFO] 正在下载正文附件: WS_T 790.18—2021
2026-06-25 17:03:19 [INFO] 数据已存在，跳过解析并保留原数据：2016-2020年全国普法工作先进单位和先进个人拟推荐名单公示
2026-06-25 17:03:19 [INFO] 数据已存在，跳过解析并保留原数据：关于发布《凝血因子活性测定技术标准》等2项推荐性卫生行业标准的通告
2026-06-25 17:03:19 [INFO] 数据已存在，跳过解析并保留原数据：国家卫生健康委办公厅关于公开征集2022年度卫生健康标准立项建议的通知
2026-06-25 17:03:19 [INFO] 数据已存在，跳过解析并保留原数据：关于发布推荐性卫生行业标准《单采血浆信息系统基本功能标准》的公告
2026-06-25 17:03:19 [INFO] 数据已存在，跳过解析并保留原数据：关于发布《地方性氟骨症诊断标准》等2项推荐性卫生行业标准的通告
2026-06-25 17:03:19 [INFO] 数据已存在，跳过解析并保留原数据：关于发布推荐性卫生行业标准《登革热病媒生物应急监测与控制标准》的通告
2026-06-25 17:03:19 [INFO] 数据已存在，跳过解析并保留原数据：国家卫生健康委办公厅关于印发职业健康和公共卫生监督领域“证照分离”改革措施的通知
2026-06-25 17:03:19 [INFO] 数据已存在，跳过解析并保留原数据：国家卫生健康委关于《卫生健康统计工作管理办法（征求意见稿）》公开征求意见的通知
2026-06-25 17:03:19 [INFO] 数据已存在，跳过解析并保留原数据：关于发布《医疗机构感染监测基本数据集》等两项卫生行业标准的通告
2026-06-25 17:03:19 [INFO] 数据已存在，跳过解析并保留原数据：关于发布《儿童血细胞分析参考区间》等3项推荐性卫生行业标准的通告
2026-06-25 17:03:54 [INFO] 数据已存在，跳过解析并保留原数据：返回主站 >
2026-06-25 17:03:56 [INFO] 正在下载正文附件: WS_T 777-2021.unknown
2026-06-25 17:04:06 [INFO] 正在下载正文附件: WST 774—2021.unknown
2026-06-25 17:04:10 [INFO] 正在下载正文附件: WST 775—2021.unknown
2026-06-25 17:04:11 [INFO] 正在下载正文附件: WST 776—2021.unknown
2026-06-25 17:04:17 [INFO] 正在下载正文附件: 医疗器械临床使用管理办法.unknown
2026-06-25 17:04:39 [INFO] 正在下载正文附件: 工作场所职业卫生管理规定.unknown
2026-06-25 17:04:54 [INFO] 正在下载正文附件: 职业卫生技术服务机构管理办法.unknown
2026-06-25 17:05:08 [INFO] 正在下载正文附件: GBZ 98—2020.unknown
2026-06-25 17:05:09 [INFO] 正在下载正文附件: GBZ 101—2020.unknown
2026-06-25 17:05:11 [INFO] 正在下载正文附件: GBZ 120—2020.unknown
2026-06-25 17:05:19 [INFO] 正在下载正文附件: GBZ 121—2020.unknown
2026-06-25 17:05:21 [INFO] 正在下载正文附件: WS 76—2020.unknown
2026-06-25 17:05:33 [INFO] 正在下载正文附件: 《中华人民共和国传染病防治法》（修订草案征求意见稿）.unknown
2026-06-25 17:05:34 [INFO] 正在下载正文附件: 《中华人民共和国传染病防治法》（修订草案征求意见稿）修订说明.unknown
2026-06-25 17:05:38 [INFO] 正在下载正文附件: 《食品安全标准管理办法》（征求意见稿）.unknown
2026-06-25 17:05:39 [INFO] 正在下载正文附件: 关于《食品安全标准管理办法(征求意见稿)》的修订说明.unknown
2026-06-25 17:05:43 [INFO] 正在下载正文附件: WS_T 687—2020.unknown
2026-06-25 17:05:45 [INFO] 正在下载正文附件: WS_T 688—2020.unknown
2026-06-25 17:05:47 [INFO] 正在下载正文附件: WS_T 689—2020.unknown
2026-06-25 17:05:48 [INFO] 正在下载正文附件: WS_T 690—2020.unknown
2026-06-25 17:05:51 [INFO] 正在下载正文附件: WS_T 691—2020.unknown
2026-06-25 17:05:52 [INFO] 正在下载正文附件: WS_T 692—2020.unknown
2026-06-25 17:05:54 [INFO] 正在下载正文附件: WS_T 693—2020.unknown
2026-06-25 17:05:58 [INFO] 数据已存在，跳过解析并保留原数据：国家卫生健康委办公厅关于下达2020年度卫生健康标准项目计划的通知
2026-06-25 17:06:01 [INFO] 正在下载正文附件: WS_T 772—2020.unknown
2026-06-25 17:06:03 [INFO] 正在下载正文附件: WS_T 773—2020.unknown
2026-06-25 17:06:08 [INFO] 正在下载正文附件: WS_T 683—2020.unknown
2026-06-25 17:06:10 [INFO] 正在下载正文附件: WS_T 684—2020.unknown
2026-06-25 17:06:12 [INFO] 正在下载正文附件: WS_T 685—2020.unknown
2026-06-25 17:06:15 [INFO] 正在下载正文附件: WS_T 686—2020.unknown
2026-06-25 17:06:22 [INFO] 正在下载正文附件: WS_T 700—2020.unknown
2026-06-25 17:06:26 [INFO] 数据已存在，跳过解析并保留原数据：[新华网] （受权发布）中华人民共和国基本医疗卫生与健康促进法
2026-06-25 17:06:28 [INFO] 正在下载正文附件: WS 694—2020.unknown
2026-06-25 17:06:31 [INFO] 正在下载正文附件: WS 695—2020.unknown
2026-06-25 17:06:32 [INFO] 正在下载正文附件: WS 696—2020.unknown
2026-06-25 17:06:33 [INFO] 正在下载正文附件: WS_T 697—2020.unknown
2026-06-25 17:06:53 [ERROR] 正文附件下载失败: WS_T 697—2020.unknown, 目标链接: https://www.nhc.gov.cn/fzs/c100048/202007/9e8baf8e2d82438389c0c30727059df5/files/1734000628848_79314.pdf
2026-06-25 17:06:53 [INFO] 正在下载正文附件: WS_T 698—2020.unknown
2026-06-25 17:07:05 [INFO] 正在下载正文附件: WS_T 699—2020.unknown
2026-06-25 17:07:14 [INFO] 正在下载正文附件: WS_T 681—2020.unknown
2026-06-25 17:07:17 [INFO] 正在下载正文附件: WS_T 682—2020.unknown
2026-06-25 17:07:23 [INFO] 正在下载正文附件: WS_T 679—2020.unknown
2026-06-25 17:07:25 [INFO] 正在下载正文附件: WS_T 680—2020.unknown
2026-06-25 17:07:31 [INFO] 正在下载正文附件: WS_T 671—2020.unknown
2026-06-25 17:07:37 [INFO] 正在下载正文附件: WS_T 672—2020.unknown
2026-06-25 17:07:43 [INFO] 正在下载正文附件: WS_T 677—2020.unknown
2026-06-25 17:07:45 [INFO] 正在下载正文附件: WS_T 678—2020.unknown
2026-06-25 17:07:52 [INFO] 正在下载正文附件: 卫生健康标准项目申报书.unknown
2026-06-25 17:08:08 [INFO] 数据已存在，跳过解析并保留原数据：返回主站 >
2026-06-25 17:08:14 [INFO] 正在下载正文附件: WS／T 203—2020.unknown
2026-06-25 17:08:22 [INFO] 正在下载正文附件: WS 283—2020.unknown
2026-06-25 17:08:26 [INFO] 数据已存在，跳过解析并保留原数据：国家卫生健康委关于2019年度法治政府建设工作情况的报告
2026-06-25 17:08:28 [INFO] 正在下载正文附件: WS 377.8—2020
2026-06-25 17:08:35 [INFO] 正在下载正文附件: GBZ 106—2020.unknown
2026-06-25 17:08:37 [INFO] 正在下载正文附件: GBZ 118—2020.unknown
2026-06-25 17:08:39 [INFO] 正在下载正文附件: GBZ 130—2020.unknown
2026-06-25 17:08:42 [INFO] 正在下载正文附件: GBZ 169—2020.unknown
2026-06-25 17:08:44 [INFO] 正在下载正文附件: WS 674—2020.unknown
2026-06-25 17:08:47 [INFO] 正在下载正文附件: WS_T 675—2020.unknown
2026-06-25 17:08:49 [INFO] 正在下载正文附件: WS_T 676—2020.unknown
2026-06-25 17:08:53 [INFO] 正在下载正文附件: WS_T 661—2020.unknown
2026-06-25 17:08:55 [INFO] 正在下载正文附件: WS_T 662—2020.unknown
2026-06-25 17:09:00 [INFO] 正在下载正文附件: WS_T 669—2020.unknown
2026-06-25 17:09:06 [INFO] 正在下载正文附件: WS_T 663—2020.unknown
2026-06-25 17:09:12 [INFO] 正在下载正文附件: 《外国医师来华行医管理办法》（征求意见稿）.unknown
2026-06-25 17:09:12 [INFO] 正在下载正文附件: 《外国医师来华行医管理办法》（征求意见稿）起草说明.unknown
2026-06-25 17:09:16 [INFO] 正在下载正文附件: WS_T_313—2019.unknown
2026-06-25 17:09:18 [INFO] 数据已存在，跳过解析并保留原数据：国家卫生健康委关于印发自由贸易试验区“证照分离”改革卫生健康事项实施方案的通知
2026-06-25 17:09:20 [INFO] 正在下载正文附件: WS308—2019.unknown
2026-06-25 17:09:22 [INFO] 正在下载正文附件: WS_T653—2019.unknown
2026-06-25 17:09:24 [INFO] 正在下载正文附件: WS_T654—2019.unknown
2026-06-25 17:09:26 [INFO] 正在下载正文附件: WS_T655—2019.unknown
2026-06-25 17:09:29 [INFO] 正在下载正文附件: WS_T656—2019.unknown
2026-06-25 17:09:31 [INFO] 正在下载正文附件: WS_T657—2019.unknown
2026-06-25 17:09:33 [INFO] 正在下载正文附件: WS_T658—2019.unknown
2026-06-25 17:09:35 [INFO] 正在下载正文附件: WS_T659-2019.unknown
2026-06-25 17:09:40 [INFO] 正在下载正文附件: GBZ_128—2019.unknown
2026-06-25 17:09:42 [INFO] 正在下载正文附件: GBZ_139—2019.unknown
2026-06-25 17:09:43 [INFO] 正在下载正文附件: WS_667—2019.unknown
2026-06-25 17:09:45 [INFO] 正在下载正文附件: WS_T_668—2019.unknown
2026-06-25 17:09:50 [INFO] 正在下载正文附件: 职业病诊断与鉴定管理办法（征求意见稿）.unknown
2026-06-25 17:09:51 [INFO] 正在下载正文附件: 《职业病诊断与鉴定管理办法（征求意见稿）》修订说明.unknown
2026-06-25 17:10:00 [INFO] 数据已存在，跳过解析并保留原数据：国家卫生健康委办公厅关于下达2019年度卫生健康标准项目计划的通知
2026-06-25 17:10:02 [INFO] 正在下载正文附件: GBZ2.1—2019
2026-06-25 17:10:15 [INFO] 正在下载正文附件: 《职业卫生技术服务机构管理办法（征求意见稿）》.unknown
2026-06-25 17:10:15 [INFO] 正在下载正文附件: 《职业卫生技术服务机构管理办法（征求意见稿）》起草说明.unknown
2026-06-25 17:10:22 [INFO] 正在下载正文附件: WS_T 666—2019.unknown
2026-06-25 17:10:29 [INFO] 正在下载正文附件: WS_T 665—2019.unknown
2026-06-25 17:10:46 [INFO] 数据已存在，跳过解析并保留原数据：返回主站 >
2026-06-25 17:10:48 [INFO] 正在下载正文附件: 卫生健康部门规章和规范性文件设定证明事项拟保留目录.unknown
2026-06-25 17:10:50 [INFO] 数据已存在，跳过解析并保留原数据：关于发布推荐性卫生行业标准《包虫病控制》的通告
2026-06-25 17:10:56 [INFO] 正在下载正文附件: 第八届国家卫生健康标准委员会委员名单.unknown
2026-06-25 17:10:59 [INFO] 正在下载正文附件: 各标准专业委员会工作范围及委员名单.unknown
2026-06-25 17:11:05 [INFO] 正在下载正文附件: 2019年度卫生健康标准项目申报指南.unknown
2026-06-25 17:11:10 [INFO] 正在下载正文附件: WS_T 652—2019.unknown
2026-06-25 17:11:16 [INFO] 正在下载正文附件: 第八届国家卫生健康标准委员会各专业委员会名单.unknown
2026-06-25 17:11:28 [INFO] 数据已存在，跳过解析并保留原数据：国家卫生健康委2018年度法治政府建设工作情况
2026-06-25 17:11:37 [INFO] 正在下载正文附件: 1.职业健康检查管理办法
2026-06-25 17:11:37 [INFO] 正在下载正文附件: 2.母婴保健专项技术服务许可及人员资格管理办法
2026-06-25 17:11:37 [INFO] 正在下载正文附件: 3.产前诊断技术管理办法
2026-06-25 17:11:38 [INFO] 正在下载正文附件: 4.医疗机构临床用血管理办法
2026-06-25 17:11:42 [INFO] 正在下载正文附件: 医疗器械临床使用管理办法（征求意见稿）.unknown
2026-06-25 17:11:43 [INFO] 正在下载正文附件: 《医疗器械临床使用管理办法（征求意见稿）》起草说明.unknown
2026-06-25 17:11:51 [INFO] 正在下载正文附件: GBZ 20—2019.unknown
2026-06-25 17:11:52 [INFO] 正在下载正文附件: GBZ 41—2019.unknown
2026-06-25 17:11:53 [INFO] 正在下载正文附件: GBZ 57—2019.unknown
2026-06-25 17:11:54 [INFO] 正在下载正文附件: GBZ 77—2019.unknown
2026-06-25 17:11:56 [INFO] 正在下载正文附件: GBZ 324—2019.unknown
2026-06-25 17:12:02 [INFO] 正在下载正文附件: WS_T 646—2019.unknown
2026-06-25 17:12:04 [INFO] 正在下载正文附件: WS_T 647—2019.unknown
2026-06-25 17:12:05 [INFO] 正在下载正文附件: WS_T 648—2019.unknown
2026-06-25 17:12:07 [INFO] 正在下载正文附件: WS_T 649—2019.unknown
2026-06-25 17:12:09 [INFO] 正在下载正文附件: WS_T 650—2019.unknown
2026-06-25 17:12:10 [INFO] 正在下载正文附件: WS_T 651—2019.unknown
2026-06-25 17:12:19 [INFO] 正在下载正文附件: WS 519—2019.unknown
2026-06-25 17:12:21 [INFO] 正在下载正文附件: WS 523—2019.unknown
2026-06-25 17:12:27 [INFO] 正在下载正文附件: WS_T 642—2019.unknown
2026-06-25 17:12:37 [INFO] 正在下载正文附件: WS 268—2019.unknown
2026-06-25 17:12:39 [INFO] 正在下载正文附件: WS 269—2019.unknown
2026-06-25 17:12:41 [INFO] 正在下载正文附件: WS 293—2019.unknown
2026-06-25 17:12:44 [INFO] 正在下载正文附件: WS 295—2019.unknown
2026-06-25 17:13:13 [INFO] 数据已存在，跳过解析并保留原数据：返回主站 >
2026-06-25 17:13:18 [INFO] 正在下载正文附件: WS_T 621—2018.unknown
2026-06-25 17:13:23 [INFO] 正在下载正文附件: WS_T 629—2018.unknown
2026-06-25 17:13:23 [INFO] 正在下载正文附件: WS_T 630—2018.unknown
2026-06-25 17:13:25 [INFO] 正在下载正文附件: WS_T 631—2018.unknown
2026-06-25 17:13:27 [INFO] 正在下载正文附件: WS_T 632—2018.unknown
2026-06-25 17:13:29 [INFO] 正在下载正文附件: WS_T 633—2018.unknown
2026-06-25 17:13:30 [INFO] 正在下载正文附件: WS_T 634—2018.unknown
2026-06-25 17:13:35 [INFO] 正在下载正文附件: WS_T 622—2018.unknown
2026-06-25 17:13:36 [INFO] 正在下载正文附件: WS_T 623—2018.unknown
2026-06-25 17:13:38 [INFO] 正在下载正文附件: WS_T 624—2018.unknown
2026-06-25 17:13:47 [INFO] 正在下载正文附件: WS_T 636—2018.unknown
2026-06-25 17:13:48 [INFO] 正在下载正文附件: WS_T 637—2018.unknown
2026-06-25 17:13:52 [INFO] 正在下载正文附件: WS 628—2018.unknown
2026-06-25 17:13:58 [INFO] 正在下载正文附件: WS_T 635—2018.unknown
2026-06-25 17:14:08 [INFO] 正在下载正文附件: 医疗机构投诉管理办法（征求意见稿）.unknown
2026-06-25 17:14:09 [INFO] 正在下载正文附件: 关于《医疗机构投诉管理办法（征求意见稿）》的起草说明.unknown
2026-06-25 17:14:12 [INFO] 正在下载正文附件: WS_T 616—2018.unknown
2026-06-25 17:14:14 [INFO] 正在下载正文附件: WS_T 617—2018.unknown
2026-06-25 17:14:21 [INFO] 正在下载正文附件: WS_T 602—2018.unknown
2026-06-25 17:14:23 [INFO] 正在下载正文附件: WS_T 603—2018.unknown
2026-06-25 17:14:28 [INFO] 正在下载正文附件: GBZ_T 302—2018.unknown
2026-06-25 17:14:29 [INFO] 正在下载正文附件: GBZ_T 303—2018.unknown
2026-06-25 17:14:31 [INFO] 正在下载正文附件: GBZ_T 304—2018.unknown
2026-06-25 17:14:32 [INFO] 正在下载正文附件: GBZ_T 305—2018.unknown
2026-06-25 17:14:34 [INFO] 正在下载正文附件: GBZ_T 306—2018.unknown
2026-06-25 17:14:36 [INFO] 正在下载正文附件: GBZ_T 307.1—2018
2026-06-25 17:14:37 [INFO] 正在下载正文附件: GBZ_T 307.2—2018
2026-06-25 17:14:38 [INFO] 正在下载正文附件: GBZ_T 308—2018.unknown
2026-06-25 17:14:40 [INFO] 正在下载正文附件: GBZ_T 309—2018.unknown
2026-06-25 17:14:41 [INFO] 正在下载正文附件: GBZ_T 310—2018.unknown
2026-06-25 17:14:42 [INFO] 正在下载正文附件: GBZ_T 311—2018.unknown
2026-06-25 17:14:43 [INFO] 正在下载正文附件: GBZ_T 312—2018.unknown
2026-06-25 17:14:45 [INFO] 正在下载正文附件: GBZ_T 313.1—2018
2026-06-25 17:14:47 [INFO] 正在下载正文附件: GBZ_T 313.2—2018
2026-06-25 17:14:48 [INFO] 正在下载正文附件: GBZ_T 314—2018.unknown
2026-06-25 17:14:50 [INFO] 正在下载正文附件: GBZ_T 315—2018.unknown
2026-06-25 17:14:51 [INFO] 正在下载正文附件: GBZ_T 316.1—2018
2026-06-25 17:14:53 [INFO] 正在下载正文附件: GBZ_T 316.2—2018
2026-06-25 17:14:54 [INFO] 正在下载正文附件: GBZ_T 316.3—2018
2026-06-25 17:14:55 [INFO] 正在下载正文附件: GBZ_T 317.1—2018
2026-06-25 17:14:57 [INFO] 正在下载正文附件: GBZ_T 317.2—2018
2026-06-25 17:14:58 [INFO] 正在下载正文附件: GBZ_T 318.1—2018
2026-06-25 17:15:00 [INFO] 正在下载正文附件: GBZ_T 318.2—2018
2026-06-25 17:16:00 [INFO] 数据已存在，跳过解析并保留原数据：返回主站 >
2026-06-25 17:16:48 [INFO] 数据已存在，跳过解析并保留原数据：卫生行政执法文书规范
2026-06-25 17:17:36 [INFO] 数据已存在，跳过解析并保留原数据：返回主站 >
2026-06-25 17:18:22 [INFO] 正在下载正文附件: 附件1：国家卫生计生委高致病性病原微生物实验室资格申请表.unknown
2026-06-25 17:18:22 [INFO] 正在下载正文附件: 附件2：国家卫生计生委高致病性病原微生物实验活动申请表.unknown
2026-06-25 17:19:21 [INFO] 数据已存在，跳过解析并保留原数据：返回主站 >
2026-06-25 17:21:07 [INFO] 数据已存在，跳过解析并保留原数据：返回主站 >
2026-06-25 17:21:32 [INFO] 数据已存在，跳过解析并保留原数据：女职工劳动保护特别规定
2026-06-25 17:22:55 [INFO] 数据已存在，跳过解析并保留原数据：返回主站 >
2026-06-25 17:23:29 [INFO] 数据已存在，跳过解析并保留原数据：中华人民共和国传染病防治法实施办法
2026-06-25 17:23:29 [INFO] 数据已存在，跳过解析并保留原数据：学校卫生工作条例
2026-06-25 17:23:29 [INFO] 数据已存在，跳过解析并保留原数据：化妆品卫生监督条例
2026-06-25 17:23:29 [INFO] 数据已存在，跳过解析并保留原数据：中华人民共和国国境卫生检疫法实施细则（2016修订）
2026-06-25 17:23:29 [INFO] 数据已存在，跳过解析并保留原数据：放射性药品管理办法（2017修订）
2026-06-25 17:23:33 [INFO] 数据已存在，跳过解析并保留原数据：中华人民共和国国境口岸卫生监督办法（2011修订）
2026-06-25 17:23:33 [INFO] 数据已存在，跳过解析并保留原数据：中华人民共和国中医药法
2026-06-25 17:23:37 [INFO] 数据已存在，跳过解析并保留原数据：中华人民共和国食品安全法
2026-06-25 17:23:37 [INFO] 数据已存在，跳过解析并保留原数据：中华人民共和国执业医师法（已废止）
2026-06-25 17:23:37 [INFO] 数据已存在，跳过解析并保留原数据：中华人民共和国红十字会法
2026-06-25 17:23:37 [INFO] 数据已存在，跳过解析并保留原数据：中华人民共和国献血法
2026-06-25 17:23:37 [INFO] 数据已存在，跳过解析并保留原数据：中华人民共和国母婴保健法
2026-06-25 17:23:37 [INFO] 数据已存在，跳过解析并保留原数据：中华人民共和国传染病防治法
2026-06-25 17:23:49 [INFO] 数据已存在，跳过解析并保留原数据：返回主站 >
2026-06-25 17:23:49 [INFO] 数据已存在，跳过解析并保留原数据：中华人民共和国国境卫生检疫法
2026-06-25 17:23:49 [INFO] 数据已存在，跳过解析并保留原数据：中华人民共和国药品管理法
2026-06-25 17:23:51 [INFO] 正在下载正文附件: GBZ_T 189.3—2018
2026-06-25 17:23:52 [INFO] 正在下载正文附件: GBZ_T 192.6—2018
2026-06-25 17:23:54 [INFO] 正在下载正文附件: GBZ_T 300.96—2018
2026-06-25 17:23:56 [INFO] 正在下载正文附件: GBZ_T 300.100—2018
2026-06-25 17:23:58 [INFO] 正在下载正文附件: GBZ_T 300.106—2018
2026-06-25 17:24:00 [INFO] 正在下载正文附件: GBZ_T 300.116—2018
2026-06-25 17:24:01 [INFO] 正在下载正文附件: GBZ_T 300.128—2018
2026-06-25 17:24:03 [INFO] 正在下载正文附件: GBZ_T 300.161—2018
2026-06-25 17:24:05 [INFO] 正在下载正文附件: GBZ_T 300.162—2018
2026-06-25 17:24:07 [INFO] 正在下载正文附件: GBZ_T 300.163—2018
2026-06-25 17:24:08 [INFO] 正在下载正文附件: GBZ_T 300.164—2018
2026-06-25 17:24:18 [INFO] 正在下载正文附件: WS_T 613—2018.unknown
2026-06-25 17:24:24 [INFO] 正在下载正文附件: WS_T 614—2018.unknown
2026-06-25 17:24:25 [INFO] 正在下载正文附件: WS_T 615—2018.unknown
2026-06-25 17:24:30 [INFO] 正在下载正文附件: WS_T 610—2018.unknown
2026-06-25 17:24:32 [INFO] 正在下载正文附件: WS_T 611—2018.unknown
2026-06-25 17:24:34 [INFO] 正在下载正文附件: WS_T 612—2018.unknown
2026-06-25 17:24:43 [INFO] 正在下载正文附件: WS_T 591—2018.unknown
2026-06-25 17:24:44 [INFO] 正在下载正文附件: WS_T 592—2018.unknown
2026-06-25 17:24:49 [INFO] 正在下载正文附件: WS_T 608—2018.unknown
2026-06-25 17:24:55 [INFO] 正在下载正文附件: WS_T 585—2018.unknown
2026-06-25 17:25:01 [INFO] 正在下载正文附件: WS_T 224—2018.unknown
2026-06-25 17:25:03 [INFO] 正在下载正文附件: WS_T 404.4—2018
2026-06-25 17:25:04 [INFO] 正在下载正文附件: WS_T 573—2018.unknown
2026-06-25 17:25:05 [INFO] 正在下载正文附件: WS_T 574—2018.unknown
2026-06-25 17:25:11 [INFO] 正在下载正文附件: WS_T 578.2—2018
2026-06-25 17:25:12 [INFO] 正在下载正文附件: WS_T 578.4—2018
2026-06-25 17:25:13 [INFO] 正在下载正文附件: 1733125378304_81397.pdf
2026-06-25 17:25:15 [INFO] 正在下载正文附件: WS_T 578.5—2018
2026-06-25 17:25:39 [INFO] 正在下载正文附件: WS_T 600—2018.unknown
2026-06-25 17:25:41 [INFO] 正在下载正文附件: WS_T 601—2018.unknown
2026-06-25 17:25:50 [INFO] 正在下载正文附件: WS_T 596—2018.unknown
2026-06-25 17:25:51 [INFO] 正在下载正文附件: WS_T 597—2018.unknown
2026-06-25 17:25:54 [INFO] 正在下载正文附件: WS_T 598.1—2018
2026-06-25 17:25:55 [INFO] 正在下载正文附件: WS_T 598.2—2018
2026-06-25 17:25:59 [INFO] 正在下载正文附件: WS_T 598.3—2018
2026-06-25 17:26:02 [INFO] 正在下载正文附件: WS_T 598.4—2018
2026-06-25 17:26:04 [INFO] 正在下载正文附件: WS_T 598.5—2018
2026-06-25 17:26:06 [INFO] 正在下载正文附件: WS_T 598.6—2018
2026-06-25 17:26:07 [INFO] 正在下载正文附件: WS_T 598.7—2018
2026-06-25 17:26:10 [INFO] 正在下载正文附件: WS_T 598.8—2018
2026-06-25 17:26:12 [INFO] 正在下载正文附件: WS_T 598.9—2018
2026-06-25 17:26:15 [INFO] 正在下载正文附件: WS 599.1—2018
2026-06-25 17:26:16 [INFO] 正在下载正文附件: WS 599.2—2018
2026-06-25 17:26:19 [INFO] 正在下载正文附件: WS 599.3—2018
2026-06-25 17:26:22 [INFO] 正在下载正文附件: WS 599.4—2018
2026-06-25 17:26:29 [INFO] 正在下载正文附件: WS 213—2018.unknown
2026-06-25 17:26:30 [INFO] 正在下载正文附件: WS 216—2018.unknown
2026-06-25 17:26:32 [INFO] 正在下载正文附件: WS 273—2018.unknown
2026-06-25 17:26:34 [INFO] 正在下载正文附件: WS 291—2018.unknown
2026-06-25 17:26:37 [INFO] 正在下载正文附件: WS 588—2018.unknown
2026-06-25 17:26:40 [INFO] 正在下载正文附件: WS 589—2018.unknown
2026-06-25 17:26:43 [INFO] 正在下载正文附件: WS_T&nbsp;590—2018.unknown
2026-06-25 17:26:49 [INFO] 正在下载正文附件: WS_T 594—2018.unknown
2026-06-25 17:26:54 [INFO] 正在下载正文附件: WS_T 586—2018.unknown
2026-06-25 17:26:55 [INFO] 正在下载正文附件: WS_T 587—2018.unknown
2026-06-25 17:27:00 [INFO] 正在下载正文附件: WS_T 595—2018.unknown
2026-06-25 17:27:15 [INFO] 数据已存在，跳过解析并保留原数据：国家卫生计生委关于修改《新食品原料安全性审查管理办法》等7件部门规章的决定
2026-06-25 17:27:19 [INFO] 数据已存在，跳过解析并保留原数据：国家卫生计生委关于决定废止《母乳代用品销售管理办法》等4件部门规章的委令
2026-06-25 17:27:34 [INFO] 数据已存在，跳过解析并保留原数据：返回主站 >
2026-06-25 17:27:34 [INFO] 数据已存在，跳过解析并保留原数据：卫生计生系统内部审计工作规定
2026-06-25 17:27:36 [INFO] 正在下载正文附件: 24号通告标准文本.unknown
2026-06-25 17:28:36 [INFO] 正在下载正文附件: WS 196—2017.unknown
2026-06-25 17:28:38 [INFO] 正在下载正文附件: WS 288—2017.unknown
2026-06-25 17:28:45 [INFO] 数据已存在，跳过解析并保留原数据：中医诊所备案管理暂行办法
2026-06-25 17:28:46 [INFO] 正在下载正文附件: 《工业X射线探伤室辐射屏蔽规范》GBZ_T 250 -2014）第1号修改单&nbsp;.unknown
2026-06-25 17:28:47 [ERROR] 正文附件下载失败: 《工业X射线探伤室辐射屏蔽规范》GBZ_T 250 -2014）第1号修改单&nbsp;.unknown, 目标链接: https://www.nhc.gov.cn/fzs/c100048/201711/b9d872c7fd95439ea46e1dfc0d91e951/files/1733125550491_14254.docx
2026-06-25 17:28:47 [INFO] 正在下载正文附件: 《外照射辐射事故中受照人员器官剂量重建规范》GBZ_T 261 -2015）第1号修改单.unknown
2026-06-25 17:28:47 [ERROR] 正文附件下载失败: 《外照射辐射事故中受照人员器官剂量重建规范》GBZ_T 261 -2015）第1号修改单.unknown, 目标链接: https://www.nhc.gov.cn/fzs/c100048/201711/b9d872c7fd95439ea46e1dfc0d91e951/files/1733125550510_74623.docx
2026-06-25 17:28:47 [INFO] 正在下载正文附件: 《细菌性腹泻临床实验室诊断操作指南》（WS_T 498 -2017）第1号修改单.unknown
2026-06-25 17:28:47 [ERROR] 正文附件下载失败: 《细菌性腹泻临床实验室诊断操作指南》（WS_T 498 -2017）第1号修改单.unknown, 目标链接: https://www.nhc.gov.cn/fzs/c100048/201711/b9d872c7fd95439ea46e1dfc0d91e951/files/1733125550461_37049.docx
2026-06-25 17:28:51 [INFO] 正在下载正文附件: GBZ 104—2017.unknown
2026-06-25 17:28:54 [INFO] 正在下载正文附件: GBZ 105—2017.unknown
2026-06-25 17:28:56 [INFO] 正在下载正文附件: GBZ_T 163—2017.unknown
2026-06-25 17:28:57 [INFO] 正在下载正文附件: GBZ_T 244—2017.unknown
2026-06-25 17:29:03 [INFO] 正在下载正文附件: GBZ_T 301—2017.unknown
2026-06-25 17:29:07 [INFO] 正在下载正文附件: WS 581—2017.unknown
2026-06-25 17:29:09 [INFO] 正在下载正文附件: WS 582—2017.unknown
2026-06-25 17:29:10 [INFO] 正在下载正文附件: WS_T 184—2017.unknown
2026-06-25 17:29:11 [INFO] 正在下载正文附件: WS_T 583—2017.unknown
2026-06-25 17:29:13 [INFO] 正在下载正文附件: WS_T 584—2017.unknown
2026-06-25 17:29:19 [INFO] 正在下载正文附件: GBZ_T 280-2017.unknown
2026-06-25 17:29:23 [INFO] 正在下载正文附件: GBZ_T 287-2017.unknown
2026-06-25 17:29:26 [INFO] 正在下载正文附件: GBZ_T 299.2-2017
2026-06-25 17:29:47 [INFO] 正在下载正文附件: 18号标准.unknown
2026-06-25 17:29:55 [INFO] 正在下载正文附件: 17号标准.unknown
2026-06-25 17:30:02 [INFO] 正在下载正文附件: 16号标准.unknown
2026-06-25 17:30:11 [INFO] 正在下载正文附件: 15号标准.unknown
2026-06-25 17:30:16 [INFO] 正在下载正文附件: 14号标准.unknown
2026-06-25 17:30:31 [INFO] 数据已存在，跳过解析并保留原数据：中华人民共和国职业病防治法
2026-06-25 17:30:33 [INFO] 正在下载正文附件: WS_T 90—2017.unknown
2026-06-25 17:30:34 [INFO] 正在下载正文附件: WS_T 572—2017.unknown
2026-06-25 17:30:40 [INFO] 正在下载正文附件: WS_T 535—2017.unknown
2026-06-25 17:30:46 [INFO] 正在下载正文附件: WST 563—2017.unknown
2026-06-25 17:30:47 [INFO] 正在下载正文附件: WST 564—2017.unknown
2026-06-25 17:30:49 [INFO] 正在下载正文附件: WST 565—2017.unknown
2026-06-25 17:30:51 [INFO] 正在下载正文附件: WST 566—2017.unknown
2026-06-25 17:30:52 [INFO] 正在下载正文附件: WST 567—2017.unknown
2026-06-25 17:30:54 [INFO] 正在下载正文附件: WST 568—2017.unknown
2026-06-25 17:30:56 [INFO] 正在下载正文附件: WST 569—2017.unknown
2026-06-25 17:30:59 [INFO] 正在下载正文附件: WST 570—2017.unknown
2026-06-25 17:31:02 [INFO] 正在下载正文附件: WST 571—2017.unknown
2026-06-25 17:31:07 [INFO] 正在下载正文附件: WS_T 552—2017.unknown
2026-06-25 17:31:08 [INFO] 正在下载正文附件: WS_T 553—2017.unknown
2026-06-25 17:31:10 [INFO] 正在下载正文附件: WS_T 554—2017.unknown
2026-06-25 17:31:11 [INFO] 正在下载正文附件: WS_T 555—2017.unknown
2026-06-25 17:31:13 [INFO] 正在下载正文附件: WS_T 556—2017.unknown
2026-06-25 17:31:15 [INFO] 正在下载正文附件: WS_T 557—2017.unknown
2026-06-25 17:31:18 [INFO] 正在下载正文附件: WS_T 558—2017.unknown
2026-06-25 17:31:20 [INFO] 正在下载正文附件: WS_T 559—2017.unknown
2026-06-25 17:31:22 [INFO] 正在下载正文附件: WS_T 560—2017.unknown
2026-06-25 17:31:46 [INFO] 数据已存在，跳过解析并保留原数据：返回主站 >
2026-06-25 17:31:48 [INFO] 正在下载正文附件: WS_T 536—2017.unknown
2026-06-25 17:31:53 [INFO] 正在下载正文附件: WS 537—2017.unknown
2026-06-25 17:31:57 [INFO] 正在下载正文附件: WS 538—2017.unknown
2026-06-25 17:31:59 [INFO] 正在下载正文附件: WS 539—2017.unknown
2026-06-25 17:32:02 [INFO] 正在下载正文附件: WS 540—2017.unknown
2026-06-25 17:32:08 [INFO] 正在下载正文附件: WS 541—2017.unknown
2026-06-25 17:32:10 [INFO] 正在下载正文附件: WS 542—2017.unknown
2026-06-25 17:32:14 [INFO] 正在下载正文附件: WS375.13—2017
2026-06-25 17:32:16 [INFO] 正在下载正文附件: WS_T 543.1—2017
2026-06-25 17:32:17 [INFO] 正在下载正文附件: WS_T 543.2—2017
2026-06-25 17:32:21 [INFO] 正在下载正文附件: WS_T 543.3—2017
2026-06-25 17:32:27 [INFO] 正在下载正文附件: WS_T 543.4—2017
2026-06-25 17:32:29 [INFO] 正在下载正文附件: WS_T 543.5—2017
2026-06-25 17:32:30 [INFO] 正在下载正文附件: WS_T 543.6—2017
2026-06-25 17:32:32 [INFO] 正在下载正文附件: WS_T 544—2017.unknown
2026-06-25 17:32:34 [INFO] 正在下载正文附件: WS_T 545—2017.unknown
2026-06-25 17:32:37 [INFO] 正在下载正文附件: WS_T 546—2017.unknown
2026-06-25 17:32:40 [INFO] 正在下载正文附件: WS_T 547—2017.unknown
2026-06-25 17:32:42 [INFO] 正在下载正文附件: WS_T 548—2017.unknown
2026-06-25 17:33:14 [INFO] 正在下载正文附件: WS 233—2017.unknown
2026-06-25 17:33:33 [ERROR] 正文附件下载失败: WS 233—2017.unknown, 目标链接: https://www.nhc.gov.cn/fzs/c100048/201708/391dbf43e0164c0ab6d65823bb2cafa1/files/1733125830560_36561.pdf
2026-06-25 17:33:33 [INFO] 正在下载正文附件: WS 296—2017.unknown
2026-06-25 17:33:35 [INFO] 正在下载正文附件: WS_T 191—2017.unknown
2026-06-25 17:33:37 [INFO] 正在下载正文附件: WS_T 236—2017.unknown
2026-06-25 17:33:39 [INFO] 正在下载正文附件: WS_T 562—2017.unknown
2026-06-25 17:34:05 [INFO] 正在下载正文附件: WS 76—2017 医用常规X射线诊断设备质量控制检测规范（代替WS 76—2011）.unknown
2026-06-25 17:34:10 [INFO] 正在下载正文附件: WS 262—2017 后装γ源近距离治疗质量控制检测规范（代替WS 262—2006）.unknown
2026-06-25 17:34:14 [INFO] 正在下载正文附件: WS 518—2017 乳腺X射线屏片摄影系统质量控制检测规范（代替GBZ 186—2007）.unknown
2026-06-25 17:34:17 [INFO] 正在下载正文附件: WS 520—2017 计算机X射线摄影（CR）质量控制检测规范（代替GBZ187—2007）.unknown
2026-06-25 17:34:21 [INFO] 正在下载正文附件: WS 521—2017 医用数字X射线摄影（DR）系统质量控制检测规范.unknown
2026-06-25 17:34:23 [INFO] 正在下载正文附件: WS 522—2017 乳腺数字X射线摄影系统质量控制检测规范.unknown
2026-06-25 17:34:26 [INFO] 正在下载正文附件: WS 530—2017 乳腺计算机X射线摄影系统质量控制检测规范.unknown
2026-06-25 17:34:28 [INFO] 正在下载正文附件: WS 531—2017 螺旋断层治疗装置质量控制检测规范.unknown
2026-06-25 17:34:34 [INFO] 正在下载正文附件: WS_T 496-2017.unknown
2026-06-25 17:34:36 [INFO] 正在下载正文附件: WS_T 497-2017.unknown
2026-06-25 17:34:39 [INFO] 正在下载正文附件: WS_T 498-2017.unknown
2026-06-25 17:34:44 [INFO] 正在下载正文附件: WS_T 499-2017.unknown
2026-06-25 17:34:49 [INFO] 正在下载正文附件: WS_T 514-2017.unknown
2026-06-25 17:35:02 [INFO] 正在下载正文附件: WS 310.1—2016 医院消毒供应中心第1部分：管理规范（代替WS310.1—2009）
2026-06-25 17:35:05 [INFO] 正在下载正文附件: WS 310.2—2016 医院消毒供应中心第2部分：清洗消毒及灭菌技术操作规范（代替WS 310.2—2009）
2026-06-25 17:35:10 [INFO] 正在下载正文附件: WS 310.3—2016 医院消毒供应中心第3部分：清洗消毒及灭菌效果监测标准（代替WS 310.3—2009）
2026-06-25 17:35:14 [INFO] 正在下载正文附件: WS 506—2016口腔器械消毒灭菌技术操作规范.unknown
2026-06-25 17:35:19 [INFO] 正在下载正文附件: WS 507—2016软式内镜清洗消毒技术规范.unknown
2026-06-25 17:35:22 [INFO] 正在下载正文附件: WS_T 508—2016 医院医用织物洗涤消毒技术规范.unknown
2026-06-25 17:35:27 [INFO] 正在下载正文附件: WS_T 509—2016 重症监护病房医院感染预防与控制规范.unknown
2026-06-25 17:35:30 [INFO] 正在下载正文附件: WS_T 510—2016 病区医院感染管理规范.unknown
2026-06-25 17:35:33 [INFO] 正在下载正文附件: WS_T 511—2016 经空气传播疾病医院感染预防与控制规范.unknown
2026-06-25 17:35:35 [INFO] 正在下载正文附件: WS_T 512—2016 医疗机构环境表面清洁与消毒管理规范.unknown
2026-06-25 17:35:43 [INFO] 正在下载正文附件: WS_T 528—2016 小型集中式供水消毒技术规范.unknown
2026-06-25 17:35:49 [INFO] 正在下载正文附件: WS_T 529-2016 远程医疗信息系统基本功能规范.pdf
2026-06-25 17:35:51 [INFO] 正在下载正文附件: WS 375.18-2016 疾病控制基本数据集 第18部分：疑似预防接种异常反应报告.pdf
2026-06-25 17:35:54 [INFO] 正在下载正文附件: WS 375.19-2016 疾病控制基本数据集 第19部分：疫苗管理.pdf
2026-06-25 17:35:57 [INFO] 正在下载正文附件: WS 375.20-2016 疾病控制基本数据集 第20部分：脑卒中登记报告.pdf
2026-06-25 17:36:01 [INFO] 正在下载正文附件: WS 375.21-2016 疾病控制基本数据集 第21部分：脑卒中病人管理.pdf
2026-06-25 17:36:05 [INFO] 正在下载正文附件: WS 375.22-2016 疾病控制基本数据集 第22部分：宫颈癌筛查登记.pdf
2026-06-25 17:36:37 [ERROR] 正文附件下载失败: WS 375.22-2016 疾病控制基本数据集 第22部分：宫颈癌筛查登记.pdf, 目标链接: https://www.nhc.gov.cn/fzs/c100048/201612/9e37cc5962f143aa8addeb958dfe8473/files/1733125619953_14646.pdf
2026-06-25 17:36:37 [INFO] 正在下载正文附件: WS 375.23-2016 疾病控制基本数据集 第23部分：大肠癌筛查登记.pdf
2026-06-25 17:36:44 [INFO] 正在下载正文附件: WS_T 527-2016.unknown
2026-06-25 17:36:48 [INFO] 正在下载正文附件: GBZ_T284—2016.unknown
2026-06-25 17:37:00 [INFO] 正在下载正文附件: GBZ_T285—2016.unknown
2026-06-25 17:37:03 [INFO] 正在下载正文附件: GBZ_T286—2016.unknown
2026-06-25 17:37:08 [INFO] 正在下载正文附件: WS_T 235-2016.unknown
2026-06-25 17:37:11 [INFO] 正在下载正文附件: WS_T 237-2016.unknown
2026-06-25 17:37:14 [INFO] 正在下载正文附件: WS_T 513-2016.unknown
2026-06-25 17:37:19 [INFO] 正在下载正文附件: GBZ_T 272-2016.unknown
2026-06-25 17:38:05 [ERROR] 正文附件下载失败: GBZ_T 272-2016.unknown, 目标链接: https://www.nhc.gov.cn/fzs/c100048/201611/59f47498e514482b998729e0ed065283/files/1733125690110_90149.pdf
2026-06-25 17:38:05 [INFO] 正在下载正文附件: GBZ_T 275-2016.unknown
2026-06-25 17:38:09 [INFO] 正在下载正文附件: GBZ_T 276-2016.unknown
2026-06-25 17:38:12 [INFO] 正在下载正文附件: GBZ_T 277-2016.unknown
2026-06-25 17:38:19 [INFO] 正在下载正文附件: WS 488-2016 医院中央空调系统运行管理.unknown
2026-06-25 17:38:54 [INFO] 数据已存在，跳过解析并保留原数据：返回主站 >
2026-06-25 17:38:59 [INFO] 正在下载正文附件: 《职业性急性丙烯腈中毒的诊断》等6项国家职业卫生行业标准.zip
2026-06-25 17:39:07 [INFO] 正在下载正文附件: WS_T 495-2016 健康促进学校规范.unknown
2026-06-25 17:39:11 [INFO] 正在下载正文附件: 《电子病历共享文档规范 第1部分：病历概要》等57项卫生行业标准.zip
2026-06-25 17:40:37 [INFO] 正在下载正文附件: WS_T 524-2016 医院感染暴发控制指南.unknown
2026-06-25 17:40:56 [ERROR] 正文附件下载失败: WS_T 524-2016 医院感染暴发控制指南.unknown, 目标链接: https://www.nhc.gov.cn/fzs/c100048/201609/82688cdefe12471c8fb888c3e6bead4c/files/1733125822612_21879.pdf
2026-06-25 17:40:56 [INFO] 正在下载正文附件: WST 525-2016 医院感染管理专业人员培训指南.unknown
2026-06-25 17:41:01 [INFO] 正在下载正文附件: WS_T 482-2016 卫生信息共享文档编制规范.pdf
2026-06-25 17:41:20 [ERROR] 正文附件下载失败: WS_T 482-2016 卫生信息共享文档编制规范.pdf, 目标链接: https://www.nhc.gov.cn/fzs/c100048/201607/c9a505f0ae7f41d0a81f019515b1df9c/files/1733125144186_26255.pdf
2026-06-25 17:41:20 [INFO] 正在下载正文附件: WS_T 483.1-2016 健康档案共享文档规范第1部分：个人基本健康信息登记.pdf
2026-06-25 17:41:22 [INFO] 正在下载正文附件: WS_T 483.2-2016 健康档案共享文档规范第2部分：出生医学证明.pdf
2026-06-25 17:41:41 [ERROR] 正文附件下载失败: WS_T 483.2-2016 健康档案共享文档规范第2部分：出生医学证明.pdf, 目标链接: https://www.nhc.gov.cn/fzs/c100048/201607/c9a505f0ae7f41d0a81f019515b1df9c/files/1733125144503_56130.pdf
2026-06-25 17:41:41 [INFO] 正在下载正文附件: WS_T 483.3-2016 健康档案共享文档规范第3部分：新生儿家庭访视.pdf
2026-06-25 17:41:49 [INFO] 正在下载正文附件: WS_T 483.4-2016 健康档案共享文档规范第4部分：儿童健康体检.pdf
2026-06-25 17:41:54 [INFO] 正在下载正文附件: WS_T 483.5-2016 健康档案共享文档规范第5部分：首次产前随访服务.pdf
2026-06-25 17:42:01 [INFO] 正在下载正文附件: WS_T 483.6-2016 健康档案共享文档规范第６部分：产前随访服务.pdf
2026-06-25 17:42:07 [INFO] 正在下载正文附件: WS_T 483.7-2016 健康档案共享文档规范第７部分：产后访视.pdf
2026-06-25 17:42:11 [INFO] 正在下载正文附件: WS_T 483.8-2016 健康档案共享文档规范第8部分：产后42天健康检查.pdf
2026-06-25 17:42:13 [INFO] 正在下载正文附件: WS_T 483.9-2016 健康档案共享文档规范第9部分：预防接种报告.pdf
2026-06-25 17:42:16 [INFO] 正在下载正文附件: WS_T 483.11-2016 健康档案共享文档规范第11部分：死亡医学证明.pdf
2026-06-25 17:42:18 [INFO] 正在下载正文附件: WS_T 483.12-2016 健康档案共享文档规范第12部分：高血压患者随访服务.pdf
2026-06-25 17:42:23 [INFO] 正在下载正文附件: WS_T 483.13-2016 健康档案共享文档规范第13部分：2型糖尿病患者随访服务.pdf
2026-06-25 17:42:28 [INFO] 正在下载正文附件: WS_T 483.14-2016 健康档案共享文档规范第14部分：重性精神疾病患者个人信息登记.pdf
2026-06-25 17:42:32 [INFO] 正在下载正文附件: WS_T 483.15-2016 健康档案共享文档规范第15部分：重性精神疾病患者随访服务.pdf
2026-06-25 17:42:38 [INFO] 正在下载正文附件: WS_T 483.16-2016 健康档案共享文档规范第16部分：成人健康体检.pdf
2026-06-25 17:42:49 [INFO] 正在下载正文附件: WS_T 483.17-2016 门诊摘要.pdf
2026-06-25 17:42:55 [INFO] 正在下载正文附件: WS_T 483.18-2016 住院摘要.pdf
2026-06-25 17:43:00 [INFO] 正在下载正文附件: WS_T 483.19-2016 会诊记录.pdf
2026-06-25 17:43:02 [INFO] 正在下载正文附件: WS_T 483.20-2016 转诊（院）记录.pdf
2026-06-25 17:43:08 [INFO] 正在下载正文附件: WS 375.14-2016 疾病控制基本数据集 第14部分：学校缺勤缺课监测报告.pdf
2026-06-25 17:43:10 [INFO] 正在下载正文附件: WS 375.15-2016 疾病控制基本数据集 第15部分：托幼机构缺勤监测报告.pdf
2026-06-25 17:43:15 [INFO] 正在下载正文附件: WS／T 489-2016尿路感染临床微生物实验室诊断.pdf
2026-06-25 17:43:18 [INFO] 正在下载正文附件: WS／T 490-2016临床化学测量系统校准指南.pdf
2026-06-25 17:43:20 [INFO] 正在下载正文附件: WS／T 491-2016梅毒非特异性抗体检测操作指南.pdf
2026-06-25 17:43:24 [INFO] 正在下载正文附件: WS／T 492-2016临床检验定量测定项目精密度与正确度性能验证.pdf
2026-06-25 17:43:35 [INFO] 正在下载正文附件: GBZ 106-2016 职业性放射性皮肤损伤诊断.pdf
2026-06-25 17:43:37 [INFO] 正在下载正文附件: GBZ 128-2016 职业性外照射个人监测规范.pdf
2026-06-25 17:43:41 [INFO] 正在下载正文附件: GBZ 129-2016 职业性内照射个人监测规范.pdf
2026-06-25 17:43:49 [INFO] 正在下载正文附件: GBZ 207-2016 外照射个人剂量系统性能检验规范.pdf
2026-06-25 17:43:53 [INFO] 正在下载正文附件: GBZ／T 269-2016 尿样中总α和总β放射性检测规范.pdf
2026-06-25 17:43:55 [INFO] 正在下载正文附件: GBZ／T 270-2016 矿工氡子体个人累积暴露量估算规范.pdf
2026-06-25 17:43:58 [INFO] 正在下载正文附件: GBZ／T 271-2016 核或辐射应急准备与响应通用准则.pdf
2026-06-25 17:44:12 [INFO] 正在下载正文附件: WS 294-2016 脊髓灰质炎诊断.pdf
2026-06-25 17:44:42 [ERROR] 正文附件下载失败: WS 294-2016 脊髓灰质炎诊断.pdf, 目标链接: https://www.nhc.gov.cn/fzs/c100048/201606/6fcde925121248ffaa738441429064ed/files/1733125303582_59602.pdf
2026-06-25 17:44:53 [INFO] 正在下载正文附件: WS_T 87-2016人群总摄氟量.pdf
2026-06-25 17:45:11 [INFO] 正在下载正文附件: WS_T 485-2016 抗疟药使用规范.pdf
2026-06-25 17:45:15 [INFO] 正在下载正文附件: WS_T 487-2016 隐孢子虫病的诊断.pdf
2026-06-25 17:45:23 [INFO] 正在下载正文附件: WS_T 107.1-2016《尿中碘的测定 第1部分：砷铈催化分光光度法》.pdf
2026-06-25 17:45:24 [INFO] 正在下载正文附件: WS_T 107.2-2016《尿中碘的测定 第2部分：电感耦合等离子体质谱法》.pdf
2026-06-25 17:45:51 [INFO] 正在下载正文附件: GBZ 5-2016 职业性氟及其无机化合物中毒的诊断.pdf
2026-06-25 17:45:56 [INFO] 数据已存在，跳过解析并保留原数据：中华人民共和国国家卫生和计划生育委员会令 第8号
2026-06-25 17:46:21 [INFO] 数据已存在，跳过解析并保留原数据：返回主站 >
2026-06-25 17:46:23 [INFO] 正在下载正文附件: WS_T 476-2015 营养名词术语.pdf
2026-06-25 17:46:31 [INFO] 正在下载正文附件: GBZ 17-2015 职业性镉中毒的诊断.pdf
2026-06-25 17:46:32 [INFO] 正在下载正文附件: GBZ 37-2015 职业性慢性铅中毒的诊断.pdf
2026-06-25 17:46:34 [INFO] 正在下载正文附件: GBZ 70-2015 职业性尘肺病的诊断.pdf
2026-06-25 17:46:42 [INFO] 正在下载正文附件: WS_T 486-2015 弓形虫病的诊断.pdf
2026-06-25 17:46:50 [INFO] 正在下载正文附件: GBZ 107-2015职业性放射性性腺疾病诊断.pdf
2026-06-25 17:46:52 [INFO] 正在下载正文附件: GBZ_T 267-2015职业病诊断文书书写规范.pdf
2026-06-25 17:46:58 [INFO] 正在下载正文附件: GBZT 201.4-2015放射治疗机房的辐射屏蔽规范 第4部分：锎-252中子后装放射治疗机房.pdf
2026-06-25 17:47:02 [INFO] 正在下载正文附件: GBZT 201.5-2015放射治疗机房的辐射屏蔽规范 第5部分：质子加速器放射治疗机房.pdf
2026-06-25 17:47:10 [INFO] 正在下载正文附件: GBZT 220.3-2015建设项目职业病危害放射防护评价规范 第3部分：γ辐照加工装置、中高能加速器.pdf
2026-06-25 17:47:15 [INFO] 正在下载正文附件: GBZT 261-2015外照射辐射事故中受照人员器官剂量重建规范.pdf
2026-06-25 17:47:24 [INFO] 正在下载正文附件: WS 259-2015 疟疾的诊断.pdf
2026-06-25 17:47:31 [INFO] 正在下载正文附件: 地震灾区预防性消毒卫生要求.pdf
2026-06-25 17:47:45 [INFO] 正在下载正文附件: 儿童少年矫正眼镜卫生要求.pdf
2026-06-25 17:47:46 [INFO] 正在下载正文附件: 学生军训卫生安全规范.pdf
2026-06-25 17:47:57 [INFO] 正在下载正文附件: D-二聚体定量检测.pdf
2026-06-25 17:47:59 [INFO] 正在下载正文附件: 血清25-羟基维生素D3检测操作指南 同位素稀释液相色谱串联质谱法.pdf
2026-06-25 17:48:07 [INFO] 正在下载正文附件: WS_T484-2015老年人健康管理技术规范.pdf
2026-06-25 17:48:17 [INFO] 正在下载正文附件: 医疗纠纷预防与处理条例（送审稿）.doc
2026-06-25 17:48:18 [INFO] 正在下载正文附件: 国家卫生和计划生育委员会关于《医疗纠纷预防与处理条例（送审稿）的起草说明》.doc
2026-06-25 17:48:22 [INFO] 正在下载正文附件: WS_T 471-2015 寄生虫病诊断名词术语.unknown
2026-06-25 17:48:29 [INFO] 正在下载正文附件: WS_T 472-2015 口腔健康调查 检查方法.unknown
2026-06-25 17:48:53 [INFO] 正在下载正文附件: WS_T 479-2015&nbsp; 0～6岁儿童健康管理技术规范.unknown
2026-06-25 17:49:11 [INFO] 正在下载正文附件: 前列腺特异性抗原检测前列腺癌临床应用.unknown
2026-06-25 17:49:12 [INFO] 正在下载正文附件: 糖化血红蛋白检测.unknown
2026-06-25 17:49:14 [INFO] 正在下载正文附件: 冠状动脉疾病和心力衰竭时心脏标志物检测与临床应用.unknown
2026-06-25 17:49:15 [INFO] 正在下载正文附件: 血清低密度脂蛋白胆固醇检测.unknown
2026-06-25 17:49:56 [INFO] 数据已存在，跳过解析并保留原数据：返回主站 >
2026-06-25 17:50:01 [INFO] 正在下载正文附件: WS_T404.5-2015
2026-06-25 17:50:03 [INFO] 正在下载正文附件: WS_T404.6-2015
2026-06-25 17:50:04 [INFO] 正在下载正文附件: WS_T404.7-2015
2026-06-25 17:50:06 [INFO] 正在下载正文附件: WS_T404.8-2015
2026-06-25 17:50:11 [INFO] 正在下载正文附件: GBZ14-2015.unknown
2026-06-25 17:50:13 [INFO] 正在下载正文附件: GBZ32-2015.unknown
2026-06-25 17:50:15 [INFO] 正在下载正文附件: GBZ50-2015.unknown
2026-06-25 17:50:19 [INFO] 数据已存在，跳过解析并保留原数据：国家卫生和计划生育委员会令第5号
2026-06-25 17:50:43 [INFO] 正在下载正文附件: 《工业γ射线探伤放射防护标准.unknown
2026-06-25 17:50:43 [INFO] 正在下载正文附件: 工业x射线探伤放射防护要求解读司局修改20150108.doc
2026-06-25 17:50:48 [INFO] 正在下载正文附件: 《工业γ射线探伤放射防护标准.unknown
2026-06-25 17:50:48 [INFO] 正在下载正文附件: 工业x射线探伤放射防护要求解读司局修改20150108.doc
2026-06-25 17:51:24 [INFO] 正在下载正文附件: 《社会抚养费征收管理条例(送审稿）》起草说明.doc
2026-06-25 17:51:25 [INFO] 正在下载正文附件: 社会抚养费征收管理条例(送审稿).doc
2026-06-25 17:51:25 [INFO] 正在下载正文附件: 《社会抚养费征收管理条例（送审稿）》与《社会抚养费征收管理办法》对照表.doc
2026-06-25 17:51:45 [INFO] 数据已存在，跳过解析并保留原数据：返回主站 >
2026-06-25 17:52:15 [INFO] 正在下载正文附件: WS_T 466-2014消毒专业名词术语.unknown
2026-06-25 17:52:33 [INFO] 正在下载正文附件: 禁止非医学需要的胎儿性别鉴定和选择性别人工终止妊娠的规定（公开征求意见稿）.docx
2026-06-25 17:52:37 [INFO] 正在下载正文附件: 禁止非医学需要的胎儿性别鉴定和选择性别人工终止妊娠的规定（公开征求意见稿）.docx
2026-06-25 17:52:45 [INFO] 正在下载正文附件: GBZ 95-2014.pdf
2026-06-25 17:52:48 [INFO] 正在下载正文附件: GBZT 254-2014.pdf
2026-06-25 17:53:54 [INFO] 数据已存在，跳过解析并保留原数据：返回主站 >
2026-06-25 17:54:04 [INFO] 正在下载正文附件: 附件1《正电子发射断层成像（PET）的放射防护要求（征求意见稿）》及编制说明.doc
2026-06-25 17:54:05 [INFO] 正在下载正文附件: 附件2 征求意见反馈表.docx
2026-06-25 17:54:10 [INFO] 正在下载正文附件: 2014年第一批卫生标准制（修）订项目计划.docx
2026-06-25 17:54:40 [INFO] 正在下载正文附件: 卫生和计划生育单位工作人员违反职业行为规范处理办法(征求意见稿).doc
2026-06-25 17:54:44 [INFO] 正在下载正文附件: 医用X射线诊断放射防护要求.PDF
2026-06-25 17:54:58 [INFO] 正在下载正文附件: 第七届国家卫生标准委员会委员名单及各标准专业委员会委员名单.pdf
2026-06-25 17:55:49 [INFO] 正在下载正文附件: 《工业企业设计卫生标准》（GBZ1—2010）.pdf
2026-06-25 17:56:23 [INFO] 正在下载正文附件: 标准征求意见稿.unknown
2026-06-25 17:56:23 [INFO] 正在下载正文附件: 修订说明.pdf
2026-06-25 17:56:24 [INFO] 正在下载正文附件: 征求意见回执表.doc
2026-06-25 17:56:44 [INFO] 数据已存在，跳过解析并保留原数据：返回主站 >
2026-06-25 17:56:53 [INFO] 正在下载正文附件: WS 434-2013 医院电力系统运行管理.pdf
2026-06-25 17:57:05 [INFO] 正在下载正文附件: WS 435-2013 医院医用气体系统运行管理.pdf
2026-06-25 17:57:16 [INFO] 正在下载正文附件: WS 436-2013 医院二次供水运行管理.pdf
2026-06-25 17:57:27 [INFO] 正在下载正文附件: WS 437-2013 医院供热系统运行管理.pdf
2026-06-25 17:57:45 [INFO] 正在下载正文附件: WS 438-2013 裂头蚴病的诊断.pdf
2026-06-25 17:57:56 [INFO] 正在下载正文附件: WS 439-2013 钩虫病的诊断.pdf
2026-06-25 17:58:17 [INFO] 正在下载正文附件: WST 416-2013 干扰实验指南.pdf
2026-06-25 17:58:33 [INFO] 正在下载正文附件: WST 417-2013 γ-谷氨酰基转移酶催化活性浓度测定参考方法.pdf
2026-06-25 17:58:54 [INFO] 正在下载正文附件: WST 418-2013 受委托临床实验室选择指南.pdf
2026-06-25 17:59:03 [INFO] 正在下载正文附件: WST 419-2013 参考物质中酶活性浓度的赋值.pdf
2026-06-25 17:59:33 [INFO] 正在下载正文附件: WST 420-2013 临床实验室对商品定量试剂盒分析性能的验证.pdf
2026-06-25 18:00:08 [INFO] 正在下载正文附件: WST 421-2013 抗酵母样真菌药物敏感性试验 肉汤稀释法.pdf
2026-06-25 18:00:26 [INFO] 数据已存在，跳过解析并保留原数据：新食品原料安全性审查管理办法（国家卫生和计划生育委员会令第1号）
2026-06-25 18:00:28 [INFO] 正在下载正文附件: wst411.pdf
2026-06-25 18:00:46 [INFO] 正在下载正文附件: wst410.pdf
2026-06-25 18:01:01 [INFO] 正在下载正文附件: wst409.pdf
2026-06-25 18:01:20 [INFO] 正在下载正文附件: WST 409-2013 临床检测方法总分析误差的确定.pdf
2026-06-25 18:01:34 [INFO] 正在下载正文附件: WST 410-2013 血清高密度脂蛋白胆固醇测定.pdf
2026-06-25 18:01:43 [INFO] 正在下载正文附件: WST 411-2013 抗丝状真菌药物敏感性试验肉汤稀释法.pdf
2026-06-25 18:01:58 [INFO] 正在下载正文附件: WST 412-2013 血清甘油三酯测定参考方法同位素稀释气相色谱质谱法.pdf
2026-06-25 18:02:07 [INFO] 正在下载正文附件: WST 413-2013 血清肌酐测定参考方法同位素稀释液相色谱串联质谱法.pdf
2026-06-25 18:02:17 [INFO] 正在下载正文附件: WST 414-2013 室间质量评价结果应用指南.pdf
2026-06-25 18:02:25 [INFO] 正在下载正文附件: WST 415-2013 无室间质量评价时实验室检测评估方法.pdf
2026-06-25 18:02:37 [INFO] 正在下载正文附件: 《公共场所集中空调通风系统清洗消毒规范（WST396-2012）》 标准第1号修改单.pdf
2026-06-25 18:02:43 [INFO] 正在下载正文附件: 高压氧临床应用技术规范.pdf
2026-06-25 18:03:13 [INFO] 正在下载正文附件: 职业性皮肤病的诊断.pdf
2026-06-25 18:03:23 [INFO] 正在下载正文附件: 职业性苯中毒的诊断.pdf
2026-06-25 18:03:29 [INFO] 正在下载正文附件: 职业性急性化学物中毒的诊断 总则.pdf
2026-06-25 18:03:39 [INFO] 正在下载正文附件: 职业性急性中毒性肾病的诊断.pdf
2026-06-25 18:03:42 [INFO] 正在下载正文附件: 职业性砷中毒的诊断.pdf
2026-06-25 18:03:46 [INFO] 正在下载正文附件: 职业性急性环氧乙烷中毒的诊断.pdf
2026-06-25 18:03:50 [INFO] 正在下载正文附件: 职业性急性百草枯中毒的诊断.pdf
2026-06-25 18:03:55 [INFO] 正在下载正文附件: 职业性慢性化学物中毒性周围神经病的诊断.pdf
2026-06-25 18:04:28 [INFO] 数据已存在，跳过解析并保留原数据：返回主站 >
2026-06-25 18:04:30 [INFO] 正在下载正文附件: 中华人民共和国药品监督行政执法文书.doc
2026-06-25 18:05:19 [INFO] 正在下载正文附件: GBZ 165-2012&nbsp; X射线计算机断层摄影放射防护要求.unknown
2026-06-25 18:06:04 [INFO] 正在下载正文附件: 旋毛虫病的诊断.unknown
2026-06-25 18:06:12 [INFO] 正在下载正文附件: 放射性心脏损伤诊断.unknown
2026-06-25 18:06:36 [INFO] 数据已存在，跳过解析并保留原数据：返回主站 >
2026-06-25 18:07:40 [INFO] 正在下载正文附件: 部令82号附表.doc
2026-06-25 18:07:47 [INFO] 正在下载正文附件: 1.药品不良反应_事件报告表.doc
2026-06-25 18:07:47 [INFO] 正在下载正文附件: 2.群体不良事件基本信息表.doc
2026-06-25 18:07:48 [INFO] 正在下载正文附件: 3.境外发生的药品不良反应_事件报告表.doc
2026-06-25 18:08:21 [INFO] 数据已存在，跳过解析并保留原数据：返回主站 >
2026-06-25 18:08:29 [INFO] 正在下载正文附件: 卫生部现行有效部门规章目录.doc
2026-06-25 18:08:39 [INFO] 正在下载正文附件: 药品生产质量管理规范.unknown
2026-06-25 18:08:52 [INFO] 正在下载正文附件: 防龋报批稿TCS版.doc
2026-06-25 18:08:52 [INFO] 正在下载正文附件: 敏感报批稿TCS版.doc
2026-06-25 18:08:52 [INFO] 正在下载正文附件: 牙龈炎报批稿TCS版.doc
2026-06-25 18:08:52 [INFO] 正在下载正文附件: 总则报批稿TCS版.doc
2026-06-25 18:09:03 [INFO] 正在下载正文附件: 征求意见汇总处理表.unknown
2026-06-25 18:09:03 [INFO] 正在下载正文附件: 经费使用情况表.unknown
2026-06-25 18:09:03 [INFO] 正在下载正文附件: 食品安全国家标准计划项目调整申请表.unknown
2026-06-25 18:09:07 [INFO] 正在下载正文附件: 外照射放射性骨损伤诊断.unknown
2026-06-25 18:09:15 [INFO] 正在下载正文附件: 核事故场内医学应急响应程序.unknown
2026-06-25 18:09:27 [INFO] 正在下载正文附件: 骨组织库管理.unknown
2026-06-25 18:09:30 [INFO] 正在下载正文附件: 眼库管理.unknown
2026-06-25 18:09:37 [INFO] 正在下载正文附件: 《原发性肺癌诊断》.unknown
2026-06-25 18:09:45 [INFO] 正在下载正文附件: 《石油加工业卫生防护距离》(征求意见稿).doc
2026-06-25 18:10:21 [INFO] 数据已存在，跳过解析并保留原数据：返回主站 >
2026-06-25 18:10:30 [INFO] 正在下载正文附件: 2010年计划(下达).xls
2026-06-25 18:10:31 [INFO] 正在下载正文附件: 委托协议书.doc
2026-06-25 18:11:29 [INFO] 正在下载正文附件: 2009年计划(下达电子版).xls
2026-06-25 18:11:30 [INFO] 正在下载正文附件: 委托协议书.doc
2026-06-25 18:12:14 [INFO] 数据已存在，跳过解析并保留原数据：返回主站 >
2026-06-25 18:12:36 [INFO] 正在下载正文附件: 卫生标准审查管理办法.doc
2026-06-25 18:12:37 [INFO] 正在下载正文附件: 卫生标准制（修）订项目管理办法.doc
2026-06-25 18:12:37 [INFO] 正在下载正文附件: 卫生标准专业委员会工作量化评价办法.doc
2026-06-25 18:13:02 [INFO] 正在下载正文附件: 3 中华人民共和国国务院令 （第449号） 放射性同位素与射线装置安全和防护条例.doc
2026-06-25 18:13:20 [INFO] 正在下载正文附件: 3.国务院关于加强食品等产品安全监督管理的特别规定 中华人民共和国国务院令（第503号）.doc
2026-06-25 18:14:02 [INFO] 数据已存在，跳过解析并保留原数据：返回主站 >
2026-06-25 18:15:32 [INFO] 正在下载正文附件: 《人间传染的高致病性病原微生物实验室和实验活动生物安全审批管理办法》附件1.doc
2026-06-25 18:15:33 [INFO] 正在下载正文附件: 《人间传染的高致病性病原微生物实验室和实验活动生物安全审批管理办法》附件2.doc
2026-06-25 18:15:33 [INFO] 正在下载正文附件: 《人间传染的高致病性病原微生物实验室和实验活动生物安全审批管理办法》附件3.doc
2026-06-25 18:15:47 [INFO] 数据已存在，跳过解析并保留原数据：返回主站 >
2026-06-25 18:15:49 [INFO] 正在下载正文附件: 49号令附表.doc
2026-06-25 18:15:54 [INFO] 正在下载正文附件: 1733123774270_96976.doc
2026-06-25 18:16:16 [INFO] 正在下载正文附件: 卫生部关于修改《卫生行政处罚程序》第二十九条的通知.doc
2026-06-25 18:16:24 [INFO] 正在下载正文附件: 1733124073862_90191.doc
2026-06-25 18:16:24 [INFO] 正在下载正文附件: 放射诊疗许可证－附件1-1.doc
2026-06-25 18:16:24 [INFO] 正在下载正文附件: 放射诊疗许可证-附件1-2.doc
2026-06-25 18:16:24 [INFO] 正在下载正文附件: 附件2-放射诊疗许可申请表.doc
2026-06-25 18:16:40 [INFO] 正在下载正文附件: 1733124117147_72964.doc
2026-06-25 18:17:02 [INFO] 正在下载正文附件: 1733124337328_16434.doc
2026-06-25 18:17:07 [INFO] 正在下载正文附件: 1733124033274_27621.doc
2026-06-25 18:17:15 [INFO] 正在下载正文附件: 卫生行政许可文书.doc
2026-06-25 18:17:32 [INFO] 数据已存在，跳过解析并保留原数据：返回主站 >
2026-06-25 18:17:41 [INFO] 正在下载正文附件: 卫生部关于卫生行政许可项目清理结果的通知（2004年8月19日）.doc
2026-06-25 18:17:46 [INFO] 正在下载正文附件: 传染病防治法(2004年8月28日).doc
2026-06-25 18:18:02 [INFO] 正在下载正文附件: 1733123843920_81086.doc
2026-06-25 18:19:16 [INFO] 数据已存在，跳过解析并保留原数据：返回主站 >
2026-06-25 18:21:03 [INFO] 数据已存在，跳过解析并保留原数据：返回主站 >
2026-06-25 18:22:46 [INFO] 数据已存在，跳过解析并保留原数据：返回主站 >
2026-06-25 18:24:24 [INFO] 数据已存在，跳过解析并保留原数据：返回主站 >
2026-06-25 18:24:32 [INFO] [国家卫生健康委员会] 爬取完毕！成功 774 条，失败 0 条，数据保存至：D:\LZH\A-Project\Crawler311\corpus_crawler\Crawler_Gov\data\output\nhc_all_documents.jsonl

2026-06-25 18:24:32 [INFO] ============== 成功加载 [国家疾病预防控制局] 解析器 ==============
2026-06-25 18:24:35 [INFO] [国家疾病预防控制局] 首页 warm-up 成功，已建立 Session/Cookie
2026-06-25 18:24:35 [INFO] [国家疾病预防控制局] 暂未开启任何栏目抓取
2026-06-25 18:24:35 [INFO] ============== 成功加载 [中国疾病预防控制中心] 解析器 ==============
2026-06-25 18:24:45 [INFO] [中国疾病预防控制中心] 首页 warm-up 成功，已建立 Session/Cookie
2026-06-25 18:24:45 [INFO] [中国疾病预防控制中心] 暂未开启任何栏目抓取
2026-06-25 18:24:45 [INFO] ============== 成功加载 [中国疾控中心慢病中心] 解析器 ==============
2026-06-25 18:24:47 [INFO] [中国疾控中心慢病中心] 首页 warm-up 成功，已建立 Session/Cookie
2026-06-25 18:24:47 [INFO] [中国疾控中心慢病中心] 暂未开启任何栏目抓取
2026-06-25 18:24:47 [INFO] Skip disabled site/source: World Health Organization
2026-06-25 18:24:47 [INFO] Skip disabled site/source: World Health Organization
2026-06-25 18:24:47 [INFO] Skip disabled site/source: World Health Organization
2026-06-25 18:24:47 [INFO] Skip disabled site/source: World Health Organization
2026-06-25 18:24:47 [INFO] Skip disabled site/source: World Health Organization
2026-06-25 18:24:47 [INFO] ============== 成功加载 [国家心理健康和精神卫生防治中心] 解析器 ==============
2026-06-25 18:24:49 [INFO] [国家心理健康和精神卫生防治中心] 首页 warm-up 成功，已建立 Session/Cookie
2026-06-25 18:24:49 [INFO] [国家心理健康和精神卫生防治中心] 暂未开启任何栏目抓取
2026-06-25 18:24:49 [INFO] ============== 成功加载 [广东省卫生健康委员会] 解析器 ==============
2026-06-25 18:24:52 [INFO] [广东省卫生健康委员会] 首页 warm-up 成功，已建立 Session/Cookie
2026-06-25 18:24:52 [INFO] [广东省卫生健康委员会] 暂未开启任何栏目抓取
2026-06-26 14:05:18 [INFO] ============== 成功加载 [国家卫生健康委员会] 解析器 ==============
2026-06-26 14:05:23 [INFO] [国家卫生健康委员会] 首页 warm-up 成功，已建立 Session/Cookie
2026-06-26 14:05:23 [INFO] [国家卫生健康委员会] 暂未开启任何栏目抓取
2026-06-26 14:05:23 [INFO] ============== 成功加载 [国家疾病预防控制局] 解析器 ==============
2026-06-26 14:05:26 [INFO] [国家疾病预防控制局] 首页 warm-up 成功，已建立 Session/Cookie
2026-06-26 14:05:26 [INFO] [国家疾病预防控制局] 暂未开启任何栏目抓取
2026-06-26 14:05:26 [INFO] ============== 成功加载 [中国疾病预防控制中心] 解析器 ==============
2026-06-26 14:05:29 [INFO] [中国疾病预防控制中心] 首页 warm-up 成功，已建立 Session/Cookie
2026-06-26 14:05:29 [INFO] [中国疾病预防控制中心] 暂未开启任何栏目抓取
2026-06-26 14:05:29 [INFO] ============== 成功加载 [中国疾控中心慢病中心] 解析器 ==============
2026-06-26 14:05:31 [INFO] [中国疾控中心慢病中心] 首页 warm-up 成功，已建立 Session/Cookie
2026-06-26 14:05:31 [INFO] [中国疾控中心慢病中心] 暂未开启任何栏目抓取
2026-06-26 14:05:31 [INFO] Skip disabled site/source: World Health Organization
2026-06-26 14:05:31 [INFO] Skip disabled site/source: World Health Organization
2026-06-26 14:05:31 [INFO] Skip disabled site/source: World Health Organization
2026-06-26 14:05:31 [INFO] Skip disabled site/source: World Health Organization
2026-06-26 14:05:31 [INFO] Skip disabled site/source: World Health Organization
2026-06-26 14:05:31 [INFO] ============== 成功加载 [国家心理健康和精神卫生防治中心] 解析器 ==============
2026-06-26 14:05:34 [INFO] [国家心理健康和精神卫生防治中心] 首页 warm-up 成功，已建立 Session/Cookie
2026-06-26 14:05:34 [INFO] [国家心理健康和精神卫生防治中心] 暂未开启任何栏目抓取
2026-06-26 14:05:34 [INFO] ============== 成功加载 [广东省卫生健康委员会] 解析器 ==============
2026-06-26 14:05:37 [INFO] [广东省卫生健康委员会] 首页 warm-up 成功，已建立 Session/Cookie
2026-06-26 14:05:37 [INFO] [广东省卫生健康委员会] 暂未开启任何栏目抓取
2026-06-26 14:05:37 [INFO] ============== 成功加载 [广东省疾病预防控制中心] 解析器 ==============
2026-06-26 14:06:00 [INFO] [广东省疾病预防控制中心] 首页 warm-up 成功，已建立 Session/Cookie
2026-06-26 14:06:00 [INFO] 开始爬取：广东省疾病预防控制中心，共 21 个栏目
2026-06-26 14:06:00 [INFO] >>> 开始爬取栏目：要闻动态
2026-06-26 14:06:02 [INFO] 列表页请求成功：https://cdcp.gd.gov.cn/ywdt/tfggwssj/，状态码：200
2026-06-26 14:06:02 [INFO] 栏目 [要闻动态] 第 1 页解析到 20 条
2026-06-26 14:06:04 [INFO] 列表页请求成功：https://cdcp.gd.gov.cn/ywdt/tfggwssj/index_2.html，状态码：200
2026-06-26 14:06:04 [INFO] 栏目 [要闻动态] 第 2 页解析到 20 条
2026-06-26 14:06:06 [INFO] 列表页请求成功：https://cdcp.gd.gov.cn/ywdt/tfggwssj/index_3.html，状态码：200
2026-06-26 14:06:06 [INFO] 栏目 [要闻动态] 第 3 页解析到 20 条
2026-06-26 14:06:07 [INFO] 列表页请求成功：https://cdcp.gd.gov.cn/ywdt/tfggwssj/index_4.html，状态码：200
2026-06-26 14:06:07 [INFO] 栏目 [要闻动态] 第 4 页解析到 20 条
2026-06-26 14:06:09 [INFO] 列表页请求成功：https://cdcp.gd.gov.cn/ywdt/tfggwssj/index_5.html，状态码：200
2026-06-26 14:06:09 [INFO] 栏目 [要闻动态] 第 5 页解析到 20 条
2026-06-26 14:06:10 [INFO] 列表页请求成功：https://cdcp.gd.gov.cn/ywdt/tfggwssj/index_6.html，状态码：200
2026-06-26 14:06:10 [INFO] 栏目 [要闻动态] 第 6 页解析到 20 条
2026-06-26 14:06:12 [INFO] 列表页请求成功：https://cdcp.gd.gov.cn/ywdt/tfggwssj/index_7.html，状态码：200
2026-06-26 14:06:12 [INFO] 栏目 [要闻动态] 第 7 页解析到 20 条
2026-06-26 14:06:14 [INFO] 列表页请求成功：https://cdcp.gd.gov.cn/ywdt/tfggwssj/index_8.html，状态码：200
2026-06-26 14:06:14 [INFO] 栏目 [要闻动态] 第 8 页解析到 20 条
2026-06-26 14:06:15 [INFO] 列表页请求成功：https://cdcp.gd.gov.cn/ywdt/tfggwssj/index_9.html，状态码：200
2026-06-26 14:06:15 [INFO] 栏目 [要闻动态] 第 9 页解析到 20 条
2026-06-26 14:06:17 [INFO] 列表页请求成功：https://cdcp.gd.gov.cn/ywdt/tfggwssj/index_10.html，状态码：200
2026-06-26 14:06:17 [INFO] 栏目 [要闻动态] 第 10 页解析到 20 条
2026-06-26 14:06:19 [INFO] 列表页请求成功：https://cdcp.gd.gov.cn/ywdt/tfggwssj/index_11.html，状态码：200
2026-06-26 14:06:19 [INFO] 栏目 [要闻动态] 第 11 页解析到 20 条
2026-06-26 14:06:21 [INFO] 列表页请求成功：https://cdcp.gd.gov.cn/ywdt/tfggwssj/index_12.html，状态码：200
2026-06-26 14:06:21 [INFO] 栏目 [要闻动态] 第 12 页解析到 20 条
2026-06-26 14:06:22 [INFO] 列表页请求成功：https://cdcp.gd.gov.cn/ywdt/tfggwssj/index_13.html，状态码：200
2026-06-26 14:06:22 [INFO] 栏目 [要闻动态] 第 13 页解析到 20 条
2026-06-26 14:06:24 [INFO] 列表页请求成功：https://cdcp.gd.gov.cn/ywdt/tfggwssj/index_14.html，状态码：200
2026-06-26 14:06:24 [INFO] 栏目 [要闻动态] 第 14 页解析到 0 条
2026-06-26 14:06:24 [INFO] 栏目 [要闻动态] 当前页未解析到任何数据，自动判断已达最后一页，停止翻页！
2026-06-26 14:06:26 [INFO] 正在下载正文附件: 2026年5月广东省法定传染病报告发病、死亡统计表.docx
2026-06-26 14:23:26 [INFO] >>> 开始爬取栏目：政务公开
2026-06-26 14:23:28 [INFO] 列表页请求成功：https://cdcp.gd.gov.cn/zwgk/tzgg/index.html，状态码：200
2026-06-26 14:23:28 [INFO] 栏目 [政务公开] 第 1 页解析到 20 条
2026-06-26 14:23:29 [INFO] 列表页请求成功：https://cdcp.gd.gov.cn/zwgk/tzgg/index_2.html，状态码：200
2026-06-26 14:23:29 [INFO] 栏目 [政务公开] 第 2 页解析到 20 条
2026-06-26 14:23:31 [INFO] 列表页请求成功：https://cdcp.gd.gov.cn/zwgk/tzgg/index_3.html，状态码：200
2026-06-26 14:23:31 [INFO] 栏目 [政务公开] 第 3 页解析到 20 条
2026-06-26 14:23:33 [INFO] 列表页请求成功：https://cdcp.gd.gov.cn/zwgk/tzgg/index_4.html，状态码：200
2026-06-26 14:23:33 [INFO] 栏目 [政务公开] 第 4 页解析到 20 条
2026-06-26 14:23:34 [INFO] 列表页请求成功：https://cdcp.gd.gov.cn/zwgk/tzgg/index_5.html，状态码：200
2026-06-26 14:23:34 [INFO] 栏目 [政务公开] 第 5 页解析到 20 条
2026-06-26 14:23:36 [INFO] 列表页请求成功：https://cdcp.gd.gov.cn/zwgk/tzgg/index_6.html，状态码：200
2026-06-26 14:23:36 [INFO] 栏目 [政务公开] 第 6 页解析到 20 条
2026-06-26 14:23:37 [INFO] 列表页请求成功：https://cdcp.gd.gov.cn/zwgk/tzgg/index_7.html，状态码：200
2026-06-26 14:23:37 [INFO] 栏目 [政务公开] 第 7 页解析到 20 条
2026-06-26 14:23:39 [INFO] 列表页请求成功：https://cdcp.gd.gov.cn/zwgk/tzgg/index_8.html，状态码：200
2026-06-26 14:23:39 [INFO] 栏目 [政务公开] 第 8 页解析到 19 条
2026-06-26 14:23:41 [INFO] 列表页请求成功：https://cdcp.gd.gov.cn/zwgk/tzgg/index_9.html，状态码：200
2026-06-26 14:23:41 [INFO] 栏目 [政务公开] 第 9 页解析到 17 条
2026-06-26 14:23:42 [INFO] 列表页请求成功：https://cdcp.gd.gov.cn/zwgk/tzgg/index_10.html，状态码：200
2026-06-26 14:23:42 [INFO] 栏目 [政务公开] 第 10 页解析到 0 条
2026-06-26 14:23:42 [INFO] 栏目 [政务公开] 当前页未解析到任何数据，自动判断已达最后一页，停止翻页！
2026-06-26 14:23:48 [INFO] 正在下载正文附件: 广东省疾病预防控制中心公开招聘合同（项目）人员报名表.doc.doc
2026-06-26 14:23:53 [INFO] 正在下载正文附件: 附件1.政府采购进口产品专家论证意见.pdf
2026-06-26 14:23:55 [INFO] 正在下载正文附件: 附件2.政府采购进口产品申请表.pdf
2026-06-26 14:24:00 [INFO] 正在下载正文附件: 附件3.国产同类产品与进口产品对比情况表.pdf
2026-06-26 14:24:05 [INFO] 正在下载正文附件: 附件4.论证专家名单.pdf
2026-06-26 14:24:09 [INFO] 正在下载正文附件: 国家基本药物目录管理办法.docx
2026-06-26 14:24:17 [INFO] 正在下载正文附件: 广东省国民经济和社会发展第十五个五年规划纲要.pdf
2026-06-26 14:25:04 [ERROR] 正文附件下载失败: 广东省国民经济和社会发展第十五个五年规划纲要.pdf, 目标链接: http://www.gd.gov.cn/attachment/0/612/612164/4890296.pdf
2026-06-26 14:25:18 [INFO] 正在下载正文附件: 国家卫生健康委食品安全风险评估与标准研制特色实验室（营养素与特殊膳食食品）开放课题申报书.doc
2026-06-26 14:25:27 [INFO] 正在下载正文附件: 广东省疾病预防控制中心公开招聘合同（项目）人员报名表.doc.doc
2026-06-26 14:25:31 [INFO] 正在下载正文附件: 广东省疾病预防控制中心公开招聘合同（项目）人员报名表.doc.doc
2026-06-26 14:25:39 [INFO] 正在下载正文附件: 广东省疾病预防控制中心公开招聘合同（项目）人员报名表.doc.doc
2026-06-26 14:25:43 [INFO] 正在下载正文附件: 广东省疾病预防控制中心公开招聘合同（项目）人员报名表.doc.doc
2026-06-26 14:25:50 [INFO] 正在下载正文附件: 广东省疾病预防控制中心公开招聘合同（项目）人员报名表.doc.doc
2026-06-26 14:25:53 [INFO] 正在下载正文附件: 资格审核上传材料注意事项.pdf
2026-06-26 14:25:57 [INFO] 正在下载正文附件: 附件1：2026年广东省疾病预防控制中心考试录用参照公务员法管理单位工作人员入围资格审核人员名单.pdf
2026-06-26 14:25:58 [INFO] 正在下载正文附件: 附件2：资格审核上传材料注意事项.pdf
2026-06-26 14:26:02 [INFO] 正在下载正文附件: 广东省疾病预防控制中心公开招聘合同（项目）人员报名表.doc.doc
2026-06-26 14:26:14 [INFO] 正在下载正文附件: 广东省疾病预防控制中心公开招聘合同（项目）人员报名表.doc.doc
2026-06-26 14:26:30 [INFO] 正在下载正文附件: 广东省疾病预防控制中心公开招聘合同（项目）人员报名表.doc.doc
2026-06-26 14:26:34 [INFO] 正在下载正文附件: 广东省疾病预防控制中心公开招聘合同（项目）人员报名表.doc.doc
2026-06-26 14:26:43 [INFO] 正在下载正文附件: 工作指标.pdf
2026-06-26 14:26:55 [INFO] 正在下载正文附件: 儿童肺炎支原体肺炎诊疗指南（2025年版）.pdf
2026-06-26 14:27:12 [INFO] 正在下载正文附件: 中国食物与营养发展纲要（2025—2030年）.pdf
2026-06-26 14:27:28 [INFO] 正在下载正文附件: 2025年“全国爱牙日”宣传海报.pdf
2026-06-26 14:27:31 [INFO] 正在下载正文附件: 2025年“全国爱牙日”核心信息.pdf
2026-06-26 14:27:45 [INFO] 正在下载正文附件: 广东省疾病预防控制中心公开招聘合同（项目）人员报名表.doc.doc
2026-06-26 14:27:50 [INFO] 正在下载正文附件: 广东省疾病预防控制中心公开招聘合同（项目）人员报名表.doc.doc
2026-06-26 14:27:54 [INFO] 正在下载正文附件: 广东省疾病预防控制中心公开招聘合同（项目）人员报名表.doc.doc
2026-06-26 14:27:58 [INFO] 正在下载正文附件: 广东省疾病预防控制中心公开招聘合同（项目）人员报名表.doc.doc
2026-06-26 14:28:07 [INFO] 正在下载正文附件: 附件1.政府采购进口产品专家论证意见.pdf
2026-06-26 14:30:02 [INFO] 正在下载正文附件: 附件2.政府采购进口产品申请表.pdf
2026-06-26 14:30:11 [INFO] 正在下载正文附件: 附件3.国产同类产品与进口产品对比情况表.pdf
2026-06-26 14:30:11 [ERROR] 正文附件下载失败: 附件3.国产同类产品与进口产品对比情况表.pdf, 目标链接: https://cdcp.gd.gov.cn/attachment/0/588/588025/4756065.pdf
2026-06-26 14:30:11 [INFO] 正在下载正文附件: 附件4.论证专家名单.pdf
2026-06-26 14:30:18 [INFO] 正在下载正文附件: 1.2025年世界母乳喂养周海报（竖版）.pdf
2026-06-26 14:30:25 [INFO] 正在下载正文附件: 2.2025年世界母乳喂养周海报（横版）.pdf
2026-06-26 14:32:04 [INFO] 正在下载正文附件: 广东省疾病预防控制中心公开招聘合同（项目）人员报名表.doc.doc
2026-06-26 14:32:11 [INFO] 正在下载正文附件: Hf7YY3XA.pdf
2026-06-26 14:32:11 [ERROR] 正文附件下载失败: Hf7YY3XA.pdf, 目标链接: https://cdcp.gd.gov.cn/jbkzzx/c100014/1938557342511960064/Hf7YY3XA.pdf
2026-06-26 14:32:11 [INFO] 正在下载正文附件: 登革热实验室检测方案.pdf
2026-06-26 14:32:11 [INFO] 正在下载正文附件: DBMMSTW2.pdf
2026-06-26 14:32:11 [ERROR] 正文附件下载失败: DBMMSTW2.pdf, 目标链接: https://cdcp.gd.gov.cn/jbkzzx/c100014/1938557342511960064/DBMMSTW2.pdf
2026-06-26 14:32:11 [INFO] 正在下载正文附件: 登革热血清流行病学调查方案.pdf
2026-06-26 14:32:12 [INFO] 正在下载正文附件: UJfmcvSH.pdf
2026-06-26 14:32:12 [ERROR] 正文附件下载失败: UJfmcvSH.pdf, 目标链接: https://cdcp.gd.gov.cn/jbkzzx/c100014/1938557342511960064/UJfmcvSH.pdf
2026-06-26 14:32:12 [INFO] 正在下载正文附件: 登革热媒介伊蚊监测方案.pdf
2026-06-26 14:32:12 [INFO] 正在下载正文附件: GwmVPrOB.pdf
2026-06-26 14:32:12 [ERROR] 正文附件下载失败: GwmVPrOB.pdf, 目标链接: https://cdcp.gd.gov.cn/jbkzzx/c100014/1938557342511960064/GwmVPrOB.pdf
2026-06-26 14:32:12 [INFO] 正在下载正文附件: 登革热重点病例流行病学调查方案.pdf
2026-06-26 14:32:13 [INFO] 正在下载正文附件: cVtS3uDy.pdf
2026-06-26 14:32:13 [ERROR] 正文附件下载失败: cVtS3uDy.pdf, 目标链接: https://cdcp.gd.gov.cn/jbkzzx/c100014/1938557342511960064/cVtS3uDy.pdf
2026-06-26 14:32:13 [INFO] 正在下载正文附件: 登革热媒介伊蚊应急控制方案.pdf
2026-06-26 14:32:14 [INFO] 正在下载正文附件: PZAWGpY3.pdf
2026-06-26 14:32:14 [ERROR] 正文附件下载失败: PZAWGpY3.pdf, 目标链接: https://cdcp.gd.gov.cn/jbkzzx/c100014/1938557342511960064/PZAWGpY3.pdf
2026-06-26 14:32:14 [INFO] 正在下载正文附件: 登革热健康科普核心信息.pdf
2026-06-26 14:32:26 [INFO] 正在下载正文附件: 健康素养提升行动标志及释义.pdf
2026-06-26 14:32:42 [INFO] 正在下载正文附件: 广东省疾病预防控制中心公开招聘合同（项目）人员报名表.doc.doc
2026-06-26 14:32:46 [INFO] 正在下载正文附件: 广东省疾病预防控制中心公开招聘合同（项目）人员报名表.doc.doc
2026-06-26 14:32:50 [INFO] 正在下载正文附件: 广东省疾病预防控制中心公开招聘合同（项目）人员报名表.doc.doc
2026-06-26 14:33:04 [INFO] 正在下载正文附件: 广东省疾病预防控制中心公开招聘合同（项目）人员报名表.doc.doc
2026-06-26 14:33:15 [INFO] 正在下载正文附件: 附件1：2025年广东省疾病预防控制中心考试录用参照公务员法管理单位工作人员入围资格审核人员名单.pdf
2026-06-26 14:33:15 [INFO] 正在下载正文附件: 附件2：资格审核上传材料注意事项.pdf
2026-06-26 14:33:24 [INFO] 正在下载正文附件: 2025年全国肿瘤防治宣传周宣传海报（横版）.pdf
2026-06-26 14:33:29 [INFO] 正在下载正文附件: 2025年全国肿瘤防治宣传周宣传海报（竖版）.pdf
2026-06-26 14:33:40 [INFO] 正在下载正文附件: 1.疾病应急救助基金申请流程图（参考）.docx
2026-06-26 14:33:40 [ERROR] 正文附件下载失败: 1.疾病应急救助基金申请流程图（参考）.docx, 目标链接: http://wsjkw.gd.gov.cn/attachment/0/576/576330/4690597.docx
2026-06-26 14:33:40 [INFO] 正在下载正文附件: 2.疾病应急救助基金申请表（个人）.docx
2026-06-26 14:33:41 [ERROR] 正文附件下载失败: 2.疾病应急救助基金申请表（个人）.docx, 目标链接: http://wsjkw.gd.gov.cn/attachment/0/576/576331/4690597.docx
2026-06-26 14:33:41 [INFO] 正在下载正文附件: 3.疾病应急救助基金申请表（单位）.docx
2026-06-26 14:33:41 [ERROR] 正文附件下载失败: 3.疾病应急救助基金申请表（单位）.docx, 目标链接: http://wsjkw.gd.gov.cn/attachment/0/576/576332/4690597.docx
2026-06-26 14:33:49 [INFO] 正在下载正文附件: 第37个爱国卫生月海报.doc
2026-06-26 14:34:15 [INFO] 正在下载正文附件: 广东省“体重管理年”活动实施方案.docx
2026-06-26 14:34:20 [INFO] 正在下载正文附件: 广东省疾病预防控制中心公开招聘合同（项目）人员报名表.doc.doc
2026-06-26 14:34:31 [INFO] 正在下载正文附件: 1.3岁以下婴幼儿营养喂养评估档案.pdf
2026-06-26 14:34:31 [INFO] 正在下载正文附件: 2.3岁以下婴幼儿年龄别体重标准差数值表.pdf
2026-06-26 14:34:32 [INFO] 正在下载正文附件: 3.3岁以下婴幼儿年龄别身长（身高）标准差数值表.pdf
2026-06-26 14:34:33 [INFO] 正在下载正文附件: 4.3岁以下婴幼儿身长（身高）别体重标准差数值表.pdf
2026-06-26 14:34:33 [INFO] 正在下载正文附件: 5.3岁以下婴幼儿年龄别体质指数（BMI）标准差数值表.pdf
2026-06-26 14:34:38 [INFO] 正在下载正文附件: 1.3岁以下婴幼儿养育风险评估表.pdf
2026-06-26 14:34:39 [INFO] 正在下载正文附件: 2.3岁以下婴幼儿养育风险咨询表.pdf
2026-06-26 14:34:40 [INFO] 正在下载正文附件: 3.婴幼儿亲子交流与玩耍要点.pdf
2026-06-26 14:34:42 [INFO] 正在下载正文附件: 4.3岁以下婴幼儿心理行为发育标志自评表.pdf
2026-06-26 14:34:43 [INFO] 正在下载正文附件: 5.养育照护小组活动主题一览表.pdf
2026-06-26 14:34:47 [INFO] 正在下载正文附件: 广东省疾病预防控制中心公开招聘合同（项目）人员报名表.doc.doc
2026-06-26 14:34:55 [INFO] 正在下载正文附件: 广东省疾病预防控制中心公开招聘合同（项目）人员报名表.doc.doc
2026-06-26 14:35:16 [INFO] 正在下载正文附件: 脑血管病防治指南（2024年版）.pdf
2026-06-26 14:35:23 [INFO] 正在下载正文附件: 体重管理指导原则（2024年版）.pdf
2026-06-26 14:36:04 [INFO] 正在下载正文附件: 2ihqGGns.pdf
2026-06-26 14:36:04 [ERROR] 正文附件下载失败: 2ihqGGns.pdf, 目标链接: https://cdcp.gd.gov.cn/jbkzzx/c100014/1866421563072040960/2ihqGGns.pdf
2026-06-26 14:36:04 [INFO] 正在下载正文附件: 流行病学个案调查表.pdf
2026-06-26 14:36:05 [INFO] 正在下载正文附件: rngXr86i.pdf
2026-06-26 14:36:05 [ERROR] 正文附件下载失败: rngXr86i.pdf, 目标链接: https://cdcp.gd.gov.cn/jbkzzx/c100014/1866421563072040960/rngXr86i.pdf
2026-06-26 14:36:05 [INFO] 正在下载正文附件: 监测指标要求及说明.pdf
2026-06-26 14:36:05 [INFO] 正在下载正文附件: HrWX7Jon.pdf
2026-06-26 14:36:05 [ERROR] 正文附件下载失败: HrWX7Jon.pdf, 目标链接: https://cdcp.gd.gov.cn/jbkzzx/c100014/1866421563072040960/HrWX7Jon.pdf
2026-06-26 14:36:05 [INFO] 正在下载正文附件: 麻疹风疹聚集性疫情调查处置指南.pdf
2026-06-26 14:36:06 [INFO] 正在下载正文附件: leHNd7sA.pdf
2026-06-26 14:36:06 [ERROR] 正文附件下载失败: leHNd7sA.pdf, 目标链接: https://cdcp.gd.gov.cn/jbkzzx/c100014/1866421563072040960/leHNd7sA.pdf
2026-06-26 14:36:06 [INFO] 正在下载正文附件: 麻疹风疹实验室检测技术指南.pdf
2026-06-26 14:36:06 [INFO] 正在下载正文附件: RIwDGazA.pdf
2026-06-26 14:36:06 [ERROR] 正文附件下载失败: RIwDGazA.pdf, 目标链接: https://cdcp.gd.gov.cn/jbkzzx/c100014/1866421563072040960/RIwDGazA.pdf
2026-06-26 14:36:06 [INFO] 正在下载正文附件: 麻疹防控科普知识要点.pdf
2026-06-26 14:36:07 [INFO] 正在下载正文附件: dbtOJOOD.pdf
2026-06-26 14:36:07 [ERROR] 正文附件下载失败: dbtOJOOD.pdf, 目标链接: https://cdcp.gd.gov.cn/jbkzzx/c100014/1866421563072040960/dbtOJOOD.pdf
2026-06-26 14:36:07 [INFO] 正在下载正文附件: 风疹防控科普知识要点.pdf
2026-06-26 14:36:29 [INFO] 正在下载正文附件: 2024广东省疾控健康科普大赛最佳创意奖及表演类作品评选结果.doc
2026-06-26 14:36:33 [INFO] 正在下载正文附件: 广东省疾病预防控制中心公开招聘合同（项目）人员报名表.doc.doc
2026-06-26 14:36:42 [INFO] 正在下载正文附件: 广东省疾病预防控制中心公开招聘合同（项目）人员报名表.doc.doc
2026-06-26 14:36:51 [INFO] 正在下载正文附件: 非新生儿破伤风诊疗规范（2024年版）.pdf
2026-06-26 14:37:37 [INFO] 正在下载正文附件: 2WQg7RuH.pdf
2026-06-26 14:37:38 [ERROR] 正文附件下载失败: 2WQg7RuH.pdf, 目标链接: https://cdcp.gd.gov.cn/jbkzzx/c100014/1846466438128054272/2WQg7RuH.pdf
2026-06-26 14:37:38 [INFO] 正在下载正文附件: WST10015-2024 内镜灭菌效果评价方法 .pdf
2026-06-26 14:37:38 [INFO] 正在下载正文附件: tgpXKN5f.pdf
2026-06-26 14:37:39 [ERROR] 正文附件下载失败: tgpXKN5f.pdf, 目标链接: https://cdcp.gd.gov.cn/jbkzzx/c100014/1846466438128054272/tgpXKN5f.pdf
2026-06-26 14:37:39 [INFO] 正在下载正文附件: WST10016-2024消毒剂与抗抑菌剂中激素的检测方法.pdf
2026-06-26 14:37:40 [INFO] 正在下载正文附件: 2h8mAdg6.pdf
2026-06-26 14:37:40 [ERROR] 正文附件下载失败: 2h8mAdg6.pdf, 目标链接: https://cdcp.gd.gov.cn/jbkzzx/c100014/1846466438128054272/2h8mAdg6.pdf
2026-06-26 14:37:40 [INFO] 正在下载正文附件: WST10017-2024邻苯二甲醛消毒剂卫生要求.pdf
2026-06-26 14:37:41 [INFO] 正在下载正文附件: QP4ld0Qe.pdf
2026-06-26 14:37:41 [ERROR] 正文附件下载失败: QP4ld0Qe.pdf, 目标链接: https://cdcp.gd.gov.cn/jbkzzx/c100014/1846466438128054272/QP4ld0Qe.pdf
2026-06-26 14:37:41 [INFO] 正在下载正文附件: WST10018-2024 利什曼原虫检测 涂片镜检法.pdf
2026-06-26 14:37:42 [INFO] 正在下载正文附件: EHF7NkZf.pdf
2026-06-26 14:37:42 [ERROR] 正文附件下载失败: EHF7NkZf.pdf, 目标链接: https://cdcp.gd.gov.cn/jbkzzx/c100014/1846466438128054272/EHF7NkZf.pdf
2026-06-26 14:37:42 [INFO] 正在下载正文附件: WST10019-2024 中小学校卫生（保健）室规范.pdf
2026-06-26 14:37:43 [INFO] 正在下载正文附件: jw0IiSyU.pdf
2026-06-26 14:37:43 [ERROR] 正文附件下载失败: jw0IiSyU.pdf, 目标链接: https://cdcp.gd.gov.cn/jbkzzx/c100014/1846466438128054272/jw0IiSyU.pdf
2026-06-26 14:37:43 [INFO] 正在下载正文附件: WST10020-2024 中小学生健康体检质量控制规范.pdf
2026-06-26 14:37:44 [INFO] 正在下载正文附件: vj4jS0Wd.pdf
2026-06-26 14:37:44 [ERROR] 正文附件下载失败: vj4jS0Wd.pdf, 目标链接: https://cdcp.gd.gov.cn/jbkzzx/c100014/1846466438128054272/vj4jS0Wd.pdf
2026-06-26 14:37:44 [INFO] 正在下载正文附件: WST10021-2024 学生健康管理技术规范.pdf
2026-06-26 14:37:45 [INFO] 正在下载正文附件: 3UYyJoT8.pdf
2026-06-26 14:37:45 [ERROR] 正文附件下载失败: 3UYyJoT8.pdf, 目标链接: https://cdcp.gd.gov.cn/jbkzzx/c100014/1846466438128054272/3UYyJoT8.pdf
2026-06-26 14:37:45 [INFO] 正在下载正文附件: WST10022-2024 血清中氟化物的测定 离子选择电极法（代替WS_T 212-2001）.pdf
2026-06-26 14:37:46 [INFO] 正在下载正文附件: nSw4Y7Wr.pdf
2026-06-26 14:37:47 [ERROR] 正文附件下载失败: nSw4Y7Wr.pdf, 目标链接: https://cdcp.gd.gov.cn/jbkzzx/c100014/1846466438128054272/nSw4Y7Wr.pdf
2026-06-26 14:37:47 [INFO] 正在下载正文附件: WST10023-2024 人群尿氟安全指导值.pdf
2026-06-26 14:37:47 [INFO] 正在下载正文附件: BVt9SFpk.pdf
2026-06-26 14:37:47 [ERROR] 正文附件下载失败: BVt9SFpk.pdf, 目标链接: https://cdcp.gd.gov.cn/jbkzzx/c100014/1846466438128054272/BVt9SFpk.pdf
2026-06-26 14:37:47 [INFO] 正在下载正文附件: WST10024-2024 克山病治疗原则与疗效判定.pdf
2026-06-26 14:37:48 [INFO] 正在下载正文附件: uRGzSffB.pdf
2026-06-26 14:37:48 [ERROR] 正文附件下载失败: uRGzSffB.pdf, 目标链接: https://cdcp.gd.gov.cn/jbkzzx/c100014/1846466438128054272/uRGzSffB.pdf
2026-06-26 14:37:48 [INFO] 正在下载正文附件: WST10025-2024 克山病诊断（代替WS_T 210-2011）.pdf
2026-06-26 14:37:49 [INFO] 正在下载正文附件: F2FPfB2f.pdf
2026-06-26 14:37:49 [ERROR] 正文附件下载失败: F2FPfB2f.pdf, 目标链接: https://cdcp.gd.gov.cn/jbkzzx/c100014/1846466438128054272/F2FPfB2f.pdf
2026-06-26 14:37:49 [INFO] 正在下载正文附件: WST10026-2024 大骨节病诊断.pdf
2026-06-26 14:37:50 [INFO] 正在下载正文附件: 36qZFz9J.pdf
2026-06-26 14:37:50 [ERROR] 正文附件下载失败: 36qZFz9J.pdf, 目标链接: https://cdcp.gd.gov.cn/jbkzzx/c100014/1846466438128054272/36qZFz9J.pdf
2026-06-26 14:37:50 [INFO] 正在下载正文附件: WST10027-2024 地方性甲状腺肿诊断（代替WS 276-2007）.pdf
2026-06-26 14:37:51 [INFO] 正在下载正文附件: MTiZfICh.pdf
2026-06-26 14:37:52 [ERROR] 正文附件下载失败: MTiZfICh.pdf, 目标链接: https://cdcp.gd.gov.cn/jbkzzx/c100014/1846466438128054272/MTiZfICh.pdf
2026-06-26 14:37:52 [INFO] 正在下载正文附件: WST10028-2024 氟斑牙诊断（代替WS_T 208-2011）.pdf
2026-06-26 14:37:55 [INFO] 正在下载正文附件: 肥胖症诊疗指南（2024年版）.pdf
2026-06-26 14:38:04 [INFO] 正在下载正文附件: 重点任务分工表.pdf
2026-06-26 14:38:12 [INFO] 正在下载正文附件: 2024广东省疾控健康科普大赛优秀组织单位及图文类、音视频类作品评选结果.doc
2026-06-26 14:38:16 [INFO] 正在下载正文附件: 《关于进一步推动广东生物医药产业高质量发展的行动方案》分工表.pdf
2026-06-26 14:38:30 [INFO] 正在下载正文附件: 疾病预防控制机构食品安全和营养健康工作细则.doc
2026-06-26 14:38:48 [INFO] 正在下载正文附件: 《慢性阻塞性肺疾病患者健康服务规范（试行）》.pdf
2026-06-26 14:39:10 [INFO] 正在下载正文附件: 1.麻疹诊疗方案（2024年版）.pdf
2026-06-26 14:39:11 [INFO] 正在下载正文附件: 2.登革热诊疗方案（2024年版）.pdf
2026-06-26 14:39:14 [INFO] 正在下载正文附件: 3.人感染禽流感诊疗方案（2024年版）.pdf
2026-06-26 14:39:22 [INFO] 正在下载正文附件: 2024年世界母乳喂养周宣传材料-主题海报.pdf
2026-06-26 14:39:37 [INFO] 正在下载正文附件: 中小学生超重肥胖公共卫生综合防控技术导则.wps.bin
2026-06-26 14:39:45 [INFO] 正在下载正文附件: 居民体重管理核心知识(2024年版).pdf
2026-06-26 14:39:45 [INFO] 正在下载正文附件: 居民体重管理核心知识(2024年版)释义.pdf
2026-06-26 14:39:50 [INFO] 正在下载正文附件: 高血压营养和运动指导原则（2024年版）.pdf
2026-06-26 14:40:02 [INFO] 正在下载正文附件: 高血糖症营养和运动指导原则（2024年版）.pdf
2026-06-26 14:40:15 [INFO] 正在下载正文附件: 高脂血症营养和运动指导原则（2024年版）.pdf
2026-06-26 14:40:28 [INFO] 正在下载正文附件: 高尿酸血症营养和运动指导原则（2024年版）.pdf
2026-06-26 14:40:59 [INFO] 正在下载正文附件: 国家突发急性传染病防控队伍管理办法.pdf
2026-06-26 14:41:00 [ERROR] 正文附件下载失败: 国家突发急性传染病防控队伍管理办法.pdf, 目标链接: https://cdcp.gd.gov.cn/attachment/0/551/551282/4436542.pdf
2026-06-26 14:41:20 [INFO] 正在下载正文附件: 健康素养提升行动标志及释义.zip
2026-06-26 14:41:44 [INFO] 正在下载正文附件: 附件1 2024 年全国肿瘤防治宣传周宣传海报（竖版）.pdf
2026-06-26 14:41:51 [INFO] 正在下载正文附件: 附件2 2024 年全国肿瘤防治宣传周宣传海报（横版）.pdf
2026-06-26 14:42:08 [INFO] 正在下载正文附件: 附件1：2024年广东省疾病预防控制中心考试录用参照公务员法管理单位工作人员入围资格审核人员名单.pdf
2026-06-26 14:42:08 [INFO] 正在下载正文附件: 附件2：资格审核上传材料注意事项.docx
2026-06-26 14:42:15 [INFO] 正在下载正文附件: 广东省疾病预防控制中心公开招聘合同（项目）人员报名表.doc
2026-06-26 14:42:18 [INFO] 正在下载正文附件: 广东省疾病预防控制中心公开招聘合同（项目）人员报名表.doc
2026-06-26 14:42:22 [INFO] 正在下载正文附件: 附件1：2023年广东省疾病预防控制中心考试录用参照公务员法管理单位工作人员入围资格审核人员名单.pdf
2026-06-26 14:42:22 [INFO] 正在下载正文附件: 附件2.资格审核上传材料注意事项.docx
2026-06-26 14:42:29 [INFO] 正在下载正文附件: 1： 入围专业科目（技能）测试名单.xlsx
2026-06-26 14:42:29 [INFO] 正在下载正文附件: 2：交通路线指引.pdf
2026-06-26 14:42:30 [INFO] 正在下载正文附件: 3：2022年广东省疾病预防控制中心考试录用参照公务员法管理单位工作人员专业科目（技能）测试大纲.docx
2026-06-26 14:42:30 [INFO] 正在下载正文附件: 4：专业科目（技能）测试健康承诺书.docx
2026-06-26 14:42:30 [INFO] 正在下载正文附件: 5：专业科目（技能）测试考生须知.doc
2026-06-26 14:42:38 [INFO] 正在下载正文附件: 附件1：交通路线指引.pdf
2026-06-26 14:42:39 [INFO] 正在下载正文附件: 附件2：2022年广东省疾病预防控制中心考试录用参照公务员法管理单位工作人员专业科目（技能）测试大纲.docx
2026-06-26 14:42:39 [INFO] 正在下载正文附件: 附件3：专业科目（技能）测试健康承诺书.docx
2026-06-26 14:42:40 [INFO] 正在下载正文附件: 附件4：专业科目（技能）测试考生须知.doc
2026-06-26 14:42:43 [INFO] 正在下载正文附件: 广东省生物制品与药物研究所招聘工作人员报名表.doc
2026-06-26 14:42:47 [INFO] 正在下载正文附件: 附件1：2022年广东省疾病预防控制中心考试录用参照公务员法管理单位工作人员入围资格审核人员名单.pdf
2026-06-26 14:42:47 [INFO] 正在下载正文附件: 附件2：资格审核上传材料注意事项.docx
2026-06-26 14:42:56 [INFO] 正在下载正文附件: 2.广东省医学科研基金项目合同书签订程序.docx
2026-06-26 14:43:12 [INFO] >>> 开始爬取栏目：政务公开
2026-06-26 14:43:14 [INFO] 列表页请求成功：https://cdcp.gd.gov.cn/zwgk/zcfg/flfg/index.html，状态码：200
2026-06-26 14:43:14 [INFO] 栏目 [政务公开] 第 1 页解析到 19 条
2026-06-26 14:43:16 [INFO] 列表页请求成功：https://cdcp.gd.gov.cn/zwgk/zcfg/flfg/index_2.html，状态码：200
2026-06-26 14:43:16 [INFO] 栏目 [政务公开] 第 2 页解析到 20 条
2026-06-26 14:43:18 [INFO] 列表页请求成功：https://cdcp.gd.gov.cn/zwgk/zcfg/flfg/index_3.html，状态码：200
2026-06-26 14:43:18 [INFO] 栏目 [政务公开] 第 3 页解析到 14 条
2026-06-26 14:43:19 [INFO] 列表页请求成功：https://cdcp.gd.gov.cn/zwgk/zcfg/flfg/index_4.html，状态码：200
2026-06-26 14:43:19 [INFO] 栏目 [政务公开] 第 4 页解析到 0 条
2026-06-26 14:43:19 [INFO] 栏目 [政务公开] 当前页未解析到任何数据，自动判断已达最后一页，停止翻页！
2026-06-26 14:43:42 [INFO] 正在下载正文附件: 儿童肺炎支原体肺炎诊疗指南（2025年版）.pdf
2026-06-26 14:43:55 [INFO] 正在下载正文附件: Hf7YY3XA.pdf
2026-06-26 14:43:55 [ERROR] 正文附件下载失败: Hf7YY3XA.pdf, 目标链接: https://cdcp.gd.gov.cn/jbkzzx/c100014/1938557342511960064/Hf7YY3XA.pdf
2026-06-26 14:43:55 [INFO] 正在下载正文附件: 登革热实验室检测方案.pdf
2026-06-26 14:43:55 [INFO] 正在下载正文附件: DBMMSTW2.pdf
2026-06-26 14:43:55 [ERROR] 正文附件下载失败: DBMMSTW2.pdf, 目标链接: https://cdcp.gd.gov.cn/jbkzzx/c100014/1938557342511960064/DBMMSTW2.pdf
2026-06-26 14:43:55 [INFO] 正在下载正文附件: 登革热血清流行病学调查方案.pdf
2026-06-26 14:43:56 [INFO] 正在下载正文附件: UJfmcvSH.pdf
2026-06-26 14:43:56 [ERROR] 正文附件下载失败: UJfmcvSH.pdf, 目标链接: https://cdcp.gd.gov.cn/jbkzzx/c100014/1938557342511960064/UJfmcvSH.pdf
2026-06-26 14:43:56 [INFO] 正在下载正文附件: 登革热媒介伊蚊监测方案.pdf
2026-06-26 14:43:56 [INFO] 正在下载正文附件: GwmVPrOB.pdf
2026-06-26 14:43:56 [ERROR] 正文附件下载失败: GwmVPrOB.pdf, 目标链接: https://cdcp.gd.gov.cn/jbkzzx/c100014/1938557342511960064/GwmVPrOB.pdf
2026-06-26 14:43:56 [INFO] 正在下载正文附件: 登革热重点病例流行病学调查方案.pdf
2026-06-26 14:43:57 [INFO] 正在下载正文附件: cVtS3uDy.pdf
2026-06-26 14:43:57 [ERROR] 正文附件下载失败: cVtS3uDy.pdf, 目标链接: https://cdcp.gd.gov.cn/jbkzzx/c100014/1938557342511960064/cVtS3uDy.pdf
2026-06-26 14:43:57 [INFO] 正在下载正文附件: 登革热媒介伊蚊应急控制方案.pdf
2026-06-26 14:43:57 [INFO] 正在下载正文附件: PZAWGpY3.pdf
2026-06-26 14:43:57 [ERROR] 正文附件下载失败: PZAWGpY3.pdf, 目标链接: https://cdcp.gd.gov.cn/jbkzzx/c100014/1938557342511960064/PZAWGpY3.pdf
2026-06-26 14:43:57 [INFO] 正在下载正文附件: 登革热健康科普核心信息.pdf
2026-06-26 14:44:05 [INFO] 正在下载正文附件: 广东省“体重管理年”活动实施方案.docx
2026-06-26 14:44:11 [INFO] 正在下载正文附件: 1.3岁以下婴幼儿营养喂养评估档案.pdf
2026-06-26 14:44:12 [INFO] 正在下载正文附件: 2.3岁以下婴幼儿年龄别体重标准差数值表.pdf
2026-06-26 14:44:13 [INFO] 正在下载正文附件: 3.3岁以下婴幼儿年龄别身长（身高）标准差数值表.pdf
2026-06-26 14:44:13 [INFO] 正在下载正文附件: 4.3岁以下婴幼儿身长（身高）别体重标准差数值表.pdf
2026-06-26 14:44:14 [INFO] 正在下载正文附件: 5.3岁以下婴幼儿年龄别体质指数（BMI）标准差数值表.pdf
2026-06-26 14:44:19 [INFO] 正在下载正文附件: 1.3岁以下婴幼儿养育风险评估表.pdf
2026-06-26 14:44:20 [INFO] 正在下载正文附件: 2.3岁以下婴幼儿养育风险咨询表.pdf
2026-06-26 14:44:22 [INFO] 正在下载正文附件: 3.婴幼儿亲子交流与玩耍要点.pdf
2026-06-26 14:44:23 [INFO] 正在下载正文附件: 4.3岁以下婴幼儿心理行为发育标志自评表.pdf
2026-06-26 14:44:25 [INFO] 正在下载正文附件: 5.养育照护小组活动主题一览表.pdf
2026-06-26 14:44:30 [INFO] 正在下载正文附件: 脑血管病防治指南（2024年版）.pdf
2026-06-26 14:44:45 [INFO] 正在下载正文附件: 肥胖症诊疗指南（2024年版）.pdf
2026-06-26 14:44:50 [INFO] 正在下载正文附件: 疾病预防控制机构食品安全和营养健康工作细则.doc
2026-06-26 14:44:54 [INFO] 正在下载正文附件: 广东省卫生健康委居民健康档案管理规范.docx
2026-06-26 14:45:04 [INFO] 正在下载正文附件: 传染病疫情应急预案管理办法.pdf
2026-06-26 14:45:11 [INFO] 正在下载正文附件: 预防接种工作规范（2023年版）.pdf
2026-06-26 14:45:45 [INFO] 正在下载正文附件: 2023年国家医疗质量安全改进目标.pdf
2026-06-26 14:45:47 [INFO] 正在下载正文附件: 2023年各专业质控工作改进目标.pdf
2026-06-26 14:46:04 [INFO] 正在下载正文附件: 居民抗原自测须知.doc
2026-06-26 14:46:09 [INFO] 正在下载正文附件: 新冠肺炎相关健康风险评估标准.docx
2026-06-26 14:46:12 [INFO] 正在下载正文附件: 北京协和医院近期疫情防控工作做法参考.docx
2026-06-26 14:46:42 [INFO] 正在下载正文附件: 国家免疫规划疫苗儿童免疫程序及说明（2021版）.pdf
2026-06-26 14:46:49 [INFO] 正在下载正文附件: 国家卫生计生委关于印发突发事件卫生应急预案管理办法的通知（2017）.pdf
2026-06-26 14:46:58 [INFO] 检测到直链文件，直接入库跳过解析：https://cdcp.gd.gov.cn/attachment/0/378/378303/3437371.pdf
2026-06-26 14:46:58 [INFO] 正在下载直链文件: 公共场所卫生指标与限值要求.pdf
2026-06-26 14:47:13 [INFO] >>> 开始爬取栏目：政务公开
2026-06-26 14:47:17 [INFO] 列表页请求成功：https://cdcp.gd.gov.cn/zwgk/jsbzywj/index.html，状态码：200
2026-06-26 14:47:17 [INFO] 栏目 [政务公开] 第 1 页解析到 18 条
2026-06-26 14:47:19 [INFO] 列表页请求成功：https://cdcp.gd.gov.cn/zwgk/jsbzywj/index_2.html，状态码：200
2026-06-26 14:47:19 [INFO] 栏目 [政务公开] 第 2 页解析到 20 条
2026-06-26 14:47:21 [INFO] 列表页请求成功：https://cdcp.gd.gov.cn/zwgk/jsbzywj/index_3.html，状态码：200
2026-06-26 14:47:21 [INFO] 栏目 [政务公开] 第 3 页解析到 20 条
2026-06-26 14:47:22 [INFO] 列表页请求成功：https://cdcp.gd.gov.cn/zwgk/jsbzywj/index_4.html，状态码：200
2026-06-26 14:47:22 [INFO] 栏目 [政务公开] 第 4 页解析到 20 条
2026-06-26 14:47:24 [INFO] 列表页请求成功：https://cdcp.gd.gov.cn/zwgk/jsbzywj/index_5.html，状态码：200
2026-06-26 14:47:24 [INFO] 栏目 [政务公开] 第 5 页解析到 7 条
2026-06-26 14:47:25 [INFO] 列表页请求成功：https://cdcp.gd.gov.cn/zwgk/jsbzywj/index_6.html，状态码：200
2026-06-26 14:47:25 [INFO] 栏目 [政务公开] 第 6 页解析到 0 条
2026-06-26 14:47:25 [INFO] 栏目 [政务公开] 当前页未解析到任何数据，自动判断已达最后一页，停止翻页！
2026-06-26 14:47:45 [INFO] 正在下载正文附件: 《食品安全国家标准 预包装食品营养标签通则》（GB 28050-2025）.pdf
2026-06-26 14:47:48 [INFO] 正在下载正文附件: 《食品安全国家标准 特殊医学用途婴儿配方食品通则》（GB 25596-2025）.pdf
2026-06-26 14:47:52 [INFO] 正在下载正文附件: 《食品安全国家标准 婴幼儿罐装辅助食品》（GB 10770-2025）.pdf
2026-06-26 14:47:56 [INFO] 正在下载正文附件: 《食品安全国家标准 预包装食品标签通则》（GB 7718-2025）.pdf
2026-06-26 14:48:07 [INFO] 正在下载正文附件: WS_T 868-2025.pdf
2026-06-26 14:48:11 [INFO] 正在下载正文附件: 广东省气象灾害应急预案.pdf
2026-06-26 14:48:24 [INFO] 正在下载正文附件: 1.疾病应急救助基金申请流程图（参考）.docx
2026-06-26 14:48:25 [ERROR] 正文附件下载失败: 1.疾病应急救助基金申请流程图（参考）.docx, 目标链接: http://wsjkw.gd.gov.cn/attachment/0/576/576330/4690597.docx
2026-06-26 14:48:25 [INFO] 正在下载正文附件: 2.疾病应急救助基金申请表（个人）.docx
2026-06-26 14:48:25 [ERROR] 正文附件下载失败: 2.疾病应急救助基金申请表（个人）.docx, 目标链接: http://wsjkw.gd.gov.cn/attachment/0/576/576331/4690597.docx
2026-06-26 14:48:25 [INFO] 正在下载正文附件: 3.疾病应急救助基金申请表（单位）.docx
2026-06-26 14:48:25 [ERROR] 正文附件下载失败: 3.疾病应急救助基金申请表（单位）.docx, 目标链接: http://wsjkw.gd.gov.cn/attachment/0/576/576332/4690597.docx
2026-06-26 14:48:31 [INFO] 正在下载正文附件: 广东省“体重管理年”活动实施方案.docx
2026-06-26 14:48:36 [INFO] 正在下载正文附件: 脑血管病防治指南（2024年版）.pdf
2026-06-26 14:48:42 [INFO] 正在下载正文附件: 2ihqGGns.pdf
2026-06-26 14:48:42 [ERROR] 正文附件下载失败: 2ihqGGns.pdf, 目标链接: https://cdcp.gd.gov.cn/jbkzzx/c100014/1866421563072040960/2ihqGGns.pdf
2026-06-26 14:48:42 [INFO] 正在下载正文附件: 流行病学个案调查表.pdf
2026-06-26 14:48:43 [INFO] 正在下载正文附件: rngXr86i.pdf
2026-06-26 14:48:43 [ERROR] 正文附件下载失败: rngXr86i.pdf, 目标链接: https://cdcp.gd.gov.cn/jbkzzx/c100014/1866421563072040960/rngXr86i.pdf
2026-06-26 14:48:43 [INFO] 正在下载正文附件: 监测指标要求及说明.pdf
2026-06-26 14:48:43 [INFO] 正在下载正文附件: HrWX7Jon.pdf
2026-06-26 14:48:43 [ERROR] 正文附件下载失败: HrWX7Jon.pdf, 目标链接: https://cdcp.gd.gov.cn/jbkzzx/c100014/1866421563072040960/HrWX7Jon.pdf
2026-06-26 14:48:43 [INFO] 正在下载正文附件: 麻疹风疹聚集性疫情调查处置指南.pdf
2026-06-26 14:48:44 [INFO] 正在下载正文附件: leHNd7sA.pdf
2026-06-26 14:48:44 [ERROR] 正文附件下载失败: leHNd7sA.pdf, 目标链接: https://cdcp.gd.gov.cn/jbkzzx/c100014/1866421563072040960/leHNd7sA.pdf
2026-06-26 14:48:44 [INFO] 正在下载正文附件: 麻疹风疹实验室检测技术指南.pdf
2026-06-26 14:48:45 [INFO] 正在下载正文附件: RIwDGazA.pdf
2026-06-26 14:48:45 [ERROR] 正文附件下载失败: RIwDGazA.pdf, 目标链接: https://cdcp.gd.gov.cn/jbkzzx/c100014/1866421563072040960/RIwDGazA.pdf
2026-06-26 14:48:45 [INFO] 正在下载正文附件: 麻疹防控科普知识要点.pdf
2026-06-26 14:48:45 [INFO] 正在下载正文附件: dbtOJOOD.pdf
2026-06-26 14:48:45 [ERROR] 正文附件下载失败: dbtOJOOD.pdf, 目标链接: https://cdcp.gd.gov.cn/jbkzzx/c100014/1866421563072040960/dbtOJOOD.pdf
2026-06-26 14:48:45 [INFO] 正在下载正文附件: 风疹防控科普知识要点.pdf
2026-06-26 14:48:53 [INFO] 正在下载正文附件: 非新生儿破伤风诊疗规范（2024年版）.pdf
2026-06-26 14:49:28 [INFO] 正在下载正文附件: 2WQg7RuH.pdf
2026-06-26 14:49:29 [ERROR] 正文附件下载失败: 2WQg7RuH.pdf, 目标链接: https://cdcp.gd.gov.cn/jbkzzx/c100014/1846466438128054272/2WQg7RuH.pdf
2026-06-26 14:49:29 [INFO] 正在下载正文附件: WST10015-2024 内镜灭菌效果评价方法 .pdf
2026-06-26 14:49:30 [INFO] 正在下载正文附件: tgpXKN5f.pdf
2026-06-26 14:49:30 [ERROR] 正文附件下载失败: tgpXKN5f.pdf, 目标链接: https://cdcp.gd.gov.cn/jbkzzx/c100014/1846466438128054272/tgpXKN5f.pdf
2026-06-26 14:49:30 [INFO] 正在下载正文附件: WST10016-2024消毒剂与抗抑菌剂中激素的检测方法.pdf
2026-06-26 14:49:31 [INFO] 正在下载正文附件: 2h8mAdg6.pdf
2026-06-26 14:49:31 [ERROR] 正文附件下载失败: 2h8mAdg6.pdf, 目标链接: https://cdcp.gd.gov.cn/jbkzzx/c100014/1846466438128054272/2h8mAdg6.pdf
2026-06-26 14:49:31 [INFO] 正在下载正文附件: WST10017-2024邻苯二甲醛消毒剂卫生要求.pdf
2026-06-26 14:49:32 [INFO] 正在下载正文附件: QP4ld0Qe.pdf
2026-06-26 14:49:32 [ERROR] 正文附件下载失败: QP4ld0Qe.pdf, 目标链接: https://cdcp.gd.gov.cn/jbkzzx/c100014/1846466438128054272/QP4ld0Qe.pdf
2026-06-26 14:49:32 [INFO] 正在下载正文附件: WST10018-2024 利什曼原虫检测 涂片镜检法.pdf
2026-06-26 14:49:33 [INFO] 正在下载正文附件: EHF7NkZf.pdf
2026-06-26 14:49:33 [ERROR] 正文附件下载失败: EHF7NkZf.pdf, 目标链接: https://cdcp.gd.gov.cn/jbkzzx/c100014/1846466438128054272/EHF7NkZf.pdf
2026-06-26 14:49:33 [INFO] 正在下载正文附件: WST10019-2024 中小学校卫生（保健）室规范.pdf
2026-06-26 14:49:33 [INFO] 正在下载正文附件: jw0IiSyU.pdf
2026-06-26 14:49:33 [ERROR] 正文附件下载失败: jw0IiSyU.pdf, 目标链接: https://cdcp.gd.gov.cn/jbkzzx/c100014/1846466438128054272/jw0IiSyU.pdf
2026-06-26 14:49:33 [INFO] 正在下载正文附件: WST10020-2024 中小学生健康体检质量控制规范.pdf
2026-06-26 14:49:34 [INFO] 正在下载正文附件: vj4jS0Wd.pdf
2026-06-26 14:49:35 [ERROR] 正文附件下载失败: vj4jS0Wd.pdf, 目标链接: https://cdcp.gd.gov.cn/jbkzzx/c100014/1846466438128054272/vj4jS0Wd.pdf
2026-06-26 14:49:35 [INFO] 正在下载正文附件: WST10021-2024 学生健康管理技术规范.pdf
2026-06-26 14:49:35 [INFO] 正在下载正文附件: 3UYyJoT8.pdf
2026-06-26 14:49:35 [ERROR] 正文附件下载失败: 3UYyJoT8.pdf, 目标链接: https://cdcp.gd.gov.cn/jbkzzx/c100014/1846466438128054272/3UYyJoT8.pdf
2026-06-26 14:49:35 [INFO] 正在下载正文附件: WST10022-2024 血清中氟化物的测定 离子选择电极法（代替WS_T 212-2001）.pdf
2026-06-26 14:49:37 [INFO] 正在下载正文附件: nSw4Y7Wr.pdf
2026-06-26 14:49:37 [ERROR] 正文附件下载失败: nSw4Y7Wr.pdf, 目标链接: https://cdcp.gd.gov.cn/jbkzzx/c100014/1846466438128054272/nSw4Y7Wr.pdf
2026-06-26 14:49:37 [INFO] 正在下载正文附件: WST10023-2024 人群尿氟安全指导值.pdf
2026-06-26 14:49:37 [INFO] 正在下载正文附件: BVt9SFpk.pdf
2026-06-26 14:49:38 [ERROR] 正文附件下载失败: BVt9SFpk.pdf, 目标链接: https://cdcp.gd.gov.cn/jbkzzx/c100014/1846466438128054272/BVt9SFpk.pdf
2026-06-26 14:49:38 [INFO] 正在下载正文附件: WST10024-2024 克山病治疗原则与疗效判定.pdf
2026-06-26 14:49:38 [INFO] 正在下载正文附件: uRGzSffB.pdf
2026-06-26 14:49:38 [ERROR] 正文附件下载失败: uRGzSffB.pdf, 目标链接: https://cdcp.gd.gov.cn/jbkzzx/c100014/1846466438128054272/uRGzSffB.pdf
2026-06-26 14:49:38 [INFO] 正在下载正文附件: WST10025-2024 克山病诊断（代替WS_T 210-2011）.pdf
2026-06-26 14:49:39 [INFO] 正在下载正文附件: F2FPfB2f.pdf
2026-06-26 14:49:39 [ERROR] 正文附件下载失败: F2FPfB2f.pdf, 目标链接: https://cdcp.gd.gov.cn/jbkzzx/c100014/1846466438128054272/F2FPfB2f.pdf
2026-06-26 14:49:39 [INFO] 正在下载正文附件: WST10026-2024 大骨节病诊断.pdf
2026-06-26 14:49:41 [INFO] 正在下载正文附件: 36qZFz9J.pdf
2026-06-26 14:49:41 [ERROR] 正文附件下载失败: 36qZFz9J.pdf, 目标链接: https://cdcp.gd.gov.cn/jbkzzx/c100014/1846466438128054272/36qZFz9J.pdf
2026-06-26 14:49:41 [INFO] 正在下载正文附件: WST10027-2024 地方性甲状腺肿诊断（代替WS 276-2007）.pdf
2026-06-26 14:49:42 [INFO] 正在下载正文附件: MTiZfICh.pdf
2026-06-26 14:49:42 [ERROR] 正文附件下载失败: MTiZfICh.pdf, 目标链接: https://cdcp.gd.gov.cn/jbkzzx/c100014/1846466438128054272/MTiZfICh.pdf
2026-06-26 14:49:42 [INFO] 正在下载正文附件: WST10028-2024 氟斑牙诊断（代替WS_T 208-2011）.pdf
2026-06-26 14:49:46 [INFO] 正在下载正文附件: 肥胖症诊疗指南（2024年版）.pdf
2026-06-26 14:49:56 [INFO] 正在下载正文附件: 1.麻疹诊疗方案（2024年版）.pdf
2026-06-26 14:49:57 [INFO] 正在下载正文附件: 2.登革热诊疗方案（2024年版）.pdf
2026-06-26 14:49:59 [INFO] 正在下载正文附件: 3.人感染禽流感诊疗方案（2024年版）.pdf
2026-06-26 14:50:04 [INFO] 正在下载正文附件: 《洪涝灾害灾后卫生防疫技术指南（2024版）》（国疾控综应急函〔2024〕192号）.pdf
2026-06-26 14:50:08 [INFO] 正在下载正文附件: 中小学生超重肥胖公共卫生综合防控技术导则.wps.bin
2026-06-26 14:50:12 [INFO] 正在下载正文附件: GB 15979-2024一次性使用卫生用品卫生要求.pdf
2026-06-26 14:50:14 [INFO] 正在下载正文附件: GB 28931-2024二氧化氯消毒剂发生器卫生要求.pdf
2026-06-26 14:50:19 [INFO] 正在下载正文附件: 洪涝灾害灾后卫生防疫技术指南（2024版）.pdf
2026-06-26 14:50:25 [INFO] 正在下载正文附件: 国家突发急性传染病防控队伍管理办法.pdf
2026-06-26 14:50:38 [INFO] 正在下载正文附件: 百日咳重点病例流行病学调查指南.pdf
2026-06-26 14:50:39 [INFO] 正在下载正文附件: 百日咳聚集性疫情调查处置指南.pdf
2026-06-26 14:50:39 [INFO] 正在下载正文附件: 百日咳实验室检测技术指南.pdf
2026-06-26 14:50:40 [INFO] 正在下载正文附件: 百日咳防控科普知识要点.pdf
2026-06-26 14:50:44 [INFO] 正在下载正文附件: 传染病疫情应急预案管理办法.pdf
2026-06-26 14:50:51 [INFO] 正在下载正文附件: WS_T 832-2024 蚊虫化学防治技术标准.pdf
2026-06-26 14:50:56 [INFO] 正在下载正文附件: WS_T 833-2024 蘑菇中毒事件样本采集标准.pdf
2026-06-26 14:51:00 [INFO] 正在下载正文附件: 儿童青少年近视防控公共卫生综合干预技术指南.pdf
2026-06-26 14:51:04 [INFO] 正在下载正文附件: 预防接种工作规范（2023年版）.pdf
2026-06-26 14:51:23 [INFO] 正在下载正文附件: 猴痘防控方案.pdf
2026-06-26 14:51:33 [INFO] 正在下载正文附件: 第35个爱国卫生月海报.zip
2026-06-26 14:51:46 [INFO] 正在下载正文附件: 广东省非免疫规划疫苗接种方案（2023年版）.docx
2026-06-26 14:51:47 [INFO] 正在下载正文附件: 广东省非免疫规划疫苗接种方案（2023年版）修订内容列表.docx
2026-06-26 14:51:59 [INFO] 正在下载正文附件: 广东省非免疫规划疫苗接种方案（2022年版）.docx
2026-06-26 14:51:59 [INFO] 正在下载正文附件: 广东省非免疫规划疫苗接种方案（2022年版）修订内容列表.docx
2026-06-26 14:52:03 [INFO] 正在下载正文附件: 广东省0_6岁儿童眼保健与视力检查工作指引及示范视频.doc
2026-06-26 14:52:08 [INFO] 正在下载正文附件: 高等学校新冠肺炎疫情防控技术方案（第四版）.docx
2026-06-26 14:52:08 [INFO] 正在下载正文附件: 中小学校新冠肺炎疫情防控技术方案（第四版）.docx
2026-06-26 14:52:08 [INFO] 正在下载正文附件: 托幼机构新冠肺炎疫情防控技术方案（第四版）.docx
2026-06-26 14:52:23 [INFO] 正在下载正文附件: GBT 23797-2020 病媒生物密度监测方法 蚊虫.pdf
2026-06-26 14:52:28 [INFO] 正在下载正文附件: 关于印发高等学校、中小学校和托幼机构春季学期新冠肺炎疫情防控技术方案（第三版）的通知.pdf
2026-06-26 14:52:38 [INFO] 正在下载正文附件: 高等学校春季学期新冠肺炎疫情防控技术方案（第三版）.docx
2026-06-26 14:52:38 [INFO] 正在下载正文附件: 中小学校春季学期新冠肺炎疫情防控技术方案（第三版）.docx
2026-06-26 14:52:38 [INFO] 正在下载正文附件: 托幼机构春季学期新冠肺炎疫情防控技术方案（第三版）.docx
2026-06-26 14:52:47 [INFO] 正在下载正文附件: 全员新型冠状病毒核酸检测组织实施指南.docx
2026-06-26 14:53:00 [INFO] 正在下载正文附件: 冬春季农村地区新冠肺炎疫情防控工作方案.docx
2026-06-26 14:53:04 [INFO] 正在下载正文附件: 附表：广东省非免疫规划疫苗接种方案.docx
2026-06-26 14:53:08 [INFO] 正在下载正文附件: 含碘消毒剂卫生要求.pdf
2026-06-26 14:53:29 [INFO] 正在下载正文附件: 全国流行性感冒防控工作方案（2020年版）.pdf
2026-06-26 14:53:33 [INFO] 正在下载正文附件: GB 27950-2020 手消毒剂通用要求.pdf
2026-06-26 14:53:45 [INFO] 正在下载正文附件: WS 233-2017.pdf
2026-06-26 14:53:49 [INFO] 正在下载正文附件: 化妆品相关检验方法制修订概况表.docx
2026-06-26 14:53:50 [INFO] 正在下载正文附件: 游离甲醛检测方法.docx
2026-06-26 14:53:50 [INFO] 正在下载正文附件: 兔角膜上皮试验.docx
2026-06-26 14:53:50 [INFO] 正在下载正文附件: 局部淋巴结DA试验.docx
2026-06-26 14:53:51 [INFO] 正在下载正文附件: 局部淋巴结BrdU-ELISA试验.docx
2026-06-26 14:53:51 [INFO] 正在下载正文附件: 体外直接多肽反应试验.docx
2026-06-26 14:53:51 [INFO] 正在下载正文附件: 斑蝥素和氮芥检测试验.doc
2026-06-26 14:53:53 [INFO] 正在下载正文附件: 10种α-羟基酸试验方法.doc
2026-06-26 14:53:53 [INFO] 正在下载正文附件: 细菌回复突变试验.doc
2026-06-26 14:53:54 [INFO] 正在下载正文附件: 致畸试验.doc
2026-06-26 14:53:59 [INFO] 正在下载正文附件: GB37487-2019.PDF
2026-06-26 14:54:00 [INFO] 正在下载正文附件: GB37488-2019.PDF
2026-06-26 14:54:02 [INFO] 正在下载正文附件: GB37489.1-2019.PDF
2026-06-26 14:54:02 [INFO] 正在下载正文附件: GB37489.2-2019.PDF
2026-06-26 14:54:03 [INFO] 正在下载正文附件: GB37489.3-2019.PDF
2026-06-26 14:54:04 [INFO] 正在下载正文附件: GB37489.4-2019.PDF
2026-06-26 14:54:05 [INFO] 正在下载正文附件: GB37489.5-2019.PDF
2026-06-26 14:54:09 [INFO] 正在下载正文附件: 国家卫生健康委办公厅关于调整肺结核传染病报告分类的通知（201903）.pdf
2026-06-26 14:54:16 [INFO] 正在下载正文附件: 广东省卫生应急队伍标识（2018年版）.pdf
2026-06-26 14:54:20 [INFO] 正在下载正文附件: CNAS-RL08：2017《实验动物饲养和使用机构认可规则》.pdf
2026-06-26 14:54:24 [INFO] 正在下载正文附件: CNAS-RL01：2018《实验室认可规则》.pdf
2026-06-26 14:54:29 [INFO] 正在下载正文附件: CNAS-CL01：2018《检测和校准实验室能力认可准则》.pdf
2026-06-26 14:54:35 [INFO] 正在下载正文附件: 国家卫生应急移动处置中心标识（2017年试行版）.pdf
2026-06-26 14:54:45 [INFO] 正在下载正文附件: 中国卫生应急服装技术规范（2011年试行版）.pdf
2026-06-26 14:54:51 [INFO] 正在下载正文附件: 关于印发广东省洪涝灾害卫生应急处置指引的通知 粤卫函〔2010〕546号.doc
2026-06-26 14:54:56 [INFO] 正在下载正文附件: 国家卫计委办公厅关于调整肺结核传染病报告分类的通知.pdf
2026-06-26 14:55:01 [INFO] 正在下载正文附件: 突发公共卫生事件风险评估工作指南(2014-04-01_修订).doc
2026-06-26 14:55:05 [INFO] 正在下载正文附件: 国家卫生计生委关于印发加强卫生应急工作规范化建设指导意见的通知.pdf
2026-06-26 14:55:13 [INFO] 正在下载正文附件: 关于印发突发事件卫生应急预案管理办法的通知.pdf
2026-06-26 14:55:20 [INFO] 正在下载正文附件: 全国疾病预防控制机构卫生应急工作规范（国卫办应急发〔2015〕54号）.pdf
2026-06-26 14:55:25 [INFO] 正在下载正文附件: 传染病信息报告管理规范2015版.doc
2026-06-26 14:55:31 [INFO] 正在下载正文附件: 全国传染病信息报告管理工作技术指南（2016年版）.doc
2026-06-26 14:55:33 [INFO] >>> 开始爬取栏目：政务公开
2026-06-26 14:55:35 [INFO] 列表页请求成功：https://cdcp.gd.gov.cn/zwgk/zcjd/index.html，状态码：200
2026-06-26 14:55:35 [INFO] 栏目 [政务公开] 第 1 页解析到 20 条
2026-06-26 14:55:37 [INFO] 列表页请求成功：https://cdcp.gd.gov.cn/zwgk/zcjd/index_2.html，状态码：200
2026-06-26 14:55:37 [INFO] 栏目 [政务公开] 第 2 页解析到 20 条
2026-06-26 14:55:39 [INFO] 列表页请求成功：https://cdcp.gd.gov.cn/zwgk/zcjd/index_3.html，状态码：200
2026-06-26 14:55:39 [INFO] 栏目 [政务公开] 第 3 页解析到 20 条
2026-06-26 14:55:40 [INFO] 列表页请求成功：https://cdcp.gd.gov.cn/zwgk/zcjd/index_4.html，状态码：200
2026-06-26 14:55:40 [INFO] 栏目 [政务公开] 第 4 页解析到 20 条
2026-06-26 14:55:42 [INFO] 列表页请求成功：https://cdcp.gd.gov.cn/zwgk/zcjd/index_5.html，状态码：200
2026-06-26 14:55:42 [INFO] 栏目 [政务公开] 第 5 页解析到 19 条
2026-06-26 14:55:43 [INFO] 列表页请求成功：https://cdcp.gd.gov.cn/zwgk/zcjd/index_6.html，状态码：200
2026-06-26 14:55:43 [INFO] 栏目 [政务公开] 第 6 页解析到 20 条
2026-06-26 14:55:45 [INFO] 列表页请求成功：https://cdcp.gd.gov.cn/zwgk/zcjd/index_7.html，状态码：200
2026-06-26 14:55:45 [INFO] 栏目 [政务公开] 第 7 页解析到 18 条
2026-06-26 14:55:47 [INFO] 列表页请求成功：https://cdcp.gd.gov.cn/zwgk/zcjd/index_8.html，状态码：200
2026-06-26 14:55:47 [INFO] 栏目 [政务公开] 第 8 页解析到 12 条
2026-06-26 14:55:49 [INFO] 列表页请求成功：https://cdcp.gd.gov.cn/zwgk/zcjd/index_9.html，状态码：200
2026-06-26 14:55:49 [INFO] 栏目 [政务公开] 第 9 页解析到 13 条
2026-06-26 14:55:50 [INFO] 列表页请求成功：https://cdcp.gd.gov.cn/zwgk/zcjd/index_10.html，状态码：200
2026-06-26 14:55:50 [INFO] 栏目 [政务公开] 第 10 页解析到 0 条
2026-06-26 14:55:50 [INFO] 栏目 [政务公开] 当前页未解析到任何数据，自动判断已达最后一页，停止翻页！
2026-06-26 15:03:24 [INFO] 正在下载正文附件: 中国公民健康素养——基本知识与技能释义（2024年版）.pdf
2026-06-26 15:08:16 [INFO] 正在下载正文附件: 国务院关于实施健康中国行动的意见.doc
2026-06-26 15:08:16 [INFO] 正在下载正文附件: 健康中国行动（2019—2030年）.doc
2026-06-26 15:08:18 [INFO] 正在下载正文附件: 健康中国行动组织实施和考核方案.doc
2026-06-26 15:09:12 [INFO] >>> 开始爬取栏目：政务公开
2026-06-26 15:09:14 [INFO] 列表页请求成功：https://cdcp.gd.gov.cn/zwgk/sjfb/index.html，状态码：200
2026-06-26 15:09:14 [INFO] 栏目 [政务公开] 第 1 页解析到 20 条
2026-06-26 15:09:16 [INFO] 列表页请求成功：https://cdcp.gd.gov.cn/zwgk/sjfb/index_2.html，状态码：200
2026-06-26 15:09:16 [INFO] 栏目 [政务公开] 第 2 页解析到 20 条
2026-06-26 15:09:17 [INFO] 列表页请求成功：https://cdcp.gd.gov.cn/zwgk/sjfb/index_3.html，状态码：200
2026-06-26 15:09:17 [INFO] 栏目 [政务公开] 第 3 页解析到 20 条
2026-06-26 15:09:19 [INFO] 列表页请求成功：https://cdcp.gd.gov.cn/zwgk/sjfb/index_4.html，状态码：200
2026-06-26 15:09:19 [INFO] 栏目 [政务公开] 第 4 页解析到 20 条
2026-06-26 15:09:20 [INFO] 列表页请求成功：https://cdcp.gd.gov.cn/zwgk/sjfb/index_5.html，状态码：200
2026-06-26 15:09:20 [INFO] 栏目 [政务公开] 第 5 页解析到 20 条
2026-06-26 15:09:22 [INFO] 列表页请求成功：https://cdcp.gd.gov.cn/zwgk/sjfb/index_6.html，状态码：200
2026-06-26 15:09:22 [INFO] 栏目 [政务公开] 第 6 页解析到 20 条
2026-06-26 15:09:24 [INFO] 列表页请求成功：https://cdcp.gd.gov.cn/zwgk/sjfb/index_7.html，状态码：200
2026-06-26 15:09:24 [INFO] 栏目 [政务公开] 第 7 页解析到 20 条
2026-06-26 15:09:25 [INFO] 列表页请求成功：https://cdcp.gd.gov.cn/zwgk/sjfb/index_8.html，状态码：200
2026-06-26 15:09:25 [INFO] 栏目 [政务公开] 第 8 页解析到 20 条
2026-06-26 15:09:27 [INFO] 列表页请求成功：https://cdcp.gd.gov.cn/zwgk/sjfb/index_9.html，状态码：200
2026-06-26 15:09:27 [INFO] 栏目 [政务公开] 第 9 页解析到 20 条
2026-06-26 15:09:29 [INFO] 列表页请求成功：https://cdcp.gd.gov.cn/zwgk/sjfb/index_10.html，状态码：200
2026-06-26 15:09:29 [INFO] 栏目 [政务公开] 第 10 页解析到 20 条
2026-06-26 15:09:30 [INFO] 列表页请求成功：https://cdcp.gd.gov.cn/zwgk/sjfb/index_11.html，状态码：200
2026-06-26 15:09:30 [INFO] 栏目 [政务公开] 第 11 页解析到 20 条
2026-06-26 15:09:32 [INFO] 列表页请求成功：https://cdcp.gd.gov.cn/zwgk/sjfb/index_12.html，状态码：200
2026-06-26 15:09:32 [INFO] 栏目 [政务公开] 第 12 页解析到 20 条
2026-06-26 15:09:34 [INFO] 列表页请求成功：https://cdcp.gd.gov.cn/zwgk/sjfb/index_13.html，状态码：200
2026-06-26 15:09:34 [INFO] 栏目 [政务公开] 第 13 页解析到 20 条
2026-06-26 15:09:35 [INFO] 列表页请求成功：https://cdcp.gd.gov.cn/zwgk/sjfb/index_14.html，状态码：200
2026-06-26 15:09:35 [INFO] 栏目 [政务公开] 第 14 页解析到 20 条
2026-06-26 15:09:37 [INFO] 列表页请求成功：https://cdcp.gd.gov.cn/zwgk/sjfb/index_15.html，状态码：200
2026-06-26 15:09:37 [INFO] 栏目 [政务公开] 第 15 页解析到 20 条
2026-06-26 15:09:39 [INFO] 列表页请求成功：https://cdcp.gd.gov.cn/zwgk/sjfb/index_16.html，状态码：200
2026-06-26 15:09:39 [INFO] 栏目 [政务公开] 第 16 页解析到 20 条
2026-06-26 15:09:41 [INFO] 列表页请求成功：https://cdcp.gd.gov.cn/zwgk/sjfb/index_17.html，状态码：200
2026-06-26 15:09:41 [INFO] 栏目 [政务公开] 第 17 页解析到 20 条
2026-06-26 15:09:42 [INFO] 列表页请求成功：https://cdcp.gd.gov.cn/zwgk/sjfb/index_18.html，状态码：200
2026-06-26 15:09:42 [INFO] 栏目 [政务公开] 第 18 页解析到 20 条
2026-06-26 15:09:44 [INFO] 列表页请求成功：https://cdcp.gd.gov.cn/zwgk/sjfb/index_19.html，状态码：200
2026-06-26 15:09:44 [INFO] 栏目 [政务公开] 第 19 页解析到 20 条
2026-06-26 15:09:46 [INFO] 列表页请求成功：https://cdcp.gd.gov.cn/zwgk/sjfb/index_20.html，状态码：200
2026-06-26 15:09:46 [INFO] 栏目 [政务公开] 第 20 页解析到 20 条
2026-06-26 15:09:47 [INFO] 列表页请求成功：https://cdcp.gd.gov.cn/zwgk/sjfb/index_21.html，状态码：200
2026-06-26 15:09:47 [INFO] 栏目 [政务公开] 第 21 页解析到 0 条
2026-06-26 15:09:47 [INFO] 栏目 [政务公开] 当前页未解析到任何数据，自动判断已达最后一页，停止翻页！
2026-06-26 15:09:49 [INFO] 正在下载正文附件: 2026年5月广东省法定传染病报告发病、死亡统计表.docx
2026-06-26 15:38:42 [INFO] >>> 开始爬取栏目：政务公开
2026-06-26 15:38:44 [INFO] 列表页请求成功：https://cdcp.gd.gov.cn/zwgk/yqxx/index.html，状态码：200
2026-06-26 15:38:44 [INFO] 栏目 [政务公开] 第 1 页解析到 20 条
2026-06-26 15:38:45 [INFO] 列表页请求成功：https://cdcp.gd.gov.cn/zwgk/yqxx/index_2.html，状态码：200
2026-06-26 15:38:45 [INFO] 栏目 [政务公开] 第 2 页解析到 20 条
2026-06-26 15:38:47 [INFO] 列表页请求成功：https://cdcp.gd.gov.cn/zwgk/yqxx/index_3.html，状态码：200
2026-06-26 15:38:47 [INFO] 栏目 [政务公开] 第 3 页解析到 20 条
2026-06-26 15:38:49 [INFO] 列表页请求成功：https://cdcp.gd.gov.cn/zwgk/yqxx/index_4.html，状态码：200
2026-06-26 15:38:49 [INFO] 栏目 [政务公开] 第 4 页解析到 20 条
2026-06-26 15:38:50 [INFO] 列表页请求成功：https://cdcp.gd.gov.cn/zwgk/yqxx/index_5.html，状态码：200
2026-06-26 15:38:50 [INFO] 栏目 [政务公开] 第 5 页解析到 20 条
2026-06-26 15:38:52 [INFO] 列表页请求成功：https://cdcp.gd.gov.cn/zwgk/yqxx/index_6.html，状态码：200
2026-06-26 15:38:52 [INFO] 栏目 [政务公开] 第 6 页解析到 20 条
2026-06-26 15:38:53 [INFO] 列表页请求成功：https://cdcp.gd.gov.cn/zwgk/yqxx/index_7.html，状态码：200
2026-06-26 15:38:53 [INFO] 栏目 [政务公开] 第 7 页解析到 20 条
2026-06-26 15:38:55 [INFO] 列表页请求成功：https://cdcp.gd.gov.cn/zwgk/yqxx/index_8.html，状态码：200
2026-06-26 15:38:55 [INFO] 栏目 [政务公开] 第 8 页解析到 20 条
2026-06-26 15:38:57 [INFO] 列表页请求成功：https://cdcp.gd.gov.cn/zwgk/yqxx/index_9.html，状态码：200
2026-06-26 15:38:57 [INFO] 栏目 [政务公开] 第 9 页解析到 20 条
2026-06-26 15:38:58 [INFO] 列表页请求成功：https://cdcp.gd.gov.cn/zwgk/yqxx/index_10.html，状态码：200
2026-06-26 15:38:58 [INFO] 栏目 [政务公开] 第 10 页解析到 20 条
2026-06-26 15:39:00 [INFO] 列表页请求成功：https://cdcp.gd.gov.cn/zwgk/yqxx/index_11.html，状态码：200
2026-06-26 15:39:00 [INFO] 栏目 [政务公开] 第 11 页解析到 20 条
2026-06-26 15:39:02 [INFO] 列表页请求成功：https://cdcp.gd.gov.cn/zwgk/yqxx/index_12.html，状态码：200
2026-06-26 15:39:02 [INFO] 栏目 [政务公开] 第 12 页解析到 20 条
2026-06-26 15:39:03 [INFO] 列表页请求成功：https://cdcp.gd.gov.cn/zwgk/yqxx/index_13.html，状态码：200
2026-06-26 15:39:03 [INFO] 栏目 [政务公开] 第 13 页解析到 20 条
2026-06-26 15:39:05 [INFO] 列表页请求成功：https://cdcp.gd.gov.cn/zwgk/yqxx/index_14.html，状态码：200
2026-06-26 15:39:05 [INFO] 栏目 [政务公开] 第 14 页解析到 20 条
2026-06-26 15:39:06 [INFO] 列表页请求成功：https://cdcp.gd.gov.cn/zwgk/yqxx/index_15.html，状态码：200
2026-06-26 15:39:06 [INFO] 栏目 [政务公开] 第 15 页解析到 20 条
2026-06-26 15:39:08 [INFO] 列表页请求成功：https://cdcp.gd.gov.cn/zwgk/yqxx/index_16.html，状态码：200
2026-06-26 15:39:08 [INFO] 栏目 [政务公开] 第 16 页解析到 20 条
2026-06-26 15:39:10 [INFO] 列表页请求成功：https://cdcp.gd.gov.cn/zwgk/yqxx/index_17.html，状态码：200
2026-06-26 15:39:10 [INFO] 栏目 [政务公开] 第 17 页解析到 20 条
2026-06-26 15:39:11 [INFO] 列表页请求成功：https://cdcp.gd.gov.cn/zwgk/yqxx/index_18.html，状态码：200
2026-06-26 15:39:11 [INFO] 栏目 [政务公开] 第 18 页解析到 20 条
2026-06-26 15:39:13 [INFO] 列表页请求成功：https://cdcp.gd.gov.cn/zwgk/yqxx/index_19.html，状态码：200
2026-06-26 15:39:13 [INFO] 栏目 [政务公开] 第 19 页解析到 20 条
2026-06-26 15:39:15 [INFO] 列表页请求成功：https://cdcp.gd.gov.cn/zwgk/yqxx/index_20.html，状态码：200
2026-06-26 15:39:15 [INFO] 栏目 [政务公开] 第 20 页解析到 20 条
2026-06-26 15:39:16 [INFO] 列表页请求成功：https://cdcp.gd.gov.cn/zwgk/yqxx/index_21.html，状态码：200
2026-06-26 15:39:16 [INFO] 栏目 [政务公开] 第 21 页解析到 0 条
2026-06-26 15:39:16 [INFO] 栏目 [政务公开] 当前页未解析到任何数据，自动判断已达最后一页，停止翻页！
2026-06-26 15:39:18 [INFO] 正在下载正文附件: 2026年5月广东省法定传染病报告发病、死亡统计表.docx
2026-06-26 15:59:42 [INFO] 正在下载正文附件: 蚊媒高密度地区表1-5.doc
2026-06-26 16:04:39 [INFO] >>> 开始爬取栏目：健康教育
2026-06-26 16:04:41 [INFO] 列表页请求成功：https://cdcp.gd.gov.cn/jkjy/jkzt/crbyfykz/index.html，状态码：200
2026-06-26 16:04:41 [INFO] 栏目 [健康教育] 第 1 页解析到 20 条
2026-06-26 16:04:43 [INFO] 列表页请求成功：https://cdcp.gd.gov.cn/jkjy/jkzt/crbyfykz/index_2.html，状态码：200
2026-06-26 16:04:43 [INFO] 栏目 [健康教育] 第 2 页解析到 20 条
2026-06-26 16:04:44 [INFO] 列表页请求成功：https://cdcp.gd.gov.cn/jkjy/jkzt/crbyfykz/index_3.html，状态码：200
2026-06-26 16:04:44 [INFO] 栏目 [健康教育] 第 3 页解析到 20 条
2026-06-26 16:04:46 [INFO] 列表页请求成功：https://cdcp.gd.gov.cn/jkjy/jkzt/crbyfykz/index_4.html，状态码：200
2026-06-26 16:04:46 [INFO] 栏目 [健康教育] 第 4 页解析到 20 条
2026-06-26 16:04:48 [INFO] 列表页请求成功：https://cdcp.gd.gov.cn/jkjy/jkzt/crbyfykz/index_5.html，状态码：200
2026-06-26 16:04:48 [INFO] 栏目 [健康教育] 第 5 页解析到 20 条
2026-06-26 16:04:49 [INFO] 列表页请求成功：https://cdcp.gd.gov.cn/jkjy/jkzt/crbyfykz/index_6.html，状态码：200
2026-06-26 16:04:49 [INFO] 栏目 [健康教育] 第 6 页解析到 20 条
2026-06-26 16:04:51 [INFO] 列表页请求成功：https://cdcp.gd.gov.cn/jkjy/jkzt/crbyfykz/index_7.html，状态码：200
2026-06-26 16:04:51 [INFO] 栏目 [健康教育] 第 7 页解析到 20 条
2026-06-26 16:04:53 [INFO] 列表页请求成功：https://cdcp.gd.gov.cn/jkjy/jkzt/crbyfykz/index_8.html，状态码：200
2026-06-26 16:04:53 [INFO] 栏目 [健康教育] 第 8 页解析到 20 条
2026-06-26 16:04:54 [INFO] 列表页请求成功：https://cdcp.gd.gov.cn/jkjy/jkzt/crbyfykz/index_9.html，状态码：200
2026-06-26 16:04:54 [INFO] 栏目 [健康教育] 第 9 页解析到 20 条
2026-06-26 16:04:56 [INFO] 列表页请求成功：https://cdcp.gd.gov.cn/jkjy/jkzt/crbyfykz/index_10.html，状态码：200
2026-06-26 16:04:56 [INFO] 栏目 [健康教育] 第 10 页解析到 20 条
2026-06-26 16:04:57 [INFO] 列表页请求成功：https://cdcp.gd.gov.cn/jkjy/jkzt/crbyfykz/index_11.html，状态码：200
2026-06-26 16:04:58 [INFO] 栏目 [健康教育] 第 11 页解析到 20 条
2026-06-26 16:04:59 [INFO] 列表页请求成功：https://cdcp.gd.gov.cn/jkjy/jkzt/crbyfykz/index_12.html，状态码：200
2026-06-26 16:04:59 [INFO] 栏目 [健康教育] 第 12 页解析到 20 条
2026-06-26 16:05:01 [INFO] 列表页请求成功：https://cdcp.gd.gov.cn/jkjy/jkzt/crbyfykz/index_13.html，状态码：200
2026-06-26 16:05:01 [INFO] 栏目 [健康教育] 第 13 页解析到 20 条
2026-06-26 16:05:02 [INFO] 列表页请求成功：https://cdcp.gd.gov.cn/jkjy/jkzt/crbyfykz/index_14.html，状态码：200
2026-06-26 16:05:02 [INFO] 栏目 [健康教育] 第 14 页解析到 19 条
2026-06-26 16:05:04 [INFO] 列表页请求成功：https://cdcp.gd.gov.cn/jkjy/jkzt/crbyfykz/index_15.html，状态码：200
2026-06-26 16:05:04 [INFO] 栏目 [健康教育] 第 15 页解析到 12 条
2026-06-26 16:05:06 [INFO] 列表页请求成功：https://cdcp.gd.gov.cn/jkjy/jkzt/crbyfykz/index_16.html，状态码：200
2026-06-26 16:05:06 [INFO] 栏目 [健康教育] 第 16 页解析到 16 条
2026-06-26 16:05:07 [INFO] 列表页请求成功：https://cdcp.gd.gov.cn/jkjy/jkzt/crbyfykz/index_17.html，状态码：200
2026-06-26 16:05:07 [INFO] 栏目 [健康教育] 第 17 页解析到 19 条
2026-06-26 16:05:09 [INFO] 列表页请求成功：https://cdcp.gd.gov.cn/jkjy/jkzt/crbyfykz/index_18.html，状态码：200
2026-06-26 16:05:09 [INFO] 栏目 [健康教育] 第 18 页解析到 19 条
2026-06-26 16:05:11 [INFO] 列表页请求成功：https://cdcp.gd.gov.cn/jkjy/jkzt/crbyfykz/index_19.html，状态码：200
2026-06-26 16:05:11 [INFO] 栏目 [健康教育] 第 19 页解析到 2 条
2026-06-26 16:05:12 [INFO] 列表页请求成功：https://cdcp.gd.gov.cn/jkjy/jkzt/crbyfykz/index_20.html，状态码：200
2026-06-26 16:05:12 [INFO] 栏目 [健康教育] 第 20 页解析到 0 条
2026-06-26 16:05:12 [INFO] 栏目 [健康教育] 当前页未解析到任何数据，自动判断已达最后一页，停止翻页！
2026-06-26 16:09:29 [INFO] 正在下载正文附件: 莫慌！流感来袭，校园防控有良方.mp4
2026-06-26 16:11:19 [INFO] 正在下载正文附件: 预防两热科普视频.mp4
2026-06-26 16:11:19 [ERROR] 正文附件下载失败: 预防两热科普视频.mp4, 目标链接: https://cdcp.gd.gov.cn/attachment/0/595/595176/4778424.mp4
2026-06-26 16:11:36 [INFO] 正在下载正文附件: 校园诺如歼灭战.mp4
2026-06-26 16:11:37 [ERROR] 正文附件下载失败: 校园诺如歼灭战.mp4, 目标链接: https://cdcp.gd.gov.cn/attachment/0/592/592678/4770837.mp4
2026-06-26 16:12:12 [INFO] 正在下载正文附件: 基孔肯雅热科普视频.zip
2026-06-26 16:13:23 [INFO] 正在下载正文附件: 基孔肯雅热 8大场所防控指引海报.zip
2026-06-26 16:17:51 [INFO] 正在下载正文附件: 猴痘折页.pdf
2026-06-26 16:17:51 [ERROR] 正文附件下载失败: 猴痘折页.pdf, 目标链接: https://cdcp.gd.gov.cn/attachment/0/585/585282/4743767.pdf
2026-06-26 16:22:53 [INFO] 正在下载正文附件: 乙肝的疾病知识.mp4
2026-06-26 16:30:23 [INFO] 正在下载正文附件: 诺如病毒感染病例——呕吐物处置指引流程（海报、折页）.zip
2026-06-26 16:31:07 [INFO] 正在下载正文附件: 丙肝防治宣传教育信息之吸毒人群（长图）.tif.bin
2026-06-26 16:31:08 [ERROR] 正文附件下载失败: 丙肝防治宣传教育信息之吸毒人群（长图）.tif.bin, 目标链接: https://cdcp.gd.gov.cn/attachment/0/529/529014/4237424.tif
2026-06-26 16:31:14 [INFO] 正在下载正文附件: 丙肝防治宣传教育信息之大众人群（长图）.tif.bin
2026-06-26 16:31:39 [INFO] 正在下载正文附件: 丙肝防治宣传教育信息之男性同性性行为人群（长图）.tif.bin
2026-06-26 16:34:36 [INFO] 正在下载正文附件: 猩红热科普视频（高清）.mp4
2026-06-26 16:36:07 [INFO] 正在下载正文附件: 广交会期间，外省来（返）粤人员请注意——科普海报.zip
2026-06-26 16:36:13 [INFO] 正在下载正文附件: 新冠肺炎个人防控9个牢记科普视频.rar
2026-06-26 16:36:14 [ERROR] 正文附件下载失败: 新冠肺炎个人防控9个牢记科普视频.rar, 目标链接: https://cdcp.gd.gov.cn/attachment/0/464/464884/3558065.rar
2026-06-26 16:36:23 [INFO] 正在下载正文附件: 新冠肺炎疫情防护指导手册.pdf
2026-06-26 16:38:27 [INFO] 正在下载正文附件: 诺如病毒感染病例——呕吐物处置指引流程（海报、折页）.zip
2026-06-26 16:38:29 [ERROR] 正文附件下载失败: 诺如病毒感染病例——呕吐物处置指引流程（海报、折页）.zip, 目标链接: https://cdcp.gd.gov.cn/attachment/0/562/562250/3499852.zip
2026-06-26 16:39:09 [INFO] 正在下载正文附件: 诺如病毒感染病例：呕吐物处置流程指引海报折页（2026年新版）.zip
2026-06-26 16:39:10 [ERROR] 正文附件下载失败: 诺如病毒感染病例：呕吐物处置流程指引海报折页（2026年新版）.zip, 目标链接: https://cdcp.gd.gov.cn/attachment/0/607/607548/4860732.zip
2026-06-26 16:39:22 [INFO] 正在下载正文附件: Hf7YY3XA.pdf
2026-06-26 16:39:22 [ERROR] 正文附件下载失败: Hf7YY3XA.pdf, 目标链接: https://cdcp.gd.gov.cn/jbkzzx/c100014/1938557342511960064/Hf7YY3XA.pdf
2026-06-26 16:39:22 [INFO] 正在下载正文附件: 登革热实验室检测方案.pdf
2026-06-26 16:39:22 [INFO] 正在下载正文附件: DBMMSTW2.pdf
2026-06-26 16:39:23 [ERROR] 正文附件下载失败: DBMMSTW2.pdf, 目标链接: https://cdcp.gd.gov.cn/jbkzzx/c100014/1938557342511960064/DBMMSTW2.pdf
2026-06-26 16:39:23 [INFO] 正在下载正文附件: 登革热血清流行病学调查方案.pdf
2026-06-26 16:39:23 [INFO] 正在下载正文附件: UJfmcvSH.pdf
2026-06-26 16:39:23 [ERROR] 正文附件下载失败: UJfmcvSH.pdf, 目标链接: https://cdcp.gd.gov.cn/jbkzzx/c100014/1938557342511960064/UJfmcvSH.pdf
2026-06-26 16:39:23 [INFO] 正在下载正文附件: 登革热媒介伊蚊监测方案.pdf
2026-06-26 16:39:24 [INFO] 正在下载正文附件: GwmVPrOB.pdf
2026-06-26 16:39:24 [ERROR] 正文附件下载失败: GwmVPrOB.pdf, 目标链接: https://cdcp.gd.gov.cn/jbkzzx/c100014/1938557342511960064/GwmVPrOB.pdf
2026-06-26 16:39:24 [INFO] 正在下载正文附件: 登革热重点病例流行病学调查方案.pdf
2026-06-26 16:39:25 [INFO] 正在下载正文附件: cVtS3uDy.pdf
2026-06-26 16:39:25 [ERROR] 正文附件下载失败: cVtS3uDy.pdf, 目标链接: https://cdcp.gd.gov.cn/jbkzzx/c100014/1938557342511960064/cVtS3uDy.pdf
2026-06-26 16:39:25 [INFO] 正在下载正文附件: 登革热媒介伊蚊应急控制方案.pdf
2026-06-26 16:39:25 [INFO] 正在下载正文附件: PZAWGpY3.pdf
2026-06-26 16:39:25 [ERROR] 正文附件下载失败: PZAWGpY3.pdf, 目标链接: https://cdcp.gd.gov.cn/jbkzzx/c100014/1938557342511960064/PZAWGpY3.pdf
2026-06-26 16:39:25 [INFO] 正在下载正文附件: 登革热健康科普核心信息.pdf
2026-06-26 16:39:33 [INFO] 正在下载正文附件: 2ihqGGns.pdf
2026-06-26 16:39:34 [ERROR] 正文附件下载失败: 2ihqGGns.pdf, 目标链接: https://cdcp.gd.gov.cn/jbkzzx/c100014/1866421563072040960/2ihqGGns.pdf
2026-06-26 16:39:34 [INFO] 正在下载正文附件: 流行病学个案调查表.pdf
2026-06-26 16:39:34 [INFO] 正在下载正文附件: rngXr86i.pdf
2026-06-26 16:39:34 [ERROR] 正文附件下载失败: rngXr86i.pdf, 目标链接: https://cdcp.gd.gov.cn/jbkzzx/c100014/1866421563072040960/rngXr86i.pdf
2026-06-26 16:39:34 [INFO] 正在下载正文附件: 监测指标要求及说明.pdf
2026-06-26 16:39:35 [INFO] 正在下载正文附件: HrWX7Jon.pdf
2026-06-26 16:39:35 [ERROR] 正文附件下载失败: HrWX7Jon.pdf, 目标链接: https://cdcp.gd.gov.cn/jbkzzx/c100014/1866421563072040960/HrWX7Jon.pdf
2026-06-26 16:39:35 [INFO] 正在下载正文附件: 麻疹风疹聚集性疫情调查处置指南.pdf
2026-06-26 16:39:35 [INFO] 正在下载正文附件: leHNd7sA.pdf
2026-06-26 16:39:35 [ERROR] 正文附件下载失败: leHNd7sA.pdf, 目标链接: https://cdcp.gd.gov.cn/jbkzzx/c100014/1866421563072040960/leHNd7sA.pdf
2026-06-26 16:39:35 [INFO] 正在下载正文附件: 麻疹风疹实验室检测技术指南.pdf
2026-06-26 16:39:36 [INFO] 正在下载正文附件: RIwDGazA.pdf
2026-06-26 16:39:36 [ERROR] 正文附件下载失败: RIwDGazA.pdf, 目标链接: https://cdcp.gd.gov.cn/jbkzzx/c100014/1866421563072040960/RIwDGazA.pdf
2026-06-26 16:39:36 [INFO] 正在下载正文附件: 麻疹防控科普知识要点.pdf
2026-06-26 16:39:37 [INFO] 正在下载正文附件: dbtOJOOD.pdf
2026-06-26 16:39:37 [ERROR] 正文附件下载失败: dbtOJOOD.pdf, 目标链接: https://cdcp.gd.gov.cn/jbkzzx/c100014/1866421563072040960/dbtOJOOD.pdf
2026-06-26 16:39:37 [INFO] 正在下载正文附件: 风疹防控科普知识要点.pdf
2026-06-26 16:39:43 [INFO] 正在下载正文附件: 1.麻疹诊疗方案（2024年版）.pdf
2026-06-26 16:39:45 [INFO] 正在下载正文附件: 2.登革热诊疗方案（2024年版）.pdf
2026-06-26 16:39:47 [INFO] 正在下载正文附件: 3.人感染禽流感诊疗方案（2024年版）.pdf
2026-06-26 16:39:55 [INFO] 正在下载正文附件: 国家突发急性传染病防控队伍管理办法.pdf
2026-06-26 16:40:07 [INFO] 正在下载正文附件: 百日咳重点病例流行病学调查指南.pdf
2026-06-26 16:40:08 [INFO] 正在下载正文附件: 百日咳聚集性疫情调查处置指南.pdf
2026-06-26 16:40:09 [INFO] 正在下载正文附件: 百日咳实验室检测技术指南.pdf
2026-06-26 16:40:10 [INFO] 正在下载正文附件: 百日咳防控科普知识要点.pdf
2026-06-26 16:40:14 [INFO] 正在下载正文附件: 传染病疫情应急预案管理办法.pdf
2026-06-26 16:40:18 [INFO] 正在下载正文附件: 全国鼠疫监测方案（2024年修订版）.pdf
2026-06-26 16:40:35 [INFO] 正在下载正文附件: 猴痘防控方案.pdf
2026-06-26 16:40:52 [INFO] 正在下载正文附件: 高等学校新冠肺炎疫情防控技术方案（第四版）.docx
2026-06-26 16:40:52 [INFO] 正在下载正文附件: 中小学校新冠肺炎疫情防控技术方案（第四版）.docx
2026-06-26 16:40:52 [INFO] 正在下载正文附件: 托幼机构新冠肺炎疫情防控技术方案（第四版）.docx
2026-06-26 16:40:56 [INFO] 正在下载正文附件: 中国流感疫苗预防接种技术指南（2021-2022）.docx
2026-06-26 16:41:05 [INFO] 正在下载正文附件: 关于印发高等学校、中小学校和托幼机构春季学期新冠肺炎疫情防控技术方案（第三版）的通知.pdf
2026-06-26 16:41:16 [INFO] 正在下载正文附件: 全员新型冠状病毒核酸检测组织实施指南.docx
2026-06-26 16:41:39 [INFO] 正在下载正文附件: 冬春季农村地区新冠肺炎疫情防控工作方案.docx
2026-06-26 16:41:47 [INFO] 正在下载正文附件: 全国流行性感冒防控工作方案（2020年版）.pdf
2026-06-26 16:41:52 [INFO] 正在下载正文附件: 附件1-14.doc
2026-06-26 16:41:58 [INFO] 正在下载正文附件: 关于印发广东省手足口病防控相关指引（2015年版）的通知（粤卫办〔2015〕19号）.doc
2026-06-26 16:42:03 [INFO] 正在下载正文附件: 诺如病毒感染暴发调查和预防控制技术指南（2015版）国家.docx
2026-06-26 16:42:10 [INFO] 正在下载正文附件: 中国疾病预防控制中心关于印发肠道病毒71型灭活疫苗使用技术指南的通知-含技术指南.doc
2026-06-26 16:42:14 [INFO] 正在下载正文附件: 登革热诊断（代替WS+216—2008）20180330095421298.pdf
2026-06-26 16:42:19 [INFO] 正在下载正文附件: 新型冠状病毒肺炎防控方案（第七版）.pdf
2026-06-26 16:42:30 [INFO] 正在下载正文附件: 20190123-粤卫办函〔2019〕44+号-广东省卫生健康委办公室关于印发广东省流行性感冒防控方案（试行）的通知.PDF
2026-06-26 16:42:34 [INFO] 正在下载正文附件: 基孔肯雅热诊断标准WST+590—2018.pdf
2026-06-26 16:42:39 [INFO] 正在下载正文附件: 埃博拉出血热防控方案（第三版）.pdf
2026-06-26 16:42:45 [INFO] 正在下载正文附件: 黄热病防控方案（2016年版）.pdf
2026-06-26 16:42:49 [INFO] 正在下载正文附件: 基孔肯雅热预防控制技术指南（2011年版）.pdf
2026-06-26 16:42:54 [INFO] 正在下载正文附件: 拉沙热预防控制技术指南及诊疗方案.pdf
2026-06-26 16:42:59 [INFO] 正在下载正文附件: 狂犬病预防控制技术指南（2016版）.docx
2026-06-26 16:43:04 [INFO] 正在下载正文附件: 狂犬病暴露预防处置工作规范（2009版）.doc
2026-06-26 16:46:09 [INFO] 检测到直链文件，直接入库跳过解析：https://cdcp.gd.gov.cn/attachment/0/378/378797/3438490.pdf
2026-06-26 16:46:09 [INFO] 正在下载直链文件: 狂犬病预防.pdf
2026-06-26 16:51:39 [INFO] 正在下载正文附件: 如何进行新冠病毒抗原自测.mp4
2026-06-26 16:51:40 [ERROR] 正文附件下载失败: 如何进行新冠病毒抗原自测.mp4, 目标链接: https://cdcp.gd.gov.cn/attachment/0/486/486831/3913304.mp4
2026-06-26 16:51:41 [INFO] >>> 开始爬取栏目：健康教育
2026-06-26 16:51:43 [INFO] 列表页请求成功：https://cdcp.gd.gov.cn/jkjy/jkzt/mxfcrxjbfz/index.html，状态码：200
2026-06-26 16:51:43 [INFO] 栏目 [健康教育] 第 1 页解析到 20 条
2026-06-26 16:51:45 [INFO] 列表页请求成功：https://cdcp.gd.gov.cn/jkjy/jkzt/mxfcrxjbfz/index_2.html，状态码：200
2026-06-26 16:51:45 [INFO] 栏目 [健康教育] 第 2 页解析到 20 条
2026-06-26 16:51:47 [INFO] 列表页请求成功：https://cdcp.gd.gov.cn/jkjy/jkzt/mxfcrxjbfz/index_3.html，状态码：200
2026-06-26 16:51:47 [INFO] 栏目 [健康教育] 第 3 页解析到 20 条
2026-06-26 16:51:48 [INFO] 列表页请求成功：https://cdcp.gd.gov.cn/jkjy/jkzt/mxfcrxjbfz/index_4.html，状态码：200
2026-06-26 16:51:48 [INFO] 栏目 [健康教育] 第 4 页解析到 20 条
2026-06-26 16:51:50 [INFO] 列表页请求成功：https://cdcp.gd.gov.cn/jkjy/jkzt/mxfcrxjbfz/index_5.html，状态码：200
2026-06-26 16:51:50 [INFO] 栏目 [健康教育] 第 5 页解析到 20 条
2026-06-26 16:51:52 [INFO] 列表页请求成功：https://cdcp.gd.gov.cn/jkjy/jkzt/mxfcrxjbfz/index_6.html，状态码：200
2026-06-26 16:51:52 [INFO] 栏目 [健康教育] 第 6 页解析到 20 条
2026-06-26 16:51:54 [INFO] 列表页请求成功：https://cdcp.gd.gov.cn/jkjy/jkzt/mxfcrxjbfz/index_7.html，状态码：200
2026-06-26 16:51:54 [INFO] 栏目 [健康教育] 第 7 页解析到 19 条
2026-06-26 16:51:55 [INFO] 列表页请求成功：https://cdcp.gd.gov.cn/jkjy/jkzt/mxfcrxjbfz/index_8.html，状态码：200
2026-06-26 16:51:55 [INFO] 栏目 [健康教育] 第 8 页解析到 18 条
2026-06-26 16:51:57 [INFO] 列表页请求成功：https://cdcp.gd.gov.cn/jkjy/jkzt/mxfcrxjbfz/index_9.html，状态码：200
2026-06-26 16:51:57 [INFO] 栏目 [健康教育] 第 9 页解析到 13 条
2026-06-26 16:51:58 [INFO] 列表页请求成功：https://cdcp.gd.gov.cn/jkjy/jkzt/mxfcrxjbfz/index_10.html，状态码：200
2026-06-26 16:51:59 [INFO] 栏目 [健康教育] 第 10 页解析到 9 条
2026-06-26 16:52:00 [INFO] 列表页请求成功：https://cdcp.gd.gov.cn/jkjy/jkzt/mxfcrxjbfz/index_11.html，状态码：200
2026-06-26 16:52:00 [INFO] 栏目 [健康教育] 第 11 页解析到 0 条
2026-06-26 16:52:00 [INFO] 栏目 [健康教育] 当前页未解析到任何数据，自动判断已达最后一页，停止翻页！
2026-06-26 16:58:24 [INFO] 正在下载正文附件: 广东省“体重管理年”活动实施方案.docx
2026-06-26 16:59:25 [INFO] 正在下载正文附件: 体重管理指导原则（2024年版）.pdf
2026-06-26 17:01:50 [INFO] 正在下载正文附件: 肺朗师傅历险记.mp4
2026-06-26 17:05:47 [INFO] 正在下载正文附件: 高尿酸人群请加水限酒.mp4
2026-06-26 17:10:19 [INFO] 正在下载正文附件: 2023年全国老年健康宣传周海报.zip
2026-06-26 17:12:46 [INFO] 正在下载正文附件: （PDF）儿童溺水干预工具使用指引.pdf
2026-06-26 17:12:51 [INFO] 正在下载正文附件: 预防儿童溺水家长课件.zip
2026-06-26 17:12:52 [ERROR] 正文附件下载失败: 预防儿童溺水家长课件.zip, 目标链接: https://cdcp.gd.gov.cn/attachment/0/429/429391/3439413.zip
2026-06-26 17:12:56 [INFO] 正在下载正文附件: 预防学龄儿童溺水教师标准化课件.zip
2026-06-26 17:13:06 [INFO] 正在下载正文附件: 溺水个案回顾性调查表.zip
2026-06-26 17:13:11 [INFO] 正在下载正文附件: 预防儿童溺水教师应知应会.zip
2026-06-26 17:13:15 [INFO] 正在下载正文附件: 视频溺水急救真人版.rar
2026-06-26 17:13:17 [ERROR] 正文附件下载失败: 视频溺水急救真人版.rar, 目标链接: https://cdcp.gd.gov.cn/attachment/0/416/416309/3439407.rar
2026-06-26 17:13:20 [INFO] 正在下载正文附件: 儿童溺水状况调查问卷.zip
2026-06-26 17:13:25 [INFO] 正在下载正文附件: 预防学龄前儿童溺水家长看护行为及环境评估量表-带水印.zip
2026-06-26 17:13:36 [INFO] 正在下载正文附件: 预防学龄儿童溺水终版视频.zip
2026-06-26 17:25:05 [ERROR] 正文附件下载失败: 预防学龄儿童溺水终版视频.zip, 目标链接: https://cdcp.gd.gov.cn/attachment/0/415/415848/3439403.zip
2026-06-26 17:25:10 [INFO] 正在下载正文附件: 预防儿童溺水警示读本jpg.zip
2026-06-26 17:25:43 [INFO] 正在下载正文附件: 预防学龄前儿童溺水科普手册.zip
2026-06-26 17:26:15 [INFO] 正在下载正文附件: 预防儿童溺水海报终版.zip
2026-06-26 17:26:32 [INFO] 正在下载正文附件: 预防学龄前儿童溺水教师课件终版（带水印）.zip
2026-06-26 17:26:32 [ERROR] 正文附件下载失败: 预防学龄前儿童溺水教师课件终版（带水印）.zip, 目标链接: https://cdcp.gd.gov.cn/attachment/0/415/415614/3439406.zip
2026-06-26 17:26:40 [INFO] 正在下载正文附件: 如何预防老年人跌倒2：科学改善居家环境 有效预防老年跌倒.mp4
2026-06-26 17:26:40 [ERROR] 正文附件下载失败: 如何预防老年人跌倒2：科学改善居家环境 有效预防老年跌倒.mp4, 目标链接: https://cdcp.gd.gov.cn/attachment/0/392/392417/3439389.mp4
2026-06-26 17:26:45 [INFO] 正在下载正文附件: 如何预防老年人跌倒1：一起学做“不倒翁”.mp4
2026-06-26 17:28:16 [INFO] 正在下载正文附件: 预防学龄前儿童溺水——做合格家长 预防儿童溺水.mp4
2026-06-26 17:28:16 [ERROR] 正文附件下载失败: 预防学龄前儿童溺水——做合格家长 预防儿童溺水.mp4, 目标链接: https://cdcp.gd.gov.cn/attachment/0/392/392418/3439387.mp4
2026-06-26 17:28:20 [INFO] 正在下载正文附件: 4.预防学龄前儿童溺水—— 溺水求生存.mp4
2026-06-26 17:30:09 [INFO] 正在下载正文附件: 3 .预防学龄前儿童溺水——认识危险行为.mp4
2026-06-26 17:30:10 [ERROR] 正文附件下载失败: 3 .预防学龄前儿童溺水——认识危险行为.mp4, 目标链接: https://cdcp.gd.gov.cn/attachment/0/392/392414/3439385.mp4
2026-06-26 17:30:14 [INFO] 正在下载正文附件: 预防学龄前儿童溺水——如何识别危险环境.mp4
2026-06-26 17:31:25 [INFO] 正在下载正文附件: 预防学龄前儿童溺水——与水做朋友.mp4
2026-06-26 17:31:25 [ERROR] 正文附件下载失败: 预防学龄前儿童溺水——与水做朋友.mp4, 目标链接: https://cdcp.gd.gov.cn/attachment/0/392/392412/3439383.mp4
2026-06-26 17:31:27 [INFO] >>> 开始爬取栏目：健康教育
2026-06-26 17:31:29 [INFO] 列表页请求成功：https://cdcp.gd.gov.cn/jkjy/jkzt/jscbfz/index.html，状态码：200
2026-06-26 17:31:29 [INFO] 栏目 [健康教育] 第 1 页解析到 20 条
2026-06-26 17:31:30 [INFO] 列表页请求成功：https://cdcp.gd.gov.cn/jkjy/jkzt/jscbfz/index_2.html，状态码：200
2026-06-26 17:31:30 [INFO] 栏目 [健康教育] 第 2 页解析到 20 条
2026-06-26 17:31:32 [INFO] 列表页请求成功：https://cdcp.gd.gov.cn/jkjy/jkzt/jscbfz/index_3.html，状态码：200
2026-06-26 17:31:32 [INFO] 栏目 [健康教育] 第 3 页解析到 15 条
2026-06-26 17:31:34 [INFO] 列表页请求成功：https://cdcp.gd.gov.cn/jkjy/jkzt/jscbfz/index_4.html，状态码：200
2026-06-26 17:31:34 [INFO] 栏目 [健康教育] 第 4 页解析到 8 条
2026-06-26 17:31:35 [INFO] 列表页请求成功：https://cdcp.gd.gov.cn/jkjy/jkzt/jscbfz/index_5.html，状态码：200
2026-06-26 17:31:35 [INFO] 栏目 [健康教育] 第 5 页解析到 0 条
2026-06-26 17:31:35 [INFO] 栏目 [健康教育] 当前页未解析到任何数据，自动判断已达最后一页，停止翻页！
2026-06-26 17:36:15 [INFO] 正在下载正文附件: 《无疟之路》.mp4
2026-06-26 17:36:15 [ERROR] 正文附件下载失败: 《无疟之路》.mp4, 目标链接: https://cdcp.gd.gov.cn/attachment/0/519/519072/4171767.mp4
2026-06-26 17:36:39 [INFO] 正在下载正文附件: 吃鱼生+小心肝系列.zip
2026-06-26 17:36:50 [INFO] 正在下载正文附件: 小虫子大问题系列.zip
2026-06-26 17:38:09 [INFO] >>> 开始爬取栏目：健康教育
2026-06-26 17:38:10 [INFO] 列表页请求成功：https://cdcp.gd.gov.cn/jkjy/jkzt/xdybmswkz/index.html，状态码：200
2026-06-26 17:38:10 [INFO] 栏目 [健康教育] 第 1 页解析到 20 条
2026-06-26 17:38:12 [INFO] 列表页请求成功：https://cdcp.gd.gov.cn/jkjy/jkzt/xdybmswkz/index_2.html，状态码：200
2026-06-26 17:38:12 [INFO] 栏目 [健康教育] 第 2 页解析到 19 条
2026-06-26 17:38:14 [INFO] 列表页请求成功：https://cdcp.gd.gov.cn/jkjy/jkzt/xdybmswkz/index_3.html，状态码：200
2026-06-26 17:38:14 [INFO] 栏目 [健康教育] 第 3 页解析到 20 条
2026-06-26 17:38:16 [INFO] 列表页请求成功：https://cdcp.gd.gov.cn/jkjy/jkzt/xdybmswkz/index_4.html，状态码：200
2026-06-26 17:38:16 [INFO] 栏目 [健康教育] 第 4 页解析到 20 条
2026-06-26 17:38:17 [INFO] 列表页请求成功：https://cdcp.gd.gov.cn/jkjy/jkzt/xdybmswkz/index_5.html，状态码：200
2026-06-26 17:38:17 [INFO] 栏目 [健康教育] 第 5 页解析到 20 条
2026-06-26 17:38:19 [INFO] 列表页请求成功：https://cdcp.gd.gov.cn/jkjy/jkzt/xdybmswkz/index_6.html，状态码：200
2026-06-26 17:38:19 [INFO] 栏目 [健康教育] 第 6 页解析到 20 条
2026-06-26 17:38:21 [INFO] 列表页请求成功：https://cdcp.gd.gov.cn/jkjy/jkzt/xdybmswkz/index_7.html，状态码：200
2026-06-26 17:38:21 [INFO] 栏目 [健康教育] 第 7 页解析到 20 条
2026-06-26 17:38:22 [INFO] 列表页请求成功：https://cdcp.gd.gov.cn/jkjy/jkzt/xdybmswkz/index_8.html，状态码：200
2026-06-26 17:38:22 [INFO] 栏目 [健康教育] 第 8 页解析到 20 条
2026-06-26 17:38:24 [INFO] 列表页请求成功：https://cdcp.gd.gov.cn/jkjy/jkzt/xdybmswkz/index_9.html，状态码：200
2026-06-26 17:38:24 [INFO] 栏目 [健康教育] 第 9 页解析到 14 条
2026-06-26 17:38:26 [INFO] 列表页请求成功：https://cdcp.gd.gov.cn/jkjy/jkzt/xdybmswkz/index_10.html，状态码：200
2026-06-26 17:38:26 [INFO] 栏目 [健康教育] 第 10 页解析到 20 条
2026-06-26 17:38:28 [INFO] 列表页请求成功：https://cdcp.gd.gov.cn/jkjy/jkzt/xdybmswkz/index_11.html，状态码：200
2026-06-26 17:38:28 [INFO] 栏目 [健康教育] 第 11 页解析到 20 条
2026-06-26 17:38:29 [INFO] 列表页请求成功：https://cdcp.gd.gov.cn/jkjy/jkzt/xdybmswkz/index_12.html，状态码：200
2026-06-26 17:38:29 [INFO] 栏目 [健康教育] 第 12 页解析到 20 条
2026-06-26 17:38:31 [INFO] 列表页请求成功：https://cdcp.gd.gov.cn/jkjy/jkzt/xdybmswkz/index_13.html，状态码：200
2026-06-26 17:38:31 [INFO] 栏目 [健康教育] 第 13 页解析到 20 条
2026-06-26 17:38:33 [INFO] 列表页请求成功：https://cdcp.gd.gov.cn/jkjy/jkzt/xdybmswkz/index_14.html，状态码：200
2026-06-26 17:38:33 [INFO] 栏目 [健康教育] 第 14 页解析到 19 条
2026-06-26 17:38:34 [INFO] 列表页请求成功：https://cdcp.gd.gov.cn/jkjy/jkzt/xdybmswkz/index_15.html，状态码：200
2026-06-26 17:38:34 [INFO] 栏目 [健康教育] 第 15 页解析到 6 条
2026-06-26 17:38:36 [INFO] 列表页请求成功：https://cdcp.gd.gov.cn/jkjy/jkzt/xdybmswkz/index_16.html，状态码：200
2026-06-26 17:38:36 [INFO] 栏目 [健康教育] 第 16 页解析到 0 条
2026-06-26 17:38:36 [INFO] 栏目 [健康教育] 当前页未解析到任何数据，自动判断已达最后一页，停止翻页！
2026-06-26 17:40:25 [INFO] 正在下载正文附件: 预防两热科普视频.mp4
2026-06-26 17:40:25 [ERROR] 正文附件下载失败: 预防两热科普视频.mp4, 目标链接: https://cdcp.gd.gov.cn/attachment/0/595/595176/4778425.mp4
2026-06-26 17:41:47 [INFO] 正在下载正文附件: 基孔肯雅热科普视频.zip
2026-06-26 17:42:59 [INFO] 正在下载正文附件: 基孔肯雅热 8大场所防控指引海报.zip
2026-06-26 17:43:00 [ERROR] 正文附件下载失败: 基孔肯雅热 8大场所防控指引海报.zip, 目标链接: https://cdcp.gd.gov.cn/attachment/0/587/587135/4751184.zip
2026-06-26 17:45:28 [INFO] 正在下载正文附件: 出国预防登革热.mp4
2026-06-26 17:45:50 [INFO] 正在下载正文附件: 预防登革热系列之五：工地灭蚊宝典篇.mp4
2026-06-26 17:45:51 [ERROR] 正文附件下载失败: 预防登革热系列之五：工地灭蚊宝典篇.mp4, 目标链接: https://cdcp.gd.gov.cn/attachment/0/562/562682/4505656.mp4
2026-06-26 17:46:18 [INFO] 正在下载正文附件: 登革热防控（公园篇）.mp4
2026-06-26 17:46:19 [ERROR] 正文附件下载失败: 登革热防控（公园篇）.mp4, 目标链接: https://cdcp.gd.gov.cn/attachment/0/561/561305/4500765.mp4
2026-06-26 17:47:21 [INFO] 正在下载正文附件: 登革热防控（办公场所篇）.mp4
2026-06-26 17:47:22 [ERROR] 正文附件下载失败: 登革热防控（办公场所篇）.mp4, 目标链接: https://cdcp.gd.gov.cn/attachment/0/561/561304/4479669.mp4
2026-06-26 17:47:29 [INFO] 正在下载正文附件: 消除家居环境积水 预防登革热.jpg.bin
2026-06-26 17:47:35 [INFO] 正在下载正文附件: 除积水 灭蚊子 防登革 保健康（折页1版）.jpg.bin
2026-06-26 17:47:36 [INFO] 正在下载正文附件: 除积水 灭蚊子 防登革 保健康（折页2版）.jpg.bin
2026-06-26 17:47:42 [INFO] 正在下载正文附件: 出行东南亚切记：预防登革热.pdf
2026-06-26 17:47:43 [ERROR] 正文附件下载失败: 出行东南亚切记：预防登革热.pdf, 目标链接: https://cdcp.gd.gov.cn/attachment/0/557/557856/4482318.pdf
2026-06-26 17:48:06 [INFO] 正在下载正文附件: 不同场所登革热防控指南.zip
2026-06-26 17:48:07 [ERROR] 正文附件下载失败: 不同场所登革热防控指南.zip, 目标链接: https://cdcp.gd.gov.cn/attachment/0/557/557853/4482314.zip
2026-06-26 17:48:53 [INFO] 正在下载正文附件: 《洪涝灾害灾后卫生防疫技术指南（2024版）》（国疾控综应急函〔2024〕192号）.pdf
2026-06-26 17:53:16 [INFO] 正在下载正文附件: 工地预防登革热宣传海报.pdf
2026-06-26 17:53:17 [ERROR] 正文附件下载失败: 工地预防登革热宣传海报.pdf, 目标链接: https://cdcp.gd.gov.cn/attachment/0/523/523958/4205329.pdf
2026-06-26 17:53:31 [INFO] 正在下载正文附件: 出行东南亚人员登革热预防宣传单.pdf
2026-06-26 17:53:38 [INFO] 正在下载正文附件: 登革热媒介伊蚊孳生预防处理指引.docx
2026-06-26 17:53:42 [INFO] 正在下载正文附件: 社区登革热宣传海报.pdf
2026-06-26 17:55:26 [INFO] 正在下载正文附件: 高、低风险区和临时管控区如何规范精准消毒及相关要求.pdf
2026-06-26 17:55:31 [INFO] 正在下载正文附件: 现场工作人员个人防护要求及管理.pdf
2026-06-26 17:55:35 [INFO] 正在下载正文附件: 流调溯源中心管理、个人防护及现场消毒人员管理.pdf
2026-06-26 17:55:45 [INFO] 正在下载正文附件: 广东省新冠肺炎集中隔离医学观察场所健康管理（第五版）解读.mp4
2026-06-26 17:55:46 [ERROR] 正文附件下载失败: 广东省新冠肺炎集中隔离医学观察场所健康管理（第五版）解读.mp4, 目标链接: https://cdcp.gd.gov.cn/attachment/0/510/510890/3439864.mp4
2026-06-26 17:55:51 [INFO] 正在下载正文附件: https___gdvideo.southcn.com_b9d46626d47f4df4a397af3b8a39cbdd_44cfcb46329b412b8199493783b46d57-e0a6d9f7b719b52f36fe6fe06d823b93-sd.mp4
2026-06-26 17:56:53 [INFO] 正在下载正文附件: https___gdvideo.southcn.com_4c81a578fc50476cabe982c26d5c5a00_e6389290e02c4313a49035d343414351-9fc4defb387bda4906ad27b476104393-ld.mp4
2026-06-26 17:57:18 [INFO] 正在下载正文附件: https___gdvideo.southcn.com_7f0c2ff80d0d4855819346a1f814a4ce_220315371c29416cafac541b15764caa-c80d6149e8fcde3ef74458b302dfcdf4-ld.mp4
2026-06-26 17:57:49 [INFO] 正在下载正文附件: https___gdvideo.southcn.com_3530f804e7c2479c8830aab5d23b0eac_d668b20651eb425d8c2c05f45ccdde37-a4ba11f2dad988c4f1ccb32a4cfe9fbf-ld.mp4
2026-06-26 17:58:27 [INFO] 正在下载正文附件: 《国务院关于深入开展爱国卫生运动的意见》任务分工方案.docx
2026-06-26 18:03:34 [INFO] 正在下载正文附件: 2015年消毒监测报表模板.xls
2026-06-26 18:03:39 [INFO] 正在下载正文附件: 2014年广东省消毒监测报表模板.xls
2026-06-26 18:03:53 [INFO] 正在下载正文附件: 2009年下发的有关医院感染的6个标准.rar
2026-06-26 18:03:53 [ERROR] 正文附件下载失败: 2009年下发的有关医院感染的6个标准.rar, 目标链接: https://cdcp.gd.gov.cn/gcdcdfiles/editor/uploadfile/20090918103928924.rar
2026-06-26 18:04:12 [INFO] 正在下载正文附件: 2013年广东省消毒监测报表模板（新）xls.xls
2026-06-26 18:04:55 [INFO] 正在下载正文附件: 宣传图1.jpg.bin
2026-06-26 18:04:55 [INFO] 正在下载正文附件: 宣传图2.jpg.bin
2026-06-26 18:04:56 [INFO] 正在下载正文附件: 宣传图3.jpg.bin
2026-06-26 18:05:45 [INFO] 正在下载正文附件: 海报-科学种养水生植物，防止蚊虫产卵孳生.pdf
2026-06-26 18:05:47 [INFO] 正在下载正文附件: 折页-科学种养水生植物，防止蚊虫产卵孳生.pdf
2026-06-26 18:05:55 [INFO] >>> 开始爬取栏目：健康教育
2026-06-26 18:05:57 [INFO] 列表页请求成功：https://cdcp.gd.gov.cn/jkjy/jkzt/ymymy/myjzkpyd/index.html，状态码：200
2026-06-26 18:05:57 [INFO] 栏目 [健康教育] 第 1 页解析到 20 条
2026-06-26 18:06:00 [INFO] 列表页请求成功：https://cdcp.gd.gov.cn/jkjy/jkzt/ymymy/myjzkpyd/index_2.html，状态码：200
2026-06-26 18:06:00 [INFO] 栏目 [健康教育] 第 2 页解析到 20 条
2026-06-26 18:06:01 [INFO] 列表页请求成功：https://cdcp.gd.gov.cn/jkjy/jkzt/ymymy/myjzkpyd/index_3.html，状态码：200
2026-06-26 18:06:01 [INFO] 栏目 [健康教育] 第 3 页解析到 20 条
2026-06-26 18:06:03 [INFO] 列表页请求成功：https://cdcp.gd.gov.cn/jkjy/jkzt/ymymy/myjzkpyd/index_4.html，状态码：200
2026-06-26 18:06:03 [INFO] 栏目 [健康教育] 第 4 页解析到 20 条
2026-06-26 18:06:05 [INFO] 列表页请求成功：https://cdcp.gd.gov.cn/jkjy/jkzt/ymymy/myjzkpyd/index_5.html，状态码：200
2026-06-26 18:06:05 [INFO] 栏目 [健康教育] 第 5 页解析到 20 条
2026-06-26 18:06:07 [INFO] 列表页请求成功：https://cdcp.gd.gov.cn/jkjy/jkzt/ymymy/myjzkpyd/index_6.html，状态码：200
2026-06-26 18:06:07 [INFO] 栏目 [健康教育] 第 6 页解析到 20 条
2026-06-26 18:06:08 [INFO] 列表页请求成功：https://cdcp.gd.gov.cn/jkjy/jkzt/ymymy/myjzkpyd/index_7.html，状态码：200
2026-06-26 18:06:08 [INFO] 栏目 [健康教育] 第 7 页解析到 20 条
2026-06-26 18:06:10 [INFO] 列表页请求成功：https://cdcp.gd.gov.cn/jkjy/jkzt/ymymy/myjzkpyd/index_8.html，状态码：200
2026-06-26 18:06:10 [INFO] 栏目 [健康教育] 第 8 页解析到 19 条
2026-06-26 18:06:11 [INFO] 列表页请求成功：https://cdcp.gd.gov.cn/jkjy/jkzt/ymymy/myjzkpyd/index_9.html，状态码：200
2026-06-26 18:06:11 [INFO] 栏目 [健康教育] 第 9 页解析到 12 条
2026-06-26 18:06:13 [INFO] 列表页请求成功：https://cdcp.gd.gov.cn/jkjy/jkzt/ymymy/myjzkpyd/index_10.html，状态码：200
2026-06-26 18:06:13 [INFO] 栏目 [健康教育] 第 10 页解析到 14 条
2026-06-26 18:06:15 [INFO] 列表页请求成功：https://cdcp.gd.gov.cn/jkjy/jkzt/ymymy/myjzkpyd/index_11.html，状态码：200
2026-06-26 18:06:15 [INFO] 栏目 [健康教育] 第 11 页解析到 19 条
2026-06-26 18:06:16 [INFO] 列表页请求成功：https://cdcp.gd.gov.cn/jkjy/jkzt/ymymy/myjzkpyd/index_12.html，状态码：200
2026-06-26 18:06:16 [INFO] 栏目 [健康教育] 第 12 页解析到 19 条
2026-06-26 18:06:18 [INFO] 列表页请求成功：https://cdcp.gd.gov.cn/jkjy/jkzt/ymymy/myjzkpyd/index_13.html，状态码：200
2026-06-26 18:06:18 [INFO] 栏目 [健康教育] 第 13 页解析到 19 条
2026-06-26 18:06:20 [INFO] 列表页请求成功：https://cdcp.gd.gov.cn/jkjy/jkzt/ymymy/myjzkpyd/index_14.html，状态码：200
2026-06-26 18:06:20 [INFO] 栏目 [健康教育] 第 14 页解析到 20 条
2026-06-26 18:06:21 [INFO] 列表页请求成功：https://cdcp.gd.gov.cn/jkjy/jkzt/ymymy/myjzkpyd/index_15.html，状态码：200
2026-06-26 18:06:21 [INFO] 栏目 [健康教育] 第 15 页解析到 19 条
2026-06-26 18:06:23 [INFO] 列表页请求成功：https://cdcp.gd.gov.cn/jkjy/jkzt/ymymy/myjzkpyd/index_16.html，状态码：200
2026-06-26 18:06:23 [INFO] 栏目 [健康教育] 第 16 页解析到 20 条
2026-06-26 18:06:25 [INFO] 列表页请求成功：https://cdcp.gd.gov.cn/jkjy/jkzt/ymymy/myjzkpyd/index_17.html，状态码：200
2026-06-26 18:06:25 [INFO] 栏目 [健康教育] 第 17 页解析到 20 条
2026-06-26 18:06:26 [INFO] 列表页请求成功：https://cdcp.gd.gov.cn/jkjy/jkzt/ymymy/myjzkpyd/index_18.html，状态码：200
2026-06-26 18:06:26 [INFO] 栏目 [健康教育] 第 18 页解析到 6 条
2026-06-26 18:06:28 [INFO] 列表页请求成功：https://cdcp.gd.gov.cn/jkjy/jkzt/ymymy/myjzkpyd/index_19.html，状态码：200
2026-06-26 18:06:28 [INFO] 栏目 [健康教育] 第 19 页解析到 0 条
2026-06-26 18:06:28 [INFO] 栏目 [健康教育] 当前页未解析到任何数据，自动判断已达最后一页，停止翻页！
2026-06-26 18:09:30 [INFO] 正在下载正文附件: 苗”绘健康蓝图——广东预防接种事业奋进之路.mp4
2026-06-26 18:24:39 [INFO] 正在下载正文附件: 乙肝的疾病知识.mp4
2026-06-26 18:27:42 [INFO] 正在下载正文附件: 宫颈癌如何预防？这两样缺一不可！.mp4
2026-06-26 18:27:43 [ERROR] 正文附件下载失败: 宫颈癌如何预防？这两样缺一不可！.mp4, 目标链接: https://cdcp.gd.gov.cn/attachment/0/544/544284/4363859.mp4
2026-06-26 18:30:54 [INFO] 正在下载正文附件: 以苗护苗：儿童新冠疫苗问答（二）.mp4
2026-06-26 18:31:00 [INFO] 正在下载正文附件: 以苗护苗：儿童新冠疫苗问答（一）.mp4
2026-06-26 18:31:18 [INFO] 正在下载正文附件: 儿童新冠疫苗接种四问四答——孩子打完新冠疫苗后发烧该怎么办？孩子免疫力弱能接种吗？.zip
2026-06-26 18:31:54 [INFO] 正在下载正文附件: 儿童新冠疫苗问答（6问）--孩子这么小，真的适合打新冠疫苗吗？.zip
2026-06-26 18:32:18 [INFO] 正在下载正文附件: 加强针海报.zip
2026-06-26 18:32:29 [INFO] 正在下载正文附件: “粤苗”APP自助建档视频教程.MP4
2026-06-26 18:32:30 [ERROR] 正文附件下载失败: “粤苗”APP自助建档视频教程.MP4, 目标链接: https://cdcp.gd.gov.cn/attachment/0/436/436142/3448440.MP4
2026-06-26 18:32:33 [INFO] 正在下载正文附件: “粤苗”APP绑定儿童档案视频教程.MP4
2026-06-26 18:32:34 [ERROR] 正文附件下载失败: “粤苗”APP绑定儿童档案视频教程.MP4, 目标链接: https://cdcp.gd.gov.cn/attachment/0/436/436140/3448438.MP4
2026-06-26 18:32:58 [INFO] 正在下载正文附件: 接种完新冠病毒疫苗要注意什么系列科普海报.rar
2026-06-26 18:33:20 [INFO] 正在下载正文附件: 省疾控新冠疫苗科普海报（12-17岁）输出 57-84cm.rar
2026-06-26 18:33:20 [ERROR] 正文附件下载失败: 省疾控新冠疫苗科普海报（12-17岁）输出 57-84cm.rar, 目标链接: https://cdcp.gd.gov.cn/attachment/0/435/435499/3440216.rar
2026-06-26 18:34:39 [INFO] 正在下载正文附件: 广东疾控专家孙立梅：接种何种新冠疫苗？医生健康评估后会给建议.mp4
2026-06-26 18:37:04 [INFO] 正在下载正文附件: WS 295—2019.pdf
2026-06-26 18:39:16 [INFO] 正在下载正文附件: WS 295—2019.pdf
2026-06-26 18:41:36 [INFO] 正在下载正文附件: 2023年全国儿童预防接种日海报.zip
2026-06-26 18:41:37 [ERROR] 正文附件下载失败: 2023年全国儿童预防接种日海报.zip, 目标链接: https://cdcp.gd.gov.cn/attachment/0/518/518621/4158059.zip
2026-06-26 18:45:36 [INFO] >>> 开始爬取栏目：健康教育
2026-06-26 18:45:37 [INFO] 列表页请求成功：https://cdcp.gd.gov.cn/jkjy/jkzt/ymymy/myjzzcjjswj/index.html，状态码：200
2026-06-26 18:45:37 [INFO] 栏目 [健康教育] 第 1 页解析到 20 条
2026-06-26 18:45:39 [INFO] 列表页请求成功：https://cdcp.gd.gov.cn/jkjy/jkzt/ymymy/myjzzcjjswj/index_2.html，状态码：200
2026-06-26 18:45:39 [INFO] 栏目 [健康教育] 第 2 页解析到 20 条
2026-06-26 18:45:41 [INFO] 列表页请求成功：https://cdcp.gd.gov.cn/jkjy/jkzt/ymymy/myjzzcjjswj/index_3.html，状态码：200
2026-06-26 18:45:41 [INFO] 栏目 [健康教育] 第 3 页解析到 19 条
2026-06-26 18:45:42 [INFO] 列表页请求成功：https://cdcp.gd.gov.cn/jkjy/jkzt/ymymy/myjzzcjjswj/index_4.html，状态码：200
2026-06-26 18:45:42 [INFO] 栏目 [健康教育] 第 4 页解析到 20 条
2026-06-26 18:45:44 [INFO] 列表页请求成功：https://cdcp.gd.gov.cn/jkjy/jkzt/ymymy/myjzzcjjswj/index_5.html，状态码：200
2026-06-26 18:45:44 [INFO] 栏目 [健康教育] 第 5 页解析到 19 条
2026-06-26 18:45:46 [INFO] 列表页请求成功：https://cdcp.gd.gov.cn/jkjy/jkzt/ymymy/myjzzcjjswj/index_6.html，状态码：200
2026-06-26 18:45:46 [INFO] 栏目 [健康教育] 第 6 页解析到 3 条
2026-06-26 18:45:47 [INFO] 列表页请求成功：https://cdcp.gd.gov.cn/jkjy/jkzt/ymymy/myjzzcjjswj/index_7.html，状态码：200
2026-06-26 18:45:47 [INFO] 栏目 [健康教育] 第 7 页解析到 0 条
2026-06-26 18:45:47 [INFO] 栏目 [健康教育] 当前页未解析到任何数据，自动判断已达最后一页，停止翻页！
2026-06-26 18:45:57 [INFO] 正在下载正文附件: 2ihqGGns.pdf
2026-06-26 18:45:57 [ERROR] 正文附件下载失败: 2ihqGGns.pdf, 目标链接: https://cdcp.gd.gov.cn/jbkzzx/c100014/1866421563072040960/2ihqGGns.pdf
2026-06-26 18:45:57 [INFO] 正在下载正文附件: 流行病学个案调查表.pdf
2026-06-26 18:45:58 [INFO] 正在下载正文附件: rngXr86i.pdf
2026-06-26 18:45:58 [ERROR] 正文附件下载失败: rngXr86i.pdf, 目标链接: https://cdcp.gd.gov.cn/jbkzzx/c100014/1866421563072040960/rngXr86i.pdf
2026-06-26 18:45:58 [INFO] 正在下载正文附件: 监测指标要求及说明.pdf
2026-06-26 18:45:58 [INFO] 正在下载正文附件: HrWX7Jon.pdf
2026-06-26 18:45:58 [ERROR] 正文附件下载失败: HrWX7Jon.pdf, 目标链接: https://cdcp.gd.gov.cn/jbkzzx/c100014/1866421563072040960/HrWX7Jon.pdf
2026-06-26 18:45:58 [INFO] 正在下载正文附件: 麻疹风疹聚集性疫情调查处置指南.pdf
2026-06-26 18:45:59 [INFO] 正在下载正文附件: leHNd7sA.pdf
2026-06-26 18:45:59 [ERROR] 正文附件下载失败: leHNd7sA.pdf, 目标链接: https://cdcp.gd.gov.cn/jbkzzx/c100014/1866421563072040960/leHNd7sA.pdf
2026-06-26 18:45:59 [INFO] 正在下载正文附件: 麻疹风疹实验室检测技术指南.pdf
2026-06-26 18:46:00 [INFO] 正在下载正文附件: RIwDGazA.pdf
2026-06-26 18:46:00 [ERROR] 正文附件下载失败: RIwDGazA.pdf, 目标链接: https://cdcp.gd.gov.cn/jbkzzx/c100014/1866421563072040960/RIwDGazA.pdf
2026-06-26 18:46:00 [INFO] 正在下载正文附件: 麻疹防控科普知识要点.pdf
2026-06-26 18:46:00 [INFO] 正在下载正文附件: dbtOJOOD.pdf
2026-06-26 18:46:00 [ERROR] 正文附件下载失败: dbtOJOOD.pdf, 目标链接: https://cdcp.gd.gov.cn/jbkzzx/c100014/1866421563072040960/dbtOJOOD.pdf
2026-06-26 18:46:00 [INFO] 正在下载正文附件: 风疹防控科普知识要点.pdf
2026-06-26 18:46:13 [INFO] 正在下载正文附件: 有关人群第二剂次脊髓灰质炎灭活疫苗补种具体要求.pdf
2026-06-26 18:46:16 [INFO] 正在下载正文附件: 预防接种工作规范（2023年版）.pdf
2026-06-26 18:46:58 [INFO] 正在下载正文附件: 广东省非免疫规划疫苗接种方案（2023年版）.docx
2026-06-26 18:46:59 [INFO] 正在下载正文附件: 广东省非免疫规划疫苗接种方案（2023年版）修订内容列表.docx
2026-06-26 18:47:07 [INFO] 正在下载正文附件: 广东省非免疫规划疫苗接种方案（2022年版）.docx
2026-06-26 18:47:08 [INFO] 正在下载正文附件: 广东省非免疫规划疫苗接种方案（2022年版）修订内容列表.docx
2026-06-26 18:47:22 [INFO] 正在下载正文附件: 中国流感疫苗预防接种技术指南（2021-2022）.docx
2026-06-26 18:47:44 [INFO] 正在下载正文附件: 全省新冠疫苗接种单位信息.xlsx
2026-06-26 18:47:48 [INFO] 正在下载正文附件: 国家免疫规划疫苗儿童免疫程序及说明（2021版）.pdf
2026-06-26 18:47:51 [INFO] 正在下载正文附件: 儿童入托入学预防接种证查验办法.pdf
2026-06-26 18:47:56 [INFO] 正在下载正文附件: 附表：广东省非免疫规划疫苗接种方案.docx
2026-06-26 18:48:00 [INFO] 正在下载正文附件: 广东省国家免疫规划疫苗儿童免疫程序表 .docx
2026-06-26 18:48:08 [INFO] 正在下载正文附件: 附表.广东省非免疫规划疫苗接种方案一览表.docx
2026-06-26 18:48:16 [INFO] 正在下载正文附件: 广东省预防接种标准化家长课堂课件儿童版.zip
2026-06-26 18:48:17 [ERROR] 正文附件下载失败: 广东省预防接种标准化家长课堂课件儿童版.zip, 目标链接: https://cdcp.gd.gov.cn/attachment/0/365/365658/3442959.zip
2026-06-26 18:48:21 [INFO] 正在下载正文附件: 接种疫苗的必要性.zip
2026-06-26 18:48:22 [ERROR] 正文附件下载失败: 接种疫苗的必要性.zip, 目标链接: https://cdcp.gd.gov.cn/attachment/0/379/379062/3442961.zip
2026-06-26 18:48:22 [INFO] 正在下载正文附件: 接种疫苗的流程.zip
2026-06-26 18:48:28 [INFO] 正在下载正文附件: 疫苗的基本概念及其分类.zip
2026-06-26 18:48:43 [INFO] 正在下载正文附件: 疫苗接种注意事项.zip
2026-06-26 18:48:50 [INFO] 正在下载正文附件: 疫苗名称及其预防的疾病.zip
2026-06-26 18:48:54 [INFO] 正在下载正文附件: 预防接种不良反应的处理和补偿保险.zip
2026-06-26 18:49:01 [INFO] 正在下载正文附件: 成人预防接种.zip
2026-06-26 18:49:11 [INFO] 正在下载正文附件: 2019年全国儿童预防接种日宣传海报.rar
2026-06-26 18:49:22 [INFO] 正在下载正文附件: 广东省预防接种标准化家长课堂课件成人版.zip
2026-06-26 18:49:23 [ERROR] 正文附件下载失败: 广东省预防接种标准化家长课堂课件成人版.zip, 目标链接: https://cdcp.gd.gov.cn/attachment/0/365/365657/3442958.zip
2026-06-26 18:49:31 [INFO] 正在下载正文附件: 广东省卫生健康委办公室关于印发广东省多种疫苗同时接种指导意见（2019年版）的通知.PDF
2026-06-26 18:49:35 [INFO] 正在下载正文附件: 广东省卫生计生委广东省民政厅广东省财政厅广东保监局关于印发广东省预防接种异常反应补偿保险实施方案的通知.pdf
2026-06-26 18:49:49 [INFO] 正在下载正文附件: 1.广东省卡介苗接种知情同意书（2017版）.pdf
2026-06-26 18:49:50 [INFO] 正在下载正文附件: 2.广东省预防乙型病毒性肝炎疫苗接种知情同意书（2017版）.pdf
2026-06-26 18:49:51 [INFO] 正在下载正文附件: 3.广东省预防脊髓灰质炎疫苗接种知情同意书（2017版）.pdf
2026-06-26 18:49:51 [INFO] 正在下载正文附件: 4.广东省预防百日咳、白喉、破伤风相关疫苗接种知情同意书（2017版）.pdf
2026-06-26 18:49:52 [INFO] 正在下载正文附件: 5.广东省吸附白喉、破伤风联合疫苗接种知情同意书（2017版）.pdf
2026-06-26 18:49:52 [INFO] 正在下载正文附件: 6.广东省吸附破伤风疫苗接种知情同意书（2017版）.pdf
2026-06-26 18:49:53 [INFO] 正在下载正文附件: 7.广东省预防麻疹、流行性腮腺炎、风疹相关疫苗接种知情同意书（2017版）.pdf
2026-06-26 18:49:54 [INFO] 正在下载正文附件: 8.广东省预防A群流行性脑脊髓膜炎疫苗接种知情同意书（2017版）.pdf
2026-06-26 18:49:55 [INFO] 正在下载正文附件: 9.广东省预防A群C群流行性脑脊髓膜炎疫苗接种知情同意书（2017版）.pdf
2026-06-26 18:49:55 [INFO] 正在下载正文附件: 10.广东省预防流行性乙型脑炎疫苗接种知情同意书（2017版）.pdf
2026-06-26 18:49:56 [INFO] 正在下载正文附件: 11.广东省预防甲型病毒性肝炎疫苗接种知情同意书（2017版）.pdf
2026-06-26 18:49:57 [INFO] 正在下载正文附件: 12.广东省水痘减毒活疫苗接种知情同意书（2017版）.pdf
2026-06-26 18:49:57 [INFO] 正在下载正文附件: 13.广东省预防b型流感嗜血杆菌疫苗接种知情同意书（2017版）.pdf
2026-06-26 18:49:58 [INFO] 正在下载正文附件: 14.广东省23价肺炎链球菌多糖疫苗接种知情同意书（2017版）.pdf
2026-06-26 18:49:59 [INFO] 正在下载正文附件: 15.广东省13价肺炎球菌多糖结合疫苗接种知情同意书（2017版）.pdf
2026-06-26 18:49:59 [INFO] 正在下载正文附件: 16.广东省流感病毒疫苗接种知情同意书（2017版）.pdf
2026-06-26 18:50:00 [INFO] 正在下载正文附件: 17.广东省预防轮状病毒疫苗接种知情同意书（2019年版）.pdf
2026-06-26 18:50:01 [INFO] 正在下载正文附件: 18.广东省戊型病毒性肝炎疫苗接种知情同意书（2017版）.pdf
2026-06-26 18:50:01 [INFO] 正在下载正文附件: 19.广东省人用狂犬病疫苗接种知情同意书（2017版）.pdf
2026-06-26 18:50:02 [INFO] 正在下载正文附件: 20.广东省肠道病毒71型（EV71）灭活疫苗接种知情同意书（2017版）.pdf
2026-06-26 18:50:02 [INFO] 正在下载正文附件: 21.广东省人乳头状瘤病毒疫苗接种知情同意书（2018年版）.pdf
2026-06-26 18:50:03 [INFO] 正在下载正文附件: 22.广东省双价肾综合征出血热灭活疫苗接种知情同意书（2017版）.pdf
2026-06-26 18:50:03 [INFO] 正在下载正文附件: 23.广东省钩端螺旋体疫苗接种知情同意书（2017版）.pdf
2026-06-26 18:50:04 [INFO] 正在下载正文附件: 24.广东省皮上划痕人用炭疽活疫苗接种知情同意书（2017版）.pdf
2026-06-26 18:50:05 [INFO] 正在下载正文附件: 25.广东省伤寒Vi多糖疫苗接种知情同意书（2017版）.pdf
2026-06-26 18:50:06 [INFO] 正在下载正文附件: 26.广东省重组B亚单位菌体霍乱疫苗接种知情同意书（2017版）.pdf
2026-06-26 18:50:07 [INFO] 正在下载正文附件: 27.受种者健康状况询问表.pdf
2026-06-26 18:50:24 [INFO] 正在下载正文附件: 广东省卫生计生委广东省民政厅广东省财政厅广东保监局关于印发广东省预防接种异常反应补偿保险实施方案的通知.pdf
2026-06-26 18:50:31 [INFO] 正在下载正文附件: 附表.广东省非免疫规划疫苗接种方案一览表.docx
2026-06-26 18:50:40 [INFO] 正在下载正文附件: 广东省卫生健康委办公室关于印发广东省多种疫苗同时接种指导意见（2019年版）的通知.PDF
2026-06-26 18:50:51 [INFO] 正在下载正文附件: 国家免疫规划疫苗儿童免疫程序及说明（2016年版）.docx
2026-06-26 18:50:55 [INFO] 正在下载正文附件: 预防接种工作规范（2016年版）-国卫办疾控发〔2016〕51号.doc
2026-06-26 18:51:01 [INFO] 正在下载正文附件: 关于印发广东省麻疹疫情调查处理技术规范（试行）的通知.pdf
2026-06-26 18:51:02 [ERROR] 正文附件下载失败: 关于印发广东省麻疹疫情调查处理技术规范（试行）的通知.pdf, 目标链接: https://cdcp.gd.gov.cn/gcdcdfiles/lm3yf/201603/ea6eb7405cbf4faca7837c8cdcfdfd28/files/429977f4bfc94445b7cdafbebe3cc21a.pdf
2026-06-26 18:51:10 [INFO] 正在下载正文附件: 预防接种异常反应鉴定办法.pdf
2026-06-26 18:51:15 [INFO] 正在下载正文附件: 《广东省预防接种异常反应补偿办法（试行）》.pdf
2026-06-26 18:51:22 [INFO] 正在下载正文附件: 广东省预防接种异常反应补偿办法（试行）实施细则.pdf
2026-06-26 18:51:32 [INFO] 正在下载正文附件: 广东省扩大国家免疫规划实施方案.doc
2026-06-26 18:51:33 [INFO] 正在下载正文附件: 20080725144247357.doc
2026-06-26 18:52:33 [INFO] 正在下载正文附件: 广东省卫生健康委办公室关于印发广东省多种疫苗同时接种指导意见（2019年版）的通知.PDF
2026-06-26 18:52:37 [INFO] 正在下载正文附件: 附表.广东省非免疫规划疫苗接种方案一览表.docx
2026-06-26 18:53:21 [INFO] 正在下载正文附件: 2014年广东省各类疫苗严重异常反应发生情况统计表.doc
2026-06-26 18:54:25 [INFO] >>> 开始爬取栏目：健康教育
2026-06-26 18:54:28 [INFO] 列表页请求成功：https://cdcp.gd.gov.cn/jkjy/jkzt/hjyxxws/index.html，状态码：200
2026-06-26 18:54:28 [INFO] 栏目 [健康教育] 第 1 页解析到 20 条
2026-06-26 18:54:29 [INFO] 列表页请求成功：https://cdcp.gd.gov.cn/jkjy/jkzt/hjyxxws/index_2.html，状态码：200
2026-06-26 18:54:29 [INFO] 栏目 [健康教育] 第 2 页解析到 20 条
2026-06-26 18:54:31 [INFO] 列表页请求成功：https://cdcp.gd.gov.cn/jkjy/jkzt/hjyxxws/index_3.html，状态码：200
2026-06-26 18:54:31 [INFO] 栏目 [健康教育] 第 3 页解析到 20 条
2026-06-26 18:54:33 [INFO] 列表页请求成功：https://cdcp.gd.gov.cn/jkjy/jkzt/hjyxxws/index_4.html，状态码：200
2026-06-26 18:54:33 [INFO] 栏目 [健康教育] 第 4 页解析到 20 条
2026-06-26 18:54:34 [INFO] 列表页请求成功：https://cdcp.gd.gov.cn/jkjy/jkzt/hjyxxws/index_5.html，状态码：200
2026-06-26 18:54:34 [INFO] 栏目 [健康教育] 第 5 页解析到 20 条
2026-06-26 18:54:36 [INFO] 列表页请求成功：https://cdcp.gd.gov.cn/jkjy/jkzt/hjyxxws/index_6.html，状态码：200
2026-06-26 18:54:36 [INFO] 栏目 [健康教育] 第 6 页解析到 20 条
2026-06-26 18:54:37 [INFO] 列表页请求成功：https://cdcp.gd.gov.cn/jkjy/jkzt/hjyxxws/index_7.html，状态码：200
2026-06-26 18:54:37 [INFO] 栏目 [健康教育] 第 7 页解析到 20 条
2026-06-26 18:54:40 [INFO] 列表页请求成功：https://cdcp.gd.gov.cn/jkjy/jkzt/hjyxxws/index_8.html，状态码：200
2026-06-26 18:54:40 [INFO] 栏目 [健康教育] 第 8 页解析到 18 条
2026-06-26 18:54:41 [INFO] 列表页请求成功：https://cdcp.gd.gov.cn/jkjy/jkzt/hjyxxws/index_9.html，状态码：200
2026-06-26 18:54:41 [INFO] 栏目 [健康教育] 第 9 页解析到 16 条
2026-06-26 18:54:43 [INFO] 列表页请求成功：https://cdcp.gd.gov.cn/jkjy/jkzt/hjyxxws/index_10.html，状态码：200
2026-06-26 18:54:43 [INFO] 栏目 [健康教育] 第 10 页解析到 2 条
2026-06-26 18:54:45 [INFO] 列表页请求成功：https://cdcp.gd.gov.cn/jkjy/jkzt/hjyxxws/index_11.html，状态码：200
2026-06-26 18:54:45 [INFO] 栏目 [健康教育] 第 11 页解析到 0 条
2026-06-26 18:54:45 [INFO] 栏目 [健康教育] 当前页未解析到任何数据，自动判断已达最后一页，停止翻页！
2026-06-26 19:01:34 [INFO] 正在下载正文附件: 中小学生超重肥胖公共卫生综合防控技术导则.wps.bin
2026-06-26 19:03:02 [INFO] 正在下载正文附件: 2024年全国“爱眼日”宣传教育周公益海报（可用于印刷）.zip
2026-06-26 19:09:02 [INFO] 正在下载正文附件: 诺如病毒感染病例——呕吐物处置指引流程（海报、折页）.zip
2026-06-26 19:12:35 [INFO] 正在下载正文附件: 空气质量指数你了解吗？.mp4
2026-06-26 19:12:36 [ERROR] 正文附件下载失败: 空气质量指数你了解吗？.mp4, 目标链接: https://cdcp.gd.gov.cn/attachment/0/479/479629/3764720.mp4
2026-06-26 19:12:40 [INFO] 正在下载正文附件: 热浪来袭，注意健康防护.mp4
2026-06-26 19:13:21 [INFO] 正在下载正文附件: 广东省儿童青少年近视防控适宜技术试点系列宣教视频——预防近视系列科普视频（读写姿势、电子产品使用、膳食营养、科学用眼、友好环境、户外活动）.rar
2026-06-26 19:14:55 [INFO] 正在下载正文附件: 广东省儿童青少年近视防控适宜技术试点系列宣教视频——教室采光照明、课桌椅及视觉健康.rar
2026-06-26 19:18:59 [INFO] 正在下载正文附件: 视频下载：广东省儿童青少年近视防控适宜技术试点系列宣教视频——近视筛查与近视预防指导.rar
2026-06-26 19:18:59 [ERROR] 正文附件下载失败: 视频下载：广东省儿童青少年近视防控适宜技术试点系列宣教视频——近视筛查与近视预防指导.rar, 目标链接: https://cdcp.gd.gov.cn/attachment/0/475/475308/3693125.rar
2026-06-26 19:19:04 [INFO] 正在下载正文附件: 广东省0_6岁儿童眼保健与视力检查工作指引及示范视频.doc
2026-06-26 19:19:12 [INFO] 正在下载正文附件: 2021年世界标准日卫生健康标准宣贯主题海报和宣传折页.zip
2026-06-26 19:19:12 [ERROR] 正文附件下载失败: 2021年世界标准日卫生健康标准宣贯主题海报和宣传折页.zip, 目标链接: https://cdcp.gd.gov.cn/attachment/0/466/466952/3576179.zip
2026-06-26 19:19:25 [INFO] 正在下载正文附件: 有阳光 有未来防控近视科普常识1.pdf
2026-06-26 19:19:27 [INFO] 正在下载正文附件: 有阳光 有未来防控近视科普常识2.pdf
2026-06-26 19:19:28 [ERROR] 正文附件下载失败: 有阳光 有未来防控近视科普常识2.pdf, 目标链接: https://cdcp.gd.gov.cn/attachment/0/424/424838/3440257.pdf
2026-06-26 19:20:39 [INFO] 检测到直链文件，直接入库跳过解析：https://cdcp.gd.gov.cn/attachment/0/400/400304/3440248.zip
2026-06-26 19:20:39 [INFO] 正在下载直链文件: 广东省中小学生爱眼护眼评选活动——获奖微故事原文.zip
2026-06-26 19:21:32 [INFO] >>> 开始爬取栏目：健康教育
2026-06-26 19:21:34 [INFO] 列表页请求成功：https://cdcp.gd.gov.cn/jkjy/jkzt/jcwsydfb/index.html，状态码：200
2026-06-26 19:21:34 [INFO] 栏目 [健康教育] 第 1 页解析到 20 条
2026-06-26 19:21:35 [INFO] 列表页请求成功：https://cdcp.gd.gov.cn/jkjy/jkzt/jcwsydfb/index_2.html，状态码：200
2026-06-26 19:21:35 [INFO] 栏目 [健康教育] 第 2 页解析到 20 条
2026-06-26 19:21:37 [INFO] 列表页请求成功：https://cdcp.gd.gov.cn/jkjy/jkzt/jcwsydfb/index_3.html，状态码：200
2026-06-26 19:21:37 [INFO] 栏目 [健康教育] 第 3 页解析到 2 条
2026-06-26 19:21:39 [INFO] 列表页请求成功：https://cdcp.gd.gov.cn/jkjy/jkzt/jcwsydfb/index_4.html，状态码：200
2026-06-26 19:21:39 [INFO] 栏目 [健康教育] 第 4 页解析到 0 条
2026-06-26 19:21:39 [INFO] 栏目 [健康教育] 当前页未解析到任何数据，自动判断已达最后一页，停止翻页！
2026-06-26 19:22:05 [INFO] 正在下载正文附件: 2026年第33个全国防治碘缺乏病日宣传主题海报.zip
2026-06-26 19:23:22 [INFO] 正在下载正文附件: 白蛇补碘记之“碘”亮岭南.mp4
2026-06-26 19:23:23 [ERROR] 正文附件下载失败: 白蛇补碘记之“碘”亮岭南.mp4, 目标链接: https://cdcp.gd.gov.cn/attachment/0/579/579999/4710141.mp4
2026-06-26 19:24:00 [INFO] 正在下载正文附件: g7vXZ2nj.zip
2026-06-26 19:24:00 [ERROR] 正文附件下载失败: g7vXZ2nj.zip, 目标链接: https://cdcp.gd.gov.cn/jbkzzx/c100008/1920461083536429056/g7vXZ2nj.zip
2026-06-26 19:24:00 [INFO] 正在下载正文附件: 2025年第32个.zip
2026-06-26 19:24:50 [INFO] 正在下载正文附件: 2024年全国防治碘缺乏病日宣传视频《碘护卫传奇》.mp4
2026-06-26 19:27:06 [INFO] 正在下载正文附件: 2021年全国防治碘缺乏病日海报（印刷模版）.rar
2026-06-26 19:27:36 [ERROR] 正文附件下载失败: 2021年全国防治碘缺乏病日海报（印刷模版）.rar, 目标链接: https://www.nhc.gov.cn/jkj/c100062/202104/e2ac095e3aad4782a5d70a431e6693f3/files/1734001253245_97489.rar
2026-06-26 19:27:56 [INFO] 正在下载正文附件: 2019年科学补碘益智（海报）.jpg.bin
2026-06-26 19:27:58 [ERROR] 正文附件下载失败: 2019年科学补碘益智（海报）.jpg.bin, 目标链接: https://cdcp.gd.gov.cn/attachment/0/374/374694/3440298.jpg
2026-06-26 19:27:58 [INFO] 正在下载正文附件: 2019年孕妇补碘海报.pdf
2026-06-26 19:27:59 [INFO] 正在下载正文附件: 【源文件】2019年孕妇补碘海报.zip
2026-06-26 19:28:17 [INFO] 正在下载正文附件: 【源文件】2019年科学补碘益智（海报）.zip
2026-06-26 19:28:18 [ERROR] 正文附件下载失败: 【源文件】2019年科学补碘益智（海报）.zip, 目标链接: https://cdcp.gd.gov.cn/attachment/0/374/374708/3440298.zip
2026-06-26 19:28:18 [INFO] 正在下载正文附件: 孕妇科学补碘公益广告 15秒版本.mp4
2026-06-26 19:28:34 [INFO] 正在下载正文附件: 每天一点碘健康多一点.mp4
2026-06-26 19:28:36 [INFO] 正在下载正文附件: 碘缺乏宣传动漫视频.mp4
2026-06-26 19:28:39 [INFO] 正在下载正文附件: 孕妇科学补碘公益广告 30秒版本.mp4
2026-06-26 19:29:23 [INFO] 正在下载正文附件: 孕妇科学补碘公益广告.mp4
2026-06-26 19:33:46 [INFO] >>> 开始爬取栏目：健康教育
2026-06-26 19:33:47 [INFO] 列表页请求成功：https://cdcp.gd.gov.cn/jkjy/jkzt/yyyspaq/index.html，状态码：200
2026-06-26 19:33:47 [INFO] 栏目 [健康教育] 第 1 页解析到 20 条
2026-06-26 19:33:49 [INFO] 列表页请求成功：https://cdcp.gd.gov.cn/jkjy/jkzt/yyyspaq/index_2.html，状态码：200
2026-06-26 19:33:49 [INFO] 栏目 [健康教育] 第 2 页解析到 20 条
2026-06-26 19:33:51 [INFO] 列表页请求成功：https://cdcp.gd.gov.cn/jkjy/jkzt/yyyspaq/index_3.html，状态码：200
2026-06-26 19:33:51 [INFO] 栏目 [健康教育] 第 3 页解析到 20 条
2026-06-26 19:33:53 [INFO] 列表页请求成功：https://cdcp.gd.gov.cn/jkjy/jkzt/yyyspaq/index_4.html，状态码：200
2026-06-26 19:33:53 [INFO] 栏目 [健康教育] 第 4 页解析到 20 条
2026-06-26 19:33:54 [INFO] 列表页请求成功：https://cdcp.gd.gov.cn/jkjy/jkzt/yyyspaq/index_5.html，状态码：200
2026-06-26 19:33:54 [INFO] 栏目 [健康教育] 第 5 页解析到 20 条
2026-06-26 19:33:56 [INFO] 列表页请求成功：https://cdcp.gd.gov.cn/jkjy/jkzt/yyyspaq/index_6.html，状态码：200
2026-06-26 19:33:56 [INFO] 栏目 [健康教育] 第 6 页解析到 20 条
2026-06-26 19:33:58 [INFO] 列表页请求成功：https://cdcp.gd.gov.cn/jkjy/jkzt/yyyspaq/index_7.html，状态码：200
2026-06-26 19:33:58 [INFO] 栏目 [健康教育] 第 7 页解析到 20 条
2026-06-26 19:33:59 [INFO] 列表页请求成功：https://cdcp.gd.gov.cn/jkjy/jkzt/yyyspaq/index_8.html，状态码：200
2026-06-26 19:33:59 [INFO] 栏目 [健康教育] 第 8 页解析到 20 条
2026-06-26 19:34:01 [INFO] 列表页请求成功：https://cdcp.gd.gov.cn/jkjy/jkzt/yyyspaq/index_9.html，状态码：200
2026-06-26 19:34:01 [INFO] 栏目 [健康教育] 第 9 页解析到 20 条
2026-06-26 19:34:02 [INFO] 列表页请求成功：https://cdcp.gd.gov.cn/jkjy/jkzt/yyyspaq/index_10.html，状态码：200
2026-06-26 19:34:02 [INFO] 栏目 [健康教育] 第 10 页解析到 20 条
2026-06-26 19:34:04 [INFO] 列表页请求成功：https://cdcp.gd.gov.cn/jkjy/jkzt/yyyspaq/index_11.html，状态码：200
2026-06-26 19:34:04 [INFO] 栏目 [健康教育] 第 11 页解析到 20 条
2026-06-26 19:34:06 [INFO] 列表页请求成功：https://cdcp.gd.gov.cn/jkjy/jkzt/yyyspaq/index_12.html，状态码：200
2026-06-26 19:34:06 [INFO] 栏目 [健康教育] 第 12 页解析到 20 条
2026-06-26 19:34:07 [INFO] 列表页请求成功：https://cdcp.gd.gov.cn/jkjy/jkzt/yyyspaq/index_13.html，状态码：200
2026-06-26 19:34:07 [INFO] 栏目 [健康教育] 第 13 页解析到 20 条
2026-06-26 19:34:09 [INFO] 列表页请求成功：https://cdcp.gd.gov.cn/jkjy/jkzt/yyyspaq/index_14.html，状态码：200
2026-06-26 19:34:09 [INFO] 栏目 [健康教育] 第 14 页解析到 19 条
2026-06-26 19:34:10 [INFO] 列表页请求成功：https://cdcp.gd.gov.cn/jkjy/jkzt/yyyspaq/index_15.html，状态码：200
2026-06-26 19:34:10 [INFO] 栏目 [健康教育] 第 15 页解析到 5 条
2026-06-26 19:34:12 [INFO] 列表页请求成功：https://cdcp.gd.gov.cn/jkjy/jkzt/yyyspaq/index_16.html，状态码：200
2026-06-26 19:34:12 [INFO] 栏目 [健康教育] 第 16 页解析到 19 条
2026-06-26 19:34:14 [INFO] 列表页请求成功：https://cdcp.gd.gov.cn/jkjy/jkzt/yyyspaq/index_17.html，状态码：200
2026-06-26 19:34:14 [INFO] 栏目 [健康教育] 第 17 页解析到 13 条
2026-06-26 19:34:15 [INFO] 列表页请求成功：https://cdcp.gd.gov.cn/jkjy/jkzt/yyyspaq/index_18.html，状态码：200
2026-06-26 19:34:15 [INFO] 栏目 [健康教育] 第 18 页解析到 5 条
2026-06-26 19:34:17 [INFO] 列表页请求成功：https://cdcp.gd.gov.cn/jkjy/jkzt/yyyspaq/index_19.html，状态码：200
2026-06-26 19:34:17 [INFO] 栏目 [健康教育] 第 19 页解析到 0 条
2026-06-26 19:34:17 [INFO] 栏目 [健康教育] 当前页未解析到任何数据，自动判断已达最后一页，停止翻页！
2026-06-26 19:37:26 [INFO] 正在下载正文附件: 2026全民营养周宣教材料（海报折页）.zip
2026-06-26 19:37:27 [ERROR] 正文附件下载失败: 2026全民营养周宣教材料（海报折页）.zip, 目标链接: https://cdcp.gd.gov.cn/attachment/0/613/613828/4897158.zip
2026-06-26 19:37:32 [INFO] 正在下载正文附件: 2026全民营养周宣教材料（视频）.zip
2026-06-26 19:37:32 [ERROR] 正文附件下载失败: 2026全民营养周宣教材料（视频）.zip, 目标链接: https://cdcp.gd.gov.cn/attachment/0/613/613829/4897163.zip
2026-06-26 19:41:45 [INFO] 正在下载正文附件: 常见食源性疾病的主要临床表现、常见病因食品、实验室检验及判定标准.doc
2026-06-26 19:46:00 [INFO] 正在下载正文附件: 海报-成人肥胖.pdf
2026-06-26 19:46:01 [ERROR] 正文附件下载失败: 海报-成人肥胖.pdf, 目标链接: https://cdcp.gd.gov.cn/attachment/0/579/579507/4707119.pdf
2026-06-26 19:46:01 [INFO] 正在下载正文附件: 海报-儿童肥胖.pdf
2026-06-26 19:46:21 [INFO] 正在下载正文附件: 海报-奶制品.pdf
2026-06-26 19:49:44 [INFO] 正在下载正文附件: 创伤弧菌-海报.jpg.bin
2026-06-26 19:49:45 [ERROR] 正文附件下载失败: 创伤弧菌-海报.jpg.bin, 目标链接: https://cdcp.gd.gov.cn/attachment/0/565/565244/4587505.jpg
2026-06-26 19:49:45 [INFO] 正在下载正文附件: 弧菌-三折页A.jpg.bin
2026-06-26 19:49:46 [ERROR] 正文附件下载失败: 弧菌-三折页A.jpg.bin, 目标链接: https://cdcp.gd.gov.cn/attachment/0/565/565245/4587505.jpg
2026-06-26 19:49:46 [INFO] 正在下载正文附件: 弧菌-三折页B.jpg.bin
2026-06-26 19:50:06 [INFO] 正在下载正文附件: 大茶药-海报.jpg.bin
2026-06-26 19:50:07 [ERROR] 正文附件下载失败: 大茶药-海报.jpg.bin, 目标链接: https://cdcp.gd.gov.cn/attachment/0/565/565241/4587504.jpg
2026-06-26 19:50:07 [INFO] 正在下载正文附件: 大茶药-三折页A.jpg.bin
2026-06-26 19:50:21 [INFO] 正在下载正文附件: 大茶药-三折页B.jpg.bin
2026-06-26 19:50:39 [INFO] 正在下载正文附件: 大豆-海报.jpg.bin
2026-06-26 19:50:40 [ERROR] 正文附件下载失败: 大豆-海报.jpg.bin, 目标链接: https://cdcp.gd.gov.cn/attachment/0/565/565247/4587503.jpg
2026-06-26 19:50:40 [INFO] 正在下载正文附件: 大豆-三折页A.jpg.bin
2026-06-26 19:50:47 [INFO] 正在下载正文附件: 大豆-三折页B.jpg.bin
2026-06-26 19:51:01 [INFO] 正在下载正文附件: 节约粮食-海报.jpg.bin
2026-06-26 19:51:33 [INFO] 正在下载正文附件: 节约粮食-三折页A.jpg.bin
2026-06-26 19:51:34 [ERROR] 正文附件下载失败: 节约粮食-三折页A.jpg.bin, 目标链接: https://cdcp.gd.gov.cn/attachment/0/565/565254/4587502.jpg
2026-06-26 19:51:34 [INFO] 正在下载正文附件: 节约粮食-三折页B.jpg.bin
2026-06-26 19:51:34 [ERROR] 正文附件下载失败: 节约粮食-三折页B.jpg.bin, 目标链接: https://cdcp.gd.gov.cn/attachment/0/565/565255/4587502.jpg
2026-06-26 19:51:43 [INFO] 正在下载正文附件: 家庭如何正确保存油-海报.jpg.bin
2026-06-26 19:51:44 [ERROR] 正文附件下载失败: 家庭如何正确保存油-海报.jpg.bin, 目标链接: https://cdcp.gd.gov.cn/attachment/0/565/565236/4587501.jpg
2026-06-26 19:51:44 [INFO] 正在下载正文附件: 家庭如何正确保存油-三折页A.jpg.bin
2026-06-26 19:51:49 [INFO] 正在下载正文附件: 家庭如何正确保存油-三折页B.jpg.bin
2026-06-26 19:51:50 [ERROR] 正文附件下载失败: 家庭如何正确保存油-三折页B.jpg.bin, 目标链接: https://cdcp.gd.gov.cn/attachment/0/565/565238/4587501.jpg
2026-06-26 19:51:58 [INFO] 正在下载正文附件: 小龙虾-海报.jpg.bin
2026-06-26 19:52:37 [INFO] 正在下载正文附件: 小龙虾-三折页A.jpg.bin
2026-06-26 19:52:49 [INFO] 正在下载正文附件: 小龙虾-三折页B.jpg.bin
2026-06-26 19:53:05 [INFO] 正在下载正文附件: 单增李斯特菌 小剧场 疾控中心版.mp4
2026-06-26 19:53:06 [ERROR] 正文附件下载失败: 单增李斯特菌 小剧场 疾控中心版.mp4, 目标链接: https://cdcp.gd.gov.cn/attachment/0/563/563774/4516965.mp4
2026-06-26 19:53:12 [INFO] 正在下载正文附件: 肉毒毒素 小剧场 疾控中心版.mp4
2026-06-26 19:53:12 [ERROR] 正文附件下载失败: 肉毒毒素 小剧场 疾控中心版.mp4, 目标链接: https://cdcp.gd.gov.cn/attachment/0/563/563775/4516957.mp4
2026-06-26 19:56:45 [INFO] 正在下载正文附件: 《家庭如何正确保存油？》海报.jpg.bin
2026-06-26 19:56:45 [ERROR] 正文附件下载失败: 《家庭如何正确保存油？》海报.jpg.bin, 目标链接: https://cdcp.gd.gov.cn/attachment/0/548/548810/4587510.jpg
2026-06-26 19:56:45 [INFO] 正在下载正文附件: 《家庭如何正确保存油？》折页.jpg.bin
2026-06-26 19:56:47 [ERROR] 正文附件下载失败: 《家庭如何正确保存油？》折页.jpg.bin, 目标链接: https://cdcp.gd.gov.cn/attachment/0/548/548811/4587510.jpg
2026-06-26 19:57:24 [INFO] 正在下载正文附件: 《神奇的“魔法餐盘”助力健康成长》海报.jpg.bin
2026-06-26 19:57:24 [ERROR] 正文附件下载失败: 《神奇的“魔法餐盘”助力健康成长》海报.jpg.bin, 目标链接: https://cdcp.gd.gov.cn/attachment/0/548/548812/4587507.jpg
2026-06-26 19:57:24 [INFO] 正在下载正文附件: 《神奇的“魔法餐盘”助力健康成长》折页-封面.jpg.bin
2026-06-26 19:58:23 [INFO] 正在下载正文附件: 《神奇的“魔法餐盘”助力健康成长》折页-内页.jpg.bin
2026-06-26 19:58:24 [ERROR] 正文附件下载失败: 《神奇的“魔法餐盘”助力健康成长》折页-内页.jpg.bin, 目标链接: https://cdcp.gd.gov.cn/attachment/0/548/548814/4587507.jpg
2026-06-26 19:58:50 [INFO] 正在下载正文附件: 《珍惜粮食 杜绝浪费》海报.jpg.bin
2026-06-26 19:58:59 [INFO] 正在下载正文附件: 《珍惜粮食 杜绝浪费》折页.jpg.bin
2026-06-26 19:59:00 [ERROR] 正文附件下载失败: 《珍惜粮食 杜绝浪费》折页.jpg.bin, 目标链接: https://cdcp.gd.gov.cn/attachment/0/548/548816/4587511.jpg
2026-06-26 19:59:04 [INFO] 正在下载正文附件: 2024年全民营养周宣传资料-《神奇的“魔法餐盘”助力健康成长》视频.mp4
2026-06-26 19:59:49 [INFO] 正在下载正文附件: 2024年全民营养周宣传资料-《血脂调控 食养有方》视频.mp4
2026-06-26 20:00:52 [INFO] 正在下载正文附件: 《调控血脂 食养有方》海报.jpg.bin
2026-06-26 20:00:53 [ERROR] 正文附件下载失败: 《调控血脂 食养有方》海报.jpg.bin, 目标链接: https://cdcp.gd.gov.cn/attachment/0/548/548805/4587506.jpg
2026-06-26 20:00:53 [INFO] 正在下载正文附件: 《调控血脂 食养有方》折页外.jpg.bin
2026-06-26 20:00:54 [ERROR] 正文附件下载失败: 《调控血脂 食养有方》折页外.jpg.bin, 目标链接: https://cdcp.gd.gov.cn/attachment/0/548/548807/4587506.jpg
2026-06-26 20:00:54 [INFO] 正在下载正文附件: 《调控血脂 食养有方》折页内.jpg.bin
2026-06-26 20:01:43 [INFO] 正在下载正文附件: 高尿酸人群请加水限酒.mp4
2026-06-26 20:21:26 [INFO] 正在下载正文附件: 中国居民平衡膳食宝塔、餐盘、算盘图形2022版.zip
2026-06-26 20:22:13 [INFO] 正在下载正文附件: 厨房做减法，健康加把力（视频、海报折页）.zip
2026-06-26 20:23:39 [INFO] 正在下载正文附件: 健康食品，你吃对了么？（视频、海报折页）.zip
2026-06-26 20:23:40 [ERROR] 正文附件下载失败: 健康食品，你吃对了么？（视频、海报折页）.zip, 目标链接: https://cdcp.gd.gov.cn/attachment/0/520/520408/4182333.zip
2026-06-26 20:23:50 [INFO] 正在下载正文附件: 2022一般老年人膳食指南.pdf
2026-06-26 20:24:05 [INFO] 正在下载正文附件: 2022高龄老年人膳食指南.pdf
2026-06-26 20:24:26 [INFO] 正在下载正文附件: 儿童青少年生长迟缓食养指南（2023年版）.pdf
2026-06-26 20:24:27 [INFO] 正在下载正文附件: 儿童青少年生长迟缓食养指南（2023年版）问答.pdf
2026-06-26 20:24:31 [INFO] 正在下载正文附件: 合理膳食我行动.mp4
2026-06-26 20:24:32 [ERROR] 正文附件下载失败: 合理膳食我行动.mp4, 目标链接: https://cdcp.gd.gov.cn/attachment/0/519/519841/4178549.mp4
2026-06-26 20:24:59 [INFO] 正在下载正文附件: 成人高脂血症食养指南（2023年版）.pdf
2026-06-26 20:25:00 [INFO] 正在下载正文附件: 成人高脂血症食养指南（2023年版）问答.pdf
2026-06-26 20:25:07 [INFO] 正在下载正文附件: “老年营养改善计划”食谱折页.pdf
2026-06-26 20:25:15 [INFO] 正在下载正文附件: 成人高血压食养指南（2023年版）.pdf
2026-06-26 20:25:17 [INFO] 正在下载正文附件: 成人高血压食养指南（2023年版）问答.pdf
2026-06-26 20:25:22 [INFO] 正在下载正文附件: 成人糖尿病食养指南（2023年版）.pdf
2026-06-26 20:25:24 [INFO] 正在下载正文附件: 成人糖尿病食养指南（2023年版）问答.pdf
2026-06-26 20:32:56 [INFO] 正在下载正文附件: 广东老友，今天，你吃水果了吗？.mp4
2026-06-26 20:32:59 [ERROR] 正文附件下载失败: 广东老友，今天，你吃水果了吗？.mp4, 目标链接: https://cdcp.gd.gov.cn/attachment/0/489/489793/3936847.mp4
2026-06-26 20:33:05 [INFO] 正在下载正文附件: 在广东吃了那么多主食.mp4
2026-06-26 20:34:08 [ERROR] 正文附件下载失败: 在广东吃了那么多主食.mp4, 目标链接: https://cdcp.gd.gov.cn/attachment/0/489/489792/3936849.mp4
2026-06-26 20:34:11 [INFO] 正在下载正文附件: 三减三会.mp4
2026-06-26 20:35:29 [ERROR] 正文附件下载失败: 三减三会.mp4, 目标链接: https://cdcp.gd.gov.cn/attachment/0/489/489794/3936851.mp4
2026-06-26 20:39:58 [INFO] 正在下载正文附件: 《我的膳食计划》折页【成年人、老人和儿童】.zip
2026-06-26 20:41:06 [INFO] 正在下载正文附件: 婴幼奶粉折页.pdf
2026-06-26 20:41:19 [INFO] 正在下载正文附件: 植物油折页.pdf
2026-06-26 20:41:29 [INFO] 正在下载正文附件: 一日三餐带量食谱.pdf
2026-06-26 20:41:40 [INFO] 正在下载正文附件: 海报七：奶粉.pdf
2026-06-26 20:41:51 [INFO] 正在下载正文附件: 蛋黄折页.pdf
2026-06-26 20:42:09 [INFO] 正在下载正文附件: 海报五：主食.pdf
2026-06-26 20:42:29 [INFO] 正在下载正文附件: 海报四：食用油.pdf
2026-06-26 20:42:43 [INFO] 正在下载正文附件: 海报六：鸡蛋.pdf
2026-06-26 20:42:52 [INFO] 正在下载正文附件: 2021营养周主题宣传视频（罗云熙）.zip
2026-06-26 20:43:15 [INFO] 正在下载正文附件: 2021营养周主题宣传视频（段奕宏）.zip
2026-06-26 20:45:19 [ERROR] 正文附件下载失败: 2021营养周主题宣传视频（段奕宏）.zip, 目标链接: https://cdcp.gd.gov.cn/attachment/0/421/421397/3440432.zip
2026-06-26 20:45:32 [INFO] 正在下载正文附件: 2021营养周主题宣传视频（陈数）.zip
2026-06-26 20:48:21 [ERROR] 正文附件下载失败: 2021营养周主题宣传视频（陈数）.zip, 目标链接: https://cdcp.gd.gov.cn/attachment/0/421/421396/3440431.zip
2026-06-26 20:48:34 [INFO] 正在下载正文附件: 2021营养周主题宣传视频（杨幂）.zip
2026-06-26 20:48:35 [ERROR] 正文附件下载失败: 2021营养周主题宣传视频（杨幂）.zip, 目标链接: https://cdcp.gd.gov.cn/attachment/0/421/421398/3440433.zip
2026-06-26 20:49:23 [INFO] 正在下载正文附件: 海报二：健康广东 营养先行.jpg.bin
2026-06-26 20:54:29 [INFO] 正在下载正文附件: 中国居民平衡膳食宝塔、餐盘、算盘图形.zip
2026-06-26 20:55:02 [INFO] 正在下载正文附件: 海报三：珍惜盘中餐 粒粒助健康.jpg.bin
2026-06-26 20:55:38 [INFO] 正在下载正文附件: 全民营养周永久logo图.zip
2026-06-26 20:55:46 [INFO] 正在下载正文附件: 全民营养歌、歌词及五线谱.zip
2026-06-26 20:55:57 [INFO] 正在下载正文附件: 2021全民营养周logo.zip
2026-06-26 20:56:06 [INFO] 正在下载正文附件: 海报一：合理膳食 营养惠万家.jpg.bin
2026-06-26 20:56:06 [ERROR] 正文附件下载失败: 海报一：合理膳食 营养惠万家.jpg.bin, 目标链接: https://cdcp.gd.gov.cn/attachment/0/420/420733/3440424.jpg
2026-06-26 20:56:12 [INFO] 正在下载正文附件: 分餐制视频、海报.zip
2026-06-26 20:56:13 [ERROR] 正文附件下载失败: 分餐制视频、海报.zip, 目标链接: https://cdcp.gd.gov.cn/attachment/0/420/420735/3440434.zip
2026-06-26 20:56:19 [INFO] 正在下载正文附件: 《兴新食尚+提倡分餐制》折页.zip
2026-06-26 20:56:20 [ERROR] 正文附件下载失败: 《兴新食尚+提倡分餐制》折页.zip, 目标链接: https://cdcp.gd.gov.cn/attachment/0/420/420737/3440436.zip
2026-06-26 20:56:25 [INFO] 正在下载正文附件: 《全民营养歌》MV及教学视频.zip
2026-06-26 21:07:27 [ERROR] 正文附件下载失败: 《全民营养歌》MV及教学视频.zip, 目标链接: https://cdcp.gd.gov.cn/attachment/0/420/420738/3440437.zip
2026-06-26 21:08:53 [INFO] >>> 开始爬取栏目：健康教育
2026-06-26 21:08:55 [INFO] 列表页请求成功：https://cdcp.gd.gov.cn/jkjy/jkzt/wsyjgl/wsyjkpyd/index.html，状态码：200
2026-06-26 21:08:55 [INFO] 栏目 [健康教育] 第 1 页解析到 20 条
2026-06-26 21:08:57 [INFO] 列表页请求成功：https://cdcp.gd.gov.cn/jkjy/jkzt/wsyjgl/wsyjkpyd/index_2.html，状态码：200
2026-06-26 21:08:57 [INFO] 栏目 [健康教育] 第 2 页解析到 20 条
2026-06-26 21:08:58 [INFO] 列表页请求成功：https://cdcp.gd.gov.cn/jkjy/jkzt/wsyjgl/wsyjkpyd/index_3.html，状态码：200
2026-06-26 21:08:58 [INFO] 栏目 [健康教育] 第 3 页解析到 20 条
2026-06-26 21:09:00 [INFO] 列表页请求成功：https://cdcp.gd.gov.cn/jkjy/jkzt/wsyjgl/wsyjkpyd/index_4.html，状态码：200
2026-06-26 21:09:00 [INFO] 栏目 [健康教育] 第 4 页解析到 16 条
2026-06-26 21:09:01 [INFO] 列表页请求成功：https://cdcp.gd.gov.cn/jkjy/jkzt/wsyjgl/wsyjkpyd/index_5.html，状态码：200
2026-06-26 21:09:01 [INFO] 栏目 [健康教育] 第 5 页解析到 0 条
2026-06-26 21:09:01 [INFO] 栏目 [健康教育] 当前页未解析到任何数据，自动判断已达最后一页，停止翻页！
2026-06-26 21:14:29 [INFO] 正在下载正文附件: 基孔肯雅热科普视频.zip
2026-06-26 21:15:06 [ERROR] 正文附件下载失败: 基孔肯雅热科普视频.zip, 目标链接: https://cdcp.gd.gov.cn/attachment/0/586/586954/4751640.zip
2026-06-26 21:15:33 [INFO] 正在下载正文附件: 基孔肯雅热 8大场所防控指引海报.zip
2026-06-26 21:15:42 [ERROR] 正文附件下载失败: 基孔肯雅热 8大场所防控指引海报.zip, 目标链接: https://cdcp.gd.gov.cn/attachment/0/587/587135/4751185.zip
2026-06-26 21:17:48 [INFO] 正在下载正文附件: 猴痘折页.pdf
2026-06-26 21:17:48 [ERROR] 正文附件下载失败: 猴痘折页.pdf, 目标链接: https://cdcp.gd.gov.cn/attachment/0/585/585282/4743768.pdf
2026-06-26 21:21:53 [INFO] 正在下载正文附件: 省疾控暴雨防病从口入三折页285-210mm1224.pdf
2026-06-26 21:23:42 [INFO] >>> 开始爬取栏目：健康教育
2026-06-26 21:23:44 [INFO] 列表页请求成功：https://cdcp.gd.gov.cn/jkjy/jkzt/wsyjgl/wsyjwj/index.html，状态码：200
2026-06-26 21:23:44 [INFO] 栏目 [健康教育] 第 1 页解析到 20 条
2026-06-26 21:23:45 [INFO] 列表页请求成功：https://cdcp.gd.gov.cn/jkjy/jkzt/wsyjgl/wsyjwj/index_2.html，状态码：200
2026-06-26 21:23:45 [INFO] 栏目 [健康教育] 第 2 页解析到 7 条
2026-06-26 21:23:47 [INFO] 列表页请求成功：https://cdcp.gd.gov.cn/jkjy/jkzt/wsyjgl/wsyjwj/index_3.html，状态码：200
2026-06-26 21:23:47 [INFO] 栏目 [健康教育] 第 3 页解析到 0 条
2026-06-26 21:23:47 [INFO] 栏目 [健康教育] 当前页未解析到任何数据，自动判断已达最后一页，停止翻页！
2026-06-26 21:23:59 [INFO] 正在下载正文附件: 广东省气象灾害应急预案.pdf
2026-06-26 21:28:28 [INFO] 正在下载正文附件: 国家突发急性传染病防控队伍管理办法.pdf
2026-06-26 21:28:30 [ERROR] 正文附件下载失败: 国家突发急性传染病防控队伍管理办法.pdf, 目标链接: https://cdcp.gd.gov.cn/attachment/0/551/551282/4436544.pdf
2026-06-26 21:28:33 [INFO] 正在下载正文附件: 传染病疫情应急预案管理办法.pdf
2026-06-26 21:28:40 [INFO] 正在下载正文附件: 1.国家卫生应急队伍人员构成要求.doc
2026-06-26 21:28:41 [INFO] 正在下载正文附件: 2.国家卫生应急队员推荐审批表.doc
2026-06-26 21:28:42 [INFO] 正在下载正文附件: 3.国家卫生应急队员誓言.doc
2026-06-26 21:30:14 [INFO] 正在下载正文附件: 国家卫生计生委关于印发突发事件卫生应急预案管理办法的通知（2017）.pdf
2026-06-26 21:31:07 [INFO] 正在下载正文附件: 广东省人民政府关于印发广东省卫生与健康“十三五”规划的通知.pdf
2026-06-26 21:31:44 [INFO] 正在下载正文附件: 国家卫生计生委关于印发突发急性传染病防治“十三五”规划（2016-2020年）的通知.pdf
2026-06-26 21:31:58 [INFO] 正在下载正文附件: 广东省人民政府关于印发广东省突发环境事件应急预案的通知(2).pdf
2026-06-26 21:33:02 [ERROR] 正文附件下载失败: 广东省人民政府关于印发广东省突发环境事件应急预案的通知(2).pdf, 目标链接: https://cdcp.gd.gov.cn/gcdcdfiles/lm1ws/201712/ea6eb7405cbf4faca7837c8cdcfdfd28/files/4f3b2e981f5e4bd4b77bb3d02de2b6d1.pdf
2026-06-26 21:33:09 [INFO] 正在下载正文附件: 广东省人民政府关于印发广东省食品安全事故应急预案的通知.pdf
2026-06-26 21:33:14 [ERROR] 正文附件下载失败: 广东省人民政府关于印发广东省食品安全事故应急预案的通知.pdf, 目标链接: https://cdcp.gd.gov.cn/gcdcdfiles/lm1ws/201712/ea6eb7405cbf4faca7837c8cdcfdfd28/files/0c4661ec99654e7fa90f5869618b5fd1.pdf
2026-06-26 21:33:16 [INFO] >>> 开始爬取栏目：健康教育
2026-06-26 21:33:18 [INFO] 列表页请求成功：https://cdcp.gd.gov.cn/jkjy/jkzt/wsyjgl/yjxy/index.html，状态码：200
2026-06-26 21:33:18 [INFO] 栏目 [健康教育] 第 1 页解析到 20 条
2026-06-26 21:33:19 [INFO] 列表页请求成功：https://cdcp.gd.gov.cn/jkjy/jkzt/wsyjgl/yjxy/index_2.html，状态码：200
2026-06-26 21:33:19 [INFO] 栏目 [健康教育] 第 2 页解析到 7 条
2026-06-26 21:33:21 [INFO] 列表页请求成功：https://cdcp.gd.gov.cn/jkjy/jkzt/wsyjgl/yjxy/index_3.html，状态码：200
2026-06-26 21:33:21 [INFO] 栏目 [健康教育] 第 3 页解析到 0 条
2026-06-26 21:33:21 [INFO] 栏目 [健康教育] 当前页未解析到任何数据，自动判断已达最后一页，停止翻页！
2026-06-26 21:45:19 [INFO] >>> 开始爬取栏目：健康教育
2026-06-26 21:45:21 [INFO] 列表页请求成功：https://cdcp.gd.gov.cn/jkjy/jkzt/azbfz/xcbjbyfkpyd/index.html，状态码：200
2026-06-26 21:45:21 [INFO] 栏目 [健康教育] 第 1 页解析到 20 条
2026-06-26 21:45:22 [INFO] 列表页请求成功：https://cdcp.gd.gov.cn/jkjy/jkzt/azbfz/xcbjbyfkpyd/index_2.html，状态码：200
2026-06-26 21:45:22 [INFO] 栏目 [健康教育] 第 2 页解析到 20 条
2026-06-26 21:45:24 [INFO] 列表页请求成功：https://cdcp.gd.gov.cn/jkjy/jkzt/azbfz/xcbjbyfkpyd/index_3.html，状态码：200
2026-06-26 21:45:24 [INFO] 栏目 [健康教育] 第 3 页解析到 20 条
2026-06-26 21:45:26 [INFO] 列表页请求成功：https://cdcp.gd.gov.cn/jkjy/jkzt/azbfz/xcbjbyfkpyd/index_4.html，状态码：200
2026-06-26 21:45:26 [INFO] 栏目 [健康教育] 第 4 页解析到 20 条
2026-06-26 21:45:27 [INFO] 列表页请求成功：https://cdcp.gd.gov.cn/jkjy/jkzt/azbfz/xcbjbyfkpyd/index_5.html，状态码：200
2026-06-26 21:45:27 [INFO] 栏目 [健康教育] 第 5 页解析到 17 条
2026-06-26 21:45:29 [INFO] 列表页请求成功：https://cdcp.gd.gov.cn/jkjy/jkzt/azbfz/xcbjbyfkpyd/index_6.html，状态码：200
2026-06-26 21:45:29 [INFO] 栏目 [健康教育] 第 6 页解析到 20 条
2026-06-26 21:45:31 [INFO] 列表页请求成功：https://cdcp.gd.gov.cn/jkjy/jkzt/azbfz/xcbjbyfkpyd/index_7.html，状态码：200
2026-06-26 21:45:31 [INFO] 栏目 [健康教育] 第 7 页解析到 18 条
2026-06-26 21:45:32 [INFO] 列表页请求成功：https://cdcp.gd.gov.cn/jkjy/jkzt/azbfz/xcbjbyfkpyd/index_8.html，状态码：200
2026-06-26 21:45:32 [INFO] 栏目 [健康教育] 第 8 页解析到 19 条
2026-06-26 21:45:34 [INFO] 列表页请求成功：https://cdcp.gd.gov.cn/jkjy/jkzt/azbfz/xcbjbyfkpyd/index_9.html，状态码：200
2026-06-26 21:45:34 [INFO] 栏目 [健康教育] 第 9 页解析到 5 条
2026-06-26 21:45:35 [INFO] 列表页请求成功：https://cdcp.gd.gov.cn/jkjy/jkzt/azbfz/xcbjbyfkpyd/index_10.html，状态码：200
2026-06-26 21:45:35 [INFO] 栏目 [健康教育] 第 10 页解析到 0 条
2026-06-26 21:45:35 [INFO] 栏目 [健康教育] 当前页未解析到任何数据，自动判断已达最后一页，停止翻页！
2026-06-26 21:46:56 [INFO] 正在下载正文附件: 猴痘折页.pdf
2026-06-26 21:46:57 [ERROR] 正文附件下载失败: 猴痘折页.pdf, 目标链接: https://cdcp.gd.gov.cn/attachment/0/585/585282/4743769.pdf
2026-06-26 21:51:09 [INFO] 正在下载正文附件: 丙肝防治宣传教育信息之吸毒人群（长图）.tif.bin
2026-06-26 21:51:10 [ERROR] 正文附件下载失败: 丙肝防治宣传教育信息之吸毒人群（长图）.tif.bin, 目标链接: https://cdcp.gd.gov.cn/attachment/0/529/529014/4237423.tif
2026-06-26 21:51:16 [INFO] 正在下载正文附件: 丙肝防治宣传教育信息之大众人群（长图）.tif.bin
2026-06-26 21:51:44 [INFO] 正在下载正文附件: 丙肝防治宣传教育信息之男性同性性行为人群（长图）.tif.bin
2026-06-26 21:54:02 [INFO] 正在下载正文附件: 艾滋病病毒暴露后预防技术指南（试用）.pdf
2026-06-26 21:54:25 [INFO] 正在下载正文附件: 79-WS 213—2018丙肝诊断标准.pdf
2026-06-26 21:55:39 [INFO] 正在下载正文附件: 广东省戒毒药物维持治疗机构信息一览表20180622.xlsx
2026-06-26 21:55:47 [INFO] 正在下载正文附件: 广东省戒毒药物维持治疗门诊及延伸点信息20171129.xlsx
2026-06-26 21:55:51 [INFO] 正在下载正文附件: 广东省艾滋病自愿咨询检测门诊名录 20171120.xlsx
2026-06-26 21:55:54 [INFO] 正在下载正文附件: 广东省艾滋病治疗定点医院（2018）.xlsx
2026-06-26 21:55:58 [INFO] 正在下载正文附件: 2015年自愿咨询检测机构名录.xlsx
2026-06-26 21:56:02 [INFO] 正在下载正文附件: 广东省艾滋病检测点、筛查实验室、确证实验室名单--201609.xls
2026-06-26 21:56:06 [INFO] 正在下载正文附件: 实验室名单2015.xls
2026-06-26 21:56:11 [INFO] 正在下载正文附件: 广东省社区药物维持治疗门诊-2015版.xls
2026-06-26 21:57:28 [INFO] 正在下载正文附件: video_f88cffc7bd88.mp4
2026-06-26 21:58:17 [INFO] 检测到直链文件，直接入库跳过解析：https://cdcp.gd.gov.cn/attachment/0/371/371265/3440756.rar
2026-06-26 21:58:17 [INFO] 正在下载直链文件: 预防艾滋病--爱心可传递，艾滋别传代-上.rar
2026-06-26 21:58:19 [INFO] 正在下载正文附件: video_9a9001f7ee41.mp4
2026-06-26 22:01:17 [INFO] 正在下载正文附件: video_1d08d5f41161.mp4
2026-06-26 22:01:38 [INFO] 正在下载正文附件: video_428a88b0690a.mp4
2026-06-26 22:01:38 [ERROR] 正文附件下载失败: video_428a88b0690a.mp4, 目标链接: https://cdcp.gd.gov.cn/attachment/0/371/371219/3440751.mp4
2026-06-26 22:01:43 [INFO] 正在下载正文附件: 大学生预防艾滋病宣传手册-1.jpg.bin
2026-06-26 22:01:45 [INFO] 正在下载正文附件: 大学生预防艾滋病宣传手册-2.jpg.bin
2026-06-26 22:01:47 [INFO] 正在下载正文附件: 大学生预防艾滋病宣传手册-3.jpg.bin
2026-06-26 22:01:50 [INFO] 正在下载正文附件: 大学生预防艾滋病宣传手册-4.jpg.bin
2026-06-26 22:01:50 [INFO] 正在下载正文附件: 大学生预防艾滋病宣传手册-5.jpg.bin
2026-06-26 22:01:52 [INFO] 正在下载正文附件: 大学生预防艾滋病宣传手册-6.jpg.bin
2026-06-26 22:02:14 [INFO] 正在下载正文附件: 大学生预防艾滋病宣传手册.zip
2026-06-26 22:02:15 [ERROR] 正文附件下载失败: 大学生预防艾滋病宣传手册.zip, 目标链接: https://cdcp.gd.gov.cn/attachment/0/532/532164/3440747.zip
2026-06-26 22:03:17 [INFO] 正在下载正文附件: 第一部为啥要检测 普清350p.rar
2026-06-26 22:03:19 [INFO] 正在下载正文附件: 第二部你需要检测吗 普清350p.rar
2026-06-26 22:03:20 [ERROR] 正文附件下载失败: 第二部你需要检测吗 普清350p.rar, 目标链接: https://cdcp.gd.gov.cn/attachment/0/321/321014/3440732.rar
2026-06-26 22:03:20 [INFO] 正在下载正文附件: 第二部你需要检测吗 高清1080p.rar
2026-06-26 22:03:57 [INFO] 正在下载正文附件: 第三部你要啥时候检测 普清350p.rar
2026-06-26 22:03:59 [INFO] 正在下载正文附件: 第三部你要啥时候检测 高清1080p.rar
2026-06-26 22:04:34 [INFO] 正在下载正文附件: 第四部你要去哪里检测 普清350p.rar
2026-06-26 22:04:35 [INFO] 正在下载正文附件: 第四部你要去哪里检测 高清1080p.rar
2026-06-26 22:05:07 [INFO] 正在下载正文附件: 第五部检测阳性了，你该怎么办 普清350p.rar
2026-06-26 22:05:09 [INFO] 正在下载正文附件: 第五部检测阳性了，你该怎么办 高清1080p.rar
2026-06-26 22:05:45 [INFO] 正在下载正文附件: 青年学生健康知识要点.pdf
2026-06-26 22:05:45 [ERROR] 正文附件下载失败: 青年学生健康知识要点.pdf, 目标链接: https://cdcp.gd.gov.cn/attachment/0/321/321023/3440748.pdf
2026-06-26 22:06:17 [INFO] 正在下载正文附件: 预防艾滋病 你我同参与——自愿咨询检测篇.pdf
2026-06-26 22:06:24 [INFO] 正在下载正文附件: 艾滋病科普知识.pdf
2026-06-26 22:06:28 [INFO] 正在下载正文附件: 广东省学校艾滋病基本知识问答 2017版.pdf
2026-06-26 22:06:34 [INFO] 正在下载正文附件: 艾滋病咨询检测指南.pdf
2026-06-26 22:08:17 [INFO] 正在下载正文附件: 携手防艾重在预防.rar
2026-06-26 22:08:24 [INFO] >>> 开始爬取栏目：健康教育
2026-06-26 22:08:27 [INFO] 列表页请求成功：https://cdcp.gd.gov.cn/jkjy/jkzt/azbfz/azbfzwj/index.html，状态码：200
2026-06-26 22:08:27 [INFO] 栏目 [健康教育] 第 1 页解析到 20 条
2026-06-26 22:08:29 [INFO] 列表页请求成功：https://cdcp.gd.gov.cn/jkjy/jkzt/azbfz/azbfzwj/index_2.html，状态码：200
2026-06-26 22:08:29 [INFO] 栏目 [健康教育] 第 2 页解析到 20 条
2026-06-26 22:08:30 [INFO] 列表页请求成功：https://cdcp.gd.gov.cn/jkjy/jkzt/azbfz/azbfzwj/index_3.html，状态码：200
2026-06-26 22:08:30 [INFO] 栏目 [健康教育] 第 3 页解析到 4 条
2026-06-26 22:08:32 [INFO] 列表页请求成功：https://cdcp.gd.gov.cn/jkjy/jkzt/azbfz/azbfzwj/index_4.html，状态码：200
2026-06-26 22:08:32 [INFO] 栏目 [健康教育] 第 4 页解析到 0 条
2026-06-26 22:08:32 [INFO] 栏目 [健康教育] 当前页未解析到任何数据，自动判断已达最后一页，停止翻页！
2026-06-26 22:08:37 [INFO] 正在下载正文附件: 工作指标.pdf
2026-06-26 22:08:52 [INFO] 正在下载正文附件: 生活技能为基础的学校预防艾滋病健康教育师资培训课程大纲（中学版）.doc
2026-06-26 22:08:53 [INFO] 正在下载正文附件: 生活技能为基础的学校预防艾滋病健康教育师资培训课程大纲（高校版）.doc
2026-06-26 22:09:07 [INFO] 正在下载正文附件: 2023年艾滋病日主题宣传海报电子版（zip压缩包格式，72M大小）.zip
2026-06-26 22:21:18 [INFO] 正在下载正文附件: 2021年“世界艾滋病日”主题宣传海报.zip
2026-06-26 22:28:44 [INFO] 正在下载正文附件: WS 293—2019艾滋病和艾滋病病毒感染诊断.pdf
2026-06-26 22:29:09 [INFO] 正在下载正文附件: 广东省实施献血法办法.pdf
2026-06-26 22:29:16 [INFO] 正在下载正文附件: 关于中国病毒性肝炎防治规划的通知.pdf
2026-06-26 22:29:17 [ERROR] 正文附件下载失败: 关于中国病毒性肝炎防治规划的通知.pdf, 目标链接: https://cdcp.gd.gov.cn/attachment/0/321/321147/3440853.pdf
2026-06-26 22:29:21 [INFO] 正在下载正文附件: WS 213—2018.pdf
2026-06-26 22:29:53 [INFO] [广东省疾病预防控制中心] 爬取完毕！成功 3703 条，失败 0 条，数据保存至：D:\LZH\A-Project\Crawler311\corpus_crawler\Crawler_Gov\data\output\gdcdc_all_documents.jsonl

2026-06-29 15:02:19 [INFO] ============== 成功加载 [国家卫生健康委员会] 解析器 ==============
2026-06-29 15:02:46 [INFO] [国家卫生健康委员会] 首页 warm-up 成功，已建立 Session/Cookie
2026-06-29 15:02:46 [INFO] [国家卫生健康委员会] 暂未开启任何栏目抓取
2026-06-29 15:02:46 [INFO] ============== 成功加载 [国家疾病预防控制局] 解析器 ==============
2026-06-29 15:02:57 [INFO] [国家疾病预防控制局] 首页 warm-up 成功，已建立 Session/Cookie
2026-06-29 15:02:57 [INFO] [国家疾病预防控制局] 暂未开启任何栏目抓取
2026-06-29 15:02:57 [INFO] ============== 成功加载 [中国疾病预防控制中心] 解析器 ==============
2026-06-29 15:03:11 [INFO] [中国疾病预防控制中心] 首页 warm-up 成功，已建立 Session/Cookie
2026-06-29 15:03:11 [INFO] [中国疾病预防控制中心] 暂未开启任何栏目抓取
2026-06-29 15:03:11 [INFO] ============== 成功加载 [中国疾控中心慢病中心] 解析器 ==============
2026-06-29 15:03:13 [INFO] [中国疾控中心慢病中心] 首页 warm-up 成功，已建立 Session/Cookie
2026-06-29 15:03:13 [INFO] [中国疾控中心慢病中心] 暂未开启任何栏目抓取
2026-06-29 15:03:13 [INFO] Skip disabled site/source: World Health Organization
2026-06-29 15:03:13 [INFO] Skip disabled site/source: World Health Organization
2026-06-29 15:03:13 [INFO] Skip disabled site/source: World Health Organization
2026-06-29 15:03:13 [INFO] Skip disabled site/source: World Health Organization
2026-06-29 15:03:13 [INFO] Skip disabled site/source: World Health Organization
2026-06-29 15:03:13 [INFO] ============== 成功加载 [国家心理健康和精神卫生防治中心] 解析器 ==============
2026-06-29 15:03:16 [INFO] [国家心理健康和精神卫生防治中心] 首页 warm-up 成功，已建立 Session/Cookie
2026-06-29 15:03:16 [INFO] [国家心理健康和精神卫生防治中心] 暂未开启任何栏目抓取
2026-06-29 15:03:16 [INFO] ============== 成功加载 [广东省卫生健康委员会] 解析器 ==============
2026-06-29 15:03:19 [INFO] [广东省卫生健康委员会] 首页 warm-up 成功，已建立 Session/Cookie
2026-06-29 15:03:19 [INFO] [广东省卫生健康委员会] 暂未开启任何栏目抓取
2026-06-29 15:03:19 [INFO] ============== 成功加载 [广东省疾病预防控制中心] 解析器 ==============
2026-06-29 15:03:25 [INFO] [广东省疾病预防控制中心] 首页 warm-up 成功，已建立 Session/Cookie
2026-06-29 15:03:25 [INFO] [广东省疾病预防控制中心] 暂未开启任何栏目抓取
2026-06-29 15:03:25 [INFO] ============== 成功加载 [食品安全国家标准数据检索平台] 解析器 ==============
2026-06-29 15:03:27 [INFO] [食品安全国家标准数据检索平台] 首页 warm-up 成功，已建立 Session/Cookie
2026-06-29 15:03:27 [INFO] 开始爬取：食品安全国家标准数据检索平台，共 3 个栏目
2026-06-29 15:03:27 [INFO] >>> 开始爬取栏目：标准文本
2026-06-29 15:03:29 [INFO] 列表页请求成功：https://sppt.cfsa.net.cn:8086/db，状态码：200
2026-06-29 15:03:29 [INFO] 栏目 [标准文本] 第 1 页解析到 0 条
2026-06-29 15:03:29 [INFO] 栏目 [标准文本] 当前页未解析到任何数据，自动判断已达最后一页，停止翻页！
2026-06-29 15:03:29 [WARNING] 栏目 [标准文本] 未解析到任何列表数据
2026-06-29 15:03:29 [INFO] >>> 开始爬取栏目：标准勘误
2026-06-29 15:03:31 [INFO] 列表页请求成功：https://sppt.cfsa.net.cn:8086/db，状态码：200
2026-06-29 15:03:31 [INFO] 栏目 [标准勘误] 第 1 页解析到 0 条
2026-06-29 15:03:31 [INFO] 栏目 [标准勘误] 当前页未解析到任何数据，自动判断已达最后一页，停止翻页！
2026-06-29 15:03:31 [WARNING] 栏目 [标准勘误] 未解析到任何列表数据
2026-06-29 15:03:31 [INFO] >>> 开始爬取栏目：标准解读
2026-06-29 15:03:32 [INFO] 列表页请求成功：https://sppt.cfsa.net.cn:8086/db，状态码：200
2026-06-29 15:03:32 [INFO] 栏目 [标准解读] 第 1 页解析到 0 条
2026-06-29 15:03:32 [INFO] 栏目 [标准解读] 当前页未解析到任何数据，自动判断已达最后一页，停止翻页！
2026-06-29 15:03:32 [WARNING] 栏目 [标准解读] 未解析到任何列表数据
2026-06-29 15:03:32 [INFO] [食品安全国家标准数据检索平台] 爬取完毕！成功 0 条，失败 0 条，数据保存至：D:\LZH\A-Project\Crawler311\corpus_crawler\Crawler_Gov\data\output\cfsa_all_documents.jsonl

2026-06-29 15:03:32 [INFO] ============== 成功加载 [中国老龄协会] 解析器 ==============
2026-06-29 15:03:49 [INFO] [中国老龄协会] 首页 warm-up 成功，已建立 Session/Cookie
2026-06-29 15:03:49 [INFO] 开始爬取：中国老龄协会，共 1 个栏目
2026-06-29 15:03:49 [INFO] >>> 开始爬取栏目：健康科普
2026-06-29 15:03:52 [INFO] 列表页请求成功：https://www.cncaprc.gov.cn/jkkp.jhtml，状态码：200
2026-06-29 15:03:52 [INFO] 栏目 [健康科普] 第 1 页解析到 10 条
2026-06-29 15:03:55 [INFO] 列表页请求成功：https://www.cncaprc.gov.cn/jkkp_2.jhtml，状态码：200
2026-06-29 15:03:55 [INFO] 栏目 [健康科普] 第 2 页解析到 10 条
2026-06-29 15:03:59 [INFO] 列表页请求成功：https://www.cncaprc.gov.cn/jkkp_3.jhtml，状态码：200
2026-06-29 15:03:59 [INFO] 栏目 [健康科普] 第 3 页解析到 10 条
2026-06-29 15:06:50 [INFO] [中国老龄协会] 爬取完毕！成功 30 条，失败 0 条，数据保存至：D:\LZH\A-Project\Crawler311\corpus_crawler\Crawler_Gov\data\output\cncaprc_all_documents.jsonl

2026-06-29 15:06:50 [INFO] ============== 成功加载 [国家中医药管理局] 解析器 ==============
2026-06-29 15:06:56 [INFO] [国家中医药管理局] 首页 warm-up 成功，已建立 Session/Cookie
2026-06-29 15:06:56 [INFO] 开始爬取：国家中医药管理局，共 3 个栏目
2026-06-29 15:06:56 [INFO] >>> 开始爬取栏目：政策文件
2026-06-29 15:06:58 [INFO] 列表页请求成功：http://www.natcm.gov.cn/a/zcwj/，状态码：200
2026-06-29 15:06:58 [INFO] 栏目 [政策文件] 第 1 页解析到 25 条
2026-06-29 15:07:00 [INFO] 列表页请求成功：http://www.natcm.gov.cn/a/zcwj/index_2.html，状态码：200
2026-06-29 15:07:00 [INFO] 栏目 [政策文件] 第 2 页解析到 25 条
2026-06-29 15:07:01 [INFO] 列表页请求成功：http://www.natcm.gov.cn/a/zcwj/index_3.html，状态码：200
2026-06-29 15:07:01 [INFO] 栏目 [政策文件] 第 3 页解析到 16 条
2026-06-29 15:07:03 [INFO] 列表页请求成功：http://www.natcm.gov.cn/a/zcwj/index_4.html，状态码：200
2026-06-29 15:07:03 [INFO] 栏目 [政策文件] 第 4 页解析到 20 条
2026-06-29 15:07:05 [INFO] 列表页请求成功：http://www.natcm.gov.cn/a/zcwj/index_5.html，状态码：200
2026-06-29 15:07:05 [INFO] 栏目 [政策文件] 第 5 页解析到 47 条
2026-06-29 15:07:26 [INFO] 正在下载正文附件: 基层医疗卫生机构医疗质量改善三年行动(2026—2028年)自查整改表.pdf
2026-06-29 15:07:30 [INFO] 正在下载正文附件: 三级中医医院评审标准（2026年版）.pdf
2026-06-29 15:07:49 [INFO] 正在下载正文附件: 《医疗卫生机构开展研究者发起的中医药临床研究管理办法》.docx
2026-06-29 15:08:32 [INFO] 正在下载正文附件: 健康体重管理行动.pdf
2026-06-29 15:08:33 [INFO] 正在下载正文附件: 健康乡村建设行动.pdf
2026-06-29 15:08:33 [INFO] 正在下载正文附件: 中医药健康促进行动.pdf
2026-06-29 15:08:54 [INFO] 正在下载正文附件: 《综合医院中医药工作指南 2024 版》.pdf
2026-06-29 15:09:11 [INFO] 正在下载正文附件: 中医药科技成果登记管理办法(修订).docx
2026-06-29 15:09:20 [INFO] 正在下载正文附件: 中医医师规范化培训实施办法.docx
2026-06-29 15:09:21 [INFO] 正在下载正文附件: 中医医师规范化培训标准(2023版).docx
2026-06-29 15:09:21 [INFO] 正在下载正文附件: 中医类别全科医生规范化培训标准(2023版).docx
2026-06-29 15:10:32 [INFO] 正在下载正文附件: 《全国公共卫生信息化建设标准与规范》(试行).pdf
2026-06-29 15:10:39 [INFO] 正在下载正文附件: 0eb9ed54ad4e4541bdb86ad6896d8ddd.doc
2026-06-29 15:11:25 [INFO] 正在下载正文附件: 医疗机构处方审核规范.doc
2026-06-29 15:11:28 [INFO] 正在下载正文附件: 附件.docx
2026-06-29 15:11:56 [INFO] 正在下载正文附件: 1．《中医药继续教育规定》.doc
2026-06-29 15:11:57 [INFO] 正在下载正文附件: 2．《中医药继续教育登记办法》.doc
2026-06-29 15:12:00 [INFO] 正在下载正文附件: 狂犬病暴露后处置工作规范（试行）.doc
2026-06-29 15:12:00 [ERROR] 正文附件下载失败: 狂犬病暴露后处置工作规范（试行）.doc, 目标链接: http://www.moh.gov.cn/moh/fs/web_edit_file/20061013144709.doc
2026-06-29 15:12:47 [INFO] 正在下载正文附件: 附件： 中医医院管理 评价指南（试行）.doc
2026-06-29 15:12:47 [ERROR] 正文附件下载失败: 附件： 中医医院管理 评价指南（试行）.doc, 目标链接: http://www.natcm.gov.cn/lanmu/jusi_wengjian/yizheng/0409yiguan.doc
2026-06-29 15:13:45 [INFO] 正在下载正文附件: 1．2018年虚假违法中医医疗广告（杂志第一批）信息监测一览表.xlsx
2026-06-29 15:14:08 [INFO] 正在下载正文附件: 三级医院对口帮扶贫困县中医医院远程医疗开展有关情况调查表.rar
2026-06-29 15:14:13 [INFO] 正在下载正文附件: 关于加强中医药健康服务科技创新的指导意见.doc
2026-06-29 15:14:18 [INFO] 正在下载正文附件: 1、第十二期“慈善医疗阳光救助工程”中医卫生公益帮扶项目联系人回执.docx
2026-06-29 15:14:18 [INFO] 正在下载正文附件: 2、胸痛卒中双中心建设项目申请表.docx
2026-06-29 15:14:19 [INFO] 正在下载正文附件: 3、“输血造血式”项目申请表.docx
2026-06-29 15:14:19 [INFO] 正在下载正文附件: 4、第十二期“慈善医疗阳光救助工程”中医卫生公益帮扶项目医疗设备品类范围.docx
2026-06-29 15:14:19 [INFO] 正在下载正文附件: 5、第十二期“慈善医疗阳光救助工程”中医卫生公益帮扶项目医疗机构资质文件清单.docx
2026-06-29 15:14:19 [INFO] 正在下载正文附件: 6、第十二期“慈善医疗阳光救助工程”中医卫生公益帮扶项目实施流程图.docx
2026-06-29 15:14:24 [INFO] 正在下载正文附件: 附件1(2).xlsx
2026-06-29 15:14:36 [INFO] 正在下载正文附件: 1.提升工程“十三五”行动计划督查指标.docx
2026-06-29 15:14:36 [ERROR] 正文附件下载失败: 1.提升工程“十三五”行动计划督查指标.docx, 目标链接: http://www.natcm.gov.cn/d/file/p/2018/07-24/af7eb623e71b8bc341745528b67fbfb0.docx
2026-06-29 15:14:36 [INFO] 正在下载正文附件: 2.省（区、市）督查报告主要内容.docx
2026-06-29 15:14:36 [ERROR] 正文附件下载失败: 2.省（区、市）督查报告主要内容.docx, 目标链接: http://www.natcm.gov.cn/d/file/p/2018/07-24/197666ced6d70658f85357a72d5a06c1.docx
2026-06-29 15:14:36 [INFO] 正在下载正文附件: 3.提升工程“十三五”行动计划主要指标完成情况省级汇总表.docx
2026-06-29 15:14:36 [ERROR] 正文附件下载失败: 3.提升工程“十三五”行动计划主要指标完成情况省级汇总表.docx, 目标链接: http://www.natcm.gov.cn/d/file/p/2018/07-24/23a12d5ddeaf4097c22d645140c61de4.docx
2026-06-29 15:14:44 [INFO] 正在下载正文附件: 市级全国基层中医药工作先进单位申报评审方案（2016-2018创建周期）.docx
2026-06-29 15:14:51 [INFO] 正在下载正文附件: 医疗机构处方审核规范.doc
2026-06-29 15:14:58 [INFO] 正在下载正文附件: 附件：第三期全国中医药行业会计领军（后备）人才培训学员名单.docx
2026-06-29 15:15:05 [INFO] 正在下载正文附件: 附件1：二级中西医结合医院评审标准（2018年版）.doc
2026-06-29 15:15:05 [INFO] 正在下载正文附件: 附件2：二级中西医结合医院分等标准和评审核心指标（2018年版）.doc
2026-06-29 15:15:06 [INFO] 正在下载正文附件: 附件3：二级中西医结合医院评审实施细则（2018年版）.doc
2026-06-29 15:15:07 [INFO] 正在下载正文附件: 附件4：二级民族医医院评审标准（2018年版）.doc
2026-06-29 15:15:07 [INFO] 正在下载正文附件: 附件5：二级民族医医院分等标准和评审核心指标（2018年版）.doc
2026-06-29 15:15:07 [INFO] 正在下载正文附件: 附件6：二级民族医医院评审标准实施细则（2018年版）.doc
2026-06-29 15:15:11 [INFO] 正在下载正文附件: 养生保健规范（公开征求社会意见稿）2018.6.11.docx
2026-06-29 15:15:12 [INFO] 正在下载正文附件: 中医养生保健规范起草说明(公开征求意见稿）)2018.6.15.doc
2026-06-29 15:15:24 [INFO] 正在下载正文附件: 附件岐黄学者（临床型）推荐审批表111.docx
2026-06-29 15:15:24 [INFO] 正在下载正文附件: 附件岐黄学者（科研型）推荐审批表(1)111.docx
2026-06-29 15:15:33 [INFO] 正在下载正文附件: 1.二级中医医院评审标准（2018年版）.doc
2026-06-29 15:15:33 [INFO] 正在下载正文附件: 2.二级中医医院分等标准和评审核心指标（2018年版）.doc
2026-06-29 15:15:34 [INFO] 正在下载正文附件: 3.二级中医医院评审标准实施细则（2018年版）.doc
2026-06-29 15:15:35 [INFO] 正在下载正文附件: 4.二级中医骨伤医院评审标准（2018年版）.doc
2026-06-29 15:15:35 [INFO] 正在下载正文附件: 5.二级中医骨伤医院分等标准和评审核心指标（2018年版）.doc
2026-06-29 15:15:35 [INFO] 正在下载正文附件: 6.二级中医骨伤医院评审标准实施细则（2018年版）.doc
2026-06-29 15:15:36 [INFO] 正在下载正文附件: 7.二级中医专科医院(不含中医骨伤医院)评审标准（2018年版）.doc
2026-06-29 15:15:37 [INFO] 正在下载正文附件: 8.二级中医专科医院(不含中医骨伤医院)分等标准和评审核心指标（2018年版）.doc
2026-06-29 15:15:37 [INFO] 正在下载正文附件: 9.二级中医专科医院（不含中医骨伤医院）评审标准实施细则（2018年版）.doc
2026-06-29 15:15:41 [INFO] 正在下载正文附件: 附件1 第五届全国悦读中医活动成员单位信息表.doc
2026-06-29 15:15:41 [INFO] 正在下载正文附件: 附件2 第五届全国悦读中医活动成员单位推送作品名额表.doc
2026-06-29 15:15:42 [INFO] 正在下载正文附件: 附件3 第五届全国悦读中医活动推荐阅读精选作品目录.doc
2026-06-29 15:15:42 [INFO] 正在下载正文附件: 附件4 第五届全国悦读中医活动作品创作要求.doc
2026-06-29 15:15:43 [INFO] 正在下载正文附件: 附件5 第五届全国悦读中医活动推送作品汇总表.doc
2026-06-29 15:15:43 [INFO] 正在下载正文附件: 附件6 第五届全国悦读中医活动作品诚信承诺书.doc
2026-06-29 15:15:47 [INFO] 正在下载正文附件: 附件1参加答辩申报单位名单及顺序.xlsx
2026-06-29 15:15:47 [INFO] 正在下载正文附件: 附件2现场答辩汇报提纲及材料附件要求.docx
2026-06-29 15:16:01 [INFO] 正在下载正文附件: 附件：古代经典名方目录（第一批）.docx
2026-06-29 15:16:06 [INFO] 正在下载正文附件: 部门公开表1：财政拨款收支总表.xls
2026-06-29 15:16:06 [INFO] 正在下载正文附件: 部门公开表2：一般公共预算支出表.xls
2026-06-29 15:16:07 [INFO] 正在下载正文附件: 部门公开表3：一般公共预算基本支出表.xls
2026-06-29 15:16:07 [INFO] 正在下载正文附件: 部门公开表4：一般公共预算“三公”经费支出表.xls
2026-06-29 15:16:07 [INFO] 正在下载正文附件: 部门公开表5：政府性基金预算支出表.xls
2026-06-29 15:16:08 [INFO] 正在下载正文附件: 部门公开表6：部门收支总表.xls
2026-06-29 15:16:08 [INFO] 正在下载正文附件: 部门公开表7：部门收入总表.xls
2026-06-29 15:16:08 [INFO] 正在下载正文附件: 部门公开表8：部门支出总表.xls
2026-06-29 15:16:23 [INFO] 正在下载正文附件: 附件.docx
2026-06-29 15:16:30 [INFO] 正在下载正文附件: 附件1.重点区域验收申请和结论书.docx
2026-06-29 15:16:30 [INFO] 正在下载正文附件: 附件2.骨干企业（机构）验收申请和结论书docx.docx
2026-06-29 15:16:30 [INFO] 正在下载正文附件: 附件3.中医药服务贸易重点区域建设自评表.docx
2026-06-29 15:16:30 [INFO] 正在下载正文附件: 附件3.重点区域验收评估打分表终.xls
2026-06-29 15:16:31 [INFO] 正在下载正文附件: 附件4.骨干企业（机构）建设自评表.docx
2026-06-29 15:16:31 [INFO] 正在下载正文附件: 附件4.重点企业（机构）验收评估打分表终.xls
2026-06-29 15:16:32 [INFO] 正在下载正文附件: 附件5 区域机构名录.docx
2026-06-29 15:16:32 [INFO] 正在下载正文附件: 附件6.填表说明.docx
2026-06-29 15:16:35 [INFO] >>> 开始爬取栏目：政策解读
2026-06-29 15:16:37 [INFO] 列表页请求成功：http://www.natcm.gov.cn/a/zcjd/，状态码：200
2026-06-29 15:16:37 [INFO] 栏目 [政策解读] 第 1 页解析到 25 条
2026-06-29 15:16:39 [INFO] 列表页请求成功：http://www.natcm.gov.cn/a/zcjd/index_2.html，状态码：200
2026-06-29 15:16:39 [INFO] 栏目 [政策解读] 第 2 页解析到 25 条
2026-06-29 15:16:40 [INFO] 列表页请求成功：http://www.natcm.gov.cn/a/zcjd/index_3.html，状态码：200
2026-06-29 15:16:40 [INFO] 栏目 [政策解读] 第 3 页解析到 17 条
2026-06-29 15:16:42 [INFO] 列表页请求成功：http://www.natcm.gov.cn/a/zcjd/index_4.html，状态码：200
2026-06-29 15:16:42 [INFO] 栏目 [政策解读] 第 4 页解析到 1 条
2026-06-29 15:16:43 [INFO] 列表页请求成功：http://www.natcm.gov.cn/a/zcjd/index_5.html，状态码：200
2026-06-29 15:16:43 [INFO] 栏目 [政策解读] 第 5 页解析到 25 条
2026-06-29 15:23:06 [INFO] >>> 开始爬取栏目：通知公告
2026-06-29 15:23:08 [INFO] 列表页请求成功：http://www.natcm.gov.cn/a/tzgg/，状态码：200
2026-06-29 15:23:08 [INFO] 栏目 [通知公告] 第 1 页解析到 25 条
2026-06-29 15:23:10 [INFO] 列表页请求成功：http://www.natcm.gov.cn/a/tzgg/index_2.html，状态码：200
2026-06-29 15:23:10 [INFO] 栏目 [通知公告] 第 2 页解析到 25 条
2026-06-29 15:23:12 [INFO] 列表页请求成功：http://www.natcm.gov.cn/a/tzgg/index_3.html，状态码：200
2026-06-29 15:23:12 [INFO] 栏目 [通知公告] 第 3 页解析到 25 条
2026-06-29 15:23:14 [INFO] 列表页请求成功：http://www.natcm.gov.cn/a/tzgg/index_4.html，状态码：200
2026-06-29 15:23:14 [INFO] 栏目 [通知公告] 第 4 页解析到 25 条
2026-06-29 15:23:15 [INFO] 列表页请求成功：http://www.natcm.gov.cn/a/tzgg/index_5.html，状态码：200
2026-06-29 15:23:16 [INFO] 栏目 [通知公告] 第 5 页解析到 25 条
2026-06-29 15:23:24 [INFO] 正在下载正文附件: 附件2.doc
2026-06-29 15:23:32 [INFO] 正在下载正文附件: 1778148233360011009.doc
2026-06-29 15:23:32 [ERROR] 正文附件下载失败: 1778148233360011009.doc, 目标链接: http://www.natcm.gov.cn/d/file/p/2026/05-08/c7e834ce44f189dc730b4c9f748d79ee.doc
2026-06-29 15:23:41 [INFO] 正在下载正文附件: 面试人员名单.docx
2026-06-29 15:23:41 [INFO] 正在下载正文附件: 确认参加面试声明模板.docx
2026-06-29 15:23:41 [INFO] 正在下载正文附件: 放弃面试资格声明模板.docx
2026-06-29 15:23:42 [INFO] 正在下载正文附件: 考生信息表.xlsx
2026-06-29 15:23:55 [INFO] 正在下载正文附件: 标准草案.rar
2026-06-29 15:23:56 [INFO] 正在下载正文附件: 项目建议书.doc
2026-06-29 15:23:56 [INFO] 正在下载正文附件: 项目申报书.doc
2026-06-29 15:23:58 [INFO] 正在下载正文附件: 项目建议汇总表.doc
2026-06-29 15:24:06 [INFO] 正在下载正文附件: 附件1.doc
2026-06-29 15:24:06 [INFO] 正在下载正文附件: 附件2.doc
2026-06-29 15:24:21 [INFO] 正在下载正文附件: 2025年度中医药继续教育推荐项目.xlsx
2026-06-29 15:24:21 [INFO] 正在下载正文附件: 中医药继续教育推荐项目学员信息登记表.docx
2026-06-29 15:24:22 [INFO] 正在下载正文附件: 中医药继续教育推荐项目执行情况抽查评价表.docx
2026-06-29 15:24:23 [INFO] 正在下载正文附件: 中医药继续教育推荐项目执行情况学员调查表.docx
2026-06-29 15:24:28 [INFO] 正在下载正文附件: 项目申报书.docx
2026-06-29 15:24:33 [INFO] 正在下载正文附件: 2022-2023年度全国平安医院建设表现突出地区名单.pdf
2026-06-29 15:24:33 [INFO] 正在下载正文附件: 2022-2023年度全国平安医院建设表现突出集体名单.pdf
2026-06-29 15:24:34 [INFO] 正在下载正文附件: 2022-2023年度全国平安医院建设表现突出个人名单.pdf
2026-06-29 15:24:39 [INFO] 正在下载正文附件: 重大疑难疾病中西医临床协作项目建设管理办法.pdf
2026-06-29 15:24:48 [INFO] 正在下载正文附件: 国家中医药管理局2025年度国家科学技术奖提名项目简表.pdf
2026-06-29 15:24:49 [INFO] 正在下载正文附件: 国家中医药管理局2025年度国家科学技术奖提名项目主要信息.pdf
2026-06-29 15:24:49 [INFO] 正在下载正文附件: 2025年度国家科学技术奖审核推荐专家名单.pdf
2026-06-29 15:24:55 [INFO] 正在下载正文附件: 全国中医药经济管理领军人才第二期拟入选人员名单.pdf
2026-06-29 15:25:03 [INFO] 正在下载正文附件: 智慧中医医院试点项目建设单位公示名单.xlsx
2026-06-29 15:25:07 [INFO] 正在下载正文附件: 国家中医药管理局2025年度公开遴选公务员拟任职人员.doc
2026-06-29 15:25:12 [INFO] 正在下载正文附件: 全国中医药经济管理领军人才第二期选拔面试名单.xlsx
2026-06-29 15:25:16 [INFO] 正在下载正文附件: 全国中医药经济管理领军人才选拔申报表.docx
2026-06-29 15:25:16 [INFO] 正在下载正文附件: 各省(区、市)及新疆生产建设兵团笔试推荐人选指标表.xlsx
2026-06-29 15:25:17 [INFO] 正在下载正文附件: 全国中医药经济管理领军人才选拔考试报名汇总表.docx
2026-06-29 15:25:22 [INFO] 正在下载正文附件: 面试人员名单.docx
2026-06-29 15:25:22 [INFO] 正在下载正文附件: 确认参加面试声明模板.docx
2026-06-29 15:25:22 [INFO] 正在下载正文附件: 放弃面试资格声明模板.docx
2026-06-29 15:25:22 [INFO] 正在下载正文附件: 考生信息表.xlsx
2026-06-29 15:25:27 [INFO] 正在下载正文附件: 国家中医药管理局主责国家重点研发计划重点专项管理实施细则.docx
2026-06-29 15:25:30 [INFO] 正在下载正文附件: 国家中医药管理局重点实验室管理办法.docx
2026-06-29 15:25:34 [INFO] 正在下载正文附件: 国家重点研发计划“中医药现代化”重点专项2025年度项目建议表.doc
2026-06-29 15:25:39 [INFO] 正在下载正文附件: 古代经典名方关键信息表(“旋覆代赭汤”等43首方剂).pdf
2026-06-29 15:25:45 [INFO] 正在下载正文附件: 国家中西医结合医学中心(中西医结合医院)设置标准.pdf
2026-06-29 15:25:50 [INFO] 正在下载正文附件: 重大疑难疾病中西医临床协作项目公示名单.pdf
2026-06-29 15:25:54 [INFO] 正在下载正文附件: “白求恩奖章”获得者拟表彰名单.pdf
2026-06-29 15:25:55 [INFO] 正在下载正文附件: 全国卫生健康系统先进集体拟表彰名单.pdf
2026-06-29 15:25:55 [INFO] 正在下载正文附件: 全国卫生健康系统先进工作者拟表彰名单.pdf
2026-06-29 15:26:00 [INFO] 正在下载正文附件: 古代经典名方关键信息表(“旋覆代赭汤”等43首方剂)(征求意见稿).docx
2026-06-29 15:26:02 [INFO] 正在下载正文附件: 古代经典名方关键信息表(“旋覆代赭汤”等43首方剂)(征求意见稿)编制说明.docx
2026-06-29 15:26:02 [INFO] 正在下载正文附件: 征求意见反馈表.docx
2026-06-29 15:26:06 [INFO] 正在下载正文附件: 《国家药监局 国家中医药局关于支持珍稀濒危中药材替代品研制有关事项的公告》政策解读.doc
2026-06-29 15:26:10 [INFO] 正在下载正文附件: 中医内科病证诊断与疗效评价规范 中风(征求意见稿).docx
2026-06-29 15:26:11 [INFO] 正在下载正文附件: 中医内科病证诊断与疗效评价规范 眩晕(征求意见稿).docx
2026-06-29 15:26:11 [INFO] 正在下载正文附件: 中医内科病证诊断与疗效评价规范 哮病(征求意见稿).docx
2026-06-29 15:26:12 [INFO] 正在下载正文附件: 中医妇科病证诊断与疗效评价规范 痛经(征求意见稿).docx
2026-06-29 15:26:12 [INFO] 正在下载正文附件: 中医儿科病证诊断与疗效评价规范 哮喘(征求意见稿).docx
2026-06-29 15:26:13 [INFO] 正在下载正文附件: 《中医内科病证诊断与疗效评价规范 中风(征求意见稿)》编制说明.docx
2026-06-29 15:26:13 [INFO] 正在下载正文附件: 《中医内科病证诊断与疗效评价规范 眩晕(征求意见稿)》编制说明.docx
2026-06-29 15:26:14 [INFO] 正在下载正文附件: 《中医内科病证诊断与疗效评价规范 哮病(征求意见稿)》编制说明.docx
2026-06-29 15:26:14 [INFO] 正在下载正文附件: 《中医妇科病证诊断与疗效评价规范 痛经(征求意见稿)》编制说明.docx
2026-06-29 15:26:15 [INFO] 正在下载正文附件: 《中医儿科病证诊断与疗效评价规范 哮喘(征求意见稿)》编制说明.docx
2026-06-29 15:26:15 [INFO] 正在下载正文附件: 公开征求意见反馈表.docx
2026-06-29 15:26:23 [INFO] 正在下载正文附件: 项目申报书.docx
2026-06-29 15:26:26 [INFO] 正在下载正文附件: 国家中医药管理局中药炮制技术传承基地建设管理办法.docx
2026-06-29 15:26:27 [INFO] 正在下载正文附件: 国家中医药管理局中药炮制技术传承基地建设标准.docx
2026-06-29 15:26:31 [INFO] 正在下载正文附件: 2024年全国中医药监督执法骨干培养项目培养对象名单.docx
2026-06-29 15:26:40 [INFO] 正在下载正文附件: 中医病证诊断与疗效评价规范制修订通则.pdf
2026-06-29 15:26:45 [INFO] 正在下载正文附件: 项目申报书.docx
2026-06-29 15:26:49 [INFO] 正在下载正文附件: 中西医协同“旗舰”科室(建设项目)公示名单.pdf
2026-06-29 15:26:50 [INFO] 正在下载正文附件: 中西医协同“旗舰”科室(培育项目)公示名单.pdf
2026-06-29 15:26:55 [INFO] 正在下载正文附件: 2024年度国家级中医药继续教育备案项目.xlsx
2026-06-29 15:26:55 [INFO] 正在下载正文附件: 2024年度国家级中医药继续教育年度项目.xlsx
2026-06-29 15:26:56 [INFO] 正在下载正文附件: 国家级中医药继续教育项目学员信息登记表.docx
2026-06-29 15:26:56 [INFO] 正在下载正文附件: 国家级中医药继续教育项目执行情况抽查评价表.docx
2026-06-29 15:26:56 [INFO] 正在下载正文附件: 国家级中医药继续教育项目执行情况学员调查表.docx
2026-06-29 15:27:01 [INFO] 正在下载正文附件: 中医医院康复科推荐配置标准.pdf
2026-06-29 15:27:04 [INFO] 正在下载正文附件: 全国中医药经济管理领军人才第一期拟入选人员名单.xlsx
2026-06-29 15:27:08 [INFO] 正在下载正文附件: 国家中医药管理局2024年度拟录用公务员名单.doc
2026-06-29 15:27:12 [INFO] 正在下载正文附件: 国家中医药管理局2024年度公开遴选公务员拟任职人员.doc
2026-06-29 15:27:17 [INFO] 正在下载正文附件: 国家中医药传承创新发展试验区名单.docx
2026-06-29 15:27:21 [INFO] 正在下载正文附件: 国家中医优势专科建设单位公示名单.pdf
2026-06-29 15:27:22 [INFO] 正在下载正文附件: 国家中医优势专科培育单位公示名单.pdf
2026-06-29 15:27:26 [INFO] 正在下载正文附件: 全国中医药经济管理领军人才第一期选拔面试名单.xlsx
2026-06-29 15:27:31 [INFO] 正在下载正文附件: 国家中医药管理局行政规范性文件合法性审核申请表.docx
2026-06-29 15:27:31 [INFO] 正在下载正文附件: 国家中医药管理局行政规范性文件合法性自评表.docx
2026-06-29 15:27:31 [INFO] 正在下载正文附件: 国家中医药管理局行政规范性文件合法性审核意见表.docx
2026-06-29 15:27:36 [INFO] 正在下载正文附件: 国家中医药管理局现行有效的行政规范性文件目录.xls
2026-06-29 15:27:36 [INFO] 正在下载正文附件: 国家中医药管理局决定废止的行政规范性文件目录.xls
2026-06-29 15:27:40 [INFO] 正在下载正文附件: 国家中医药管理局拟新增全国中医药文化宣传教育基地名单.docx
2026-06-29 15:27:44 [INFO] 正在下载正文附件: 全国中医药经济管理领军人才选拔申报表.docx
2026-06-29 15:27:44 [INFO] 正在下载正文附件: 各省(区、市)及新疆生产建设兵团笔试推荐人选指标表.docx
2026-06-29 15:27:45 [INFO] 正在下载正文附件: 全国中医药经济管理领军人才选拔考试报名汇总表.docx
2026-06-29 15:27:49 [INFO] 正在下载正文附件: 国家重点研发计划“中医药现代化”重点专项 2024年度项目建议表.xlsx
2026-06-29 15:27:57 [INFO] 正在下载正文附件: 面试人员名单.docx
2026-06-29 15:27:57 [INFO] 正在下载正文附件: 确认参加面试声明模板.docx
2026-06-29 15:27:58 [INFO] 正在下载正文附件: 放弃面试资格声明模板.docx
2026-06-29 15:27:58 [INFO] 正在下载正文附件: 待业情况说明模板.docx
2026-06-29 15:27:58 [INFO] 正在下载正文附件: 考生信息表.xlsx
2026-06-29 15:28:03 [INFO] 正在下载正文附件: 面试人员名单.docx
2026-06-29 15:28:03 [INFO] 正在下载正文附件: 确认参加面试声明模板.docx
2026-06-29 15:28:04 [INFO] 正在下载正文附件: 放弃面试资格声明模板.docx
2026-06-29 15:28:04 [INFO] 正在下载正文附件: 考生信息表.xlsx
2026-06-29 15:28:12 [INFO] 正在下载正文附件: 国家中医药管理局行政复议与行政应诉管理办法（征求意见稿）.pdf
2026-06-29 15:28:15 [INFO] 正在下载正文附件: 国家中医药管理局2023年度国家科学技术奖提名项目简表.pdf
2026-06-29 15:28:16 [INFO] 正在下载正文附件: 国家中医药管理局2023年度国家科学技术奖提名项目主要信息.pdf
2026-06-29 15:28:16 [INFO] 正在下载正文附件: 审核推荐专家名单.pdf
2026-06-29 15:28:21 [INFO] 正在下载正文附件: 县级中医医院“两专科一中心”项目建设管理办法.doc
2026-06-29 15:28:26 [INFO] 正在下载正文附件: 中医康复中心建设单位名单.doc
2026-06-29 15:28:51 [INFO] 正在下载正文附件: 国家中医药管理局直属单位2023年拟接收毕业生情况公示.xls
2026-06-29 15:28:57 [INFO] 正在下载正文附件: 古代经典名方目录(第二批)-汉族医药.pdf
2026-06-29 15:29:02 [INFO] 正在下载正文附件: 古代经典名方目录(第二批)-藏医药.pdf
2026-06-29 15:29:03 [INFO] 正在下载正文附件: 古代经典名方目录(第二批)-蒙医药.pdf
2026-06-29 15:29:14 [INFO] 正在下载正文附件: 古代经典名方目录(第二批)-维医药.pdf
2026-06-29 15:29:17 [INFO] 正在下载正文附件: 古代经典名方目录(第二批)-傣医药.pdf
2026-06-29 15:29:24 [INFO] 正在下载正文附件: 古代经典名方关键信息表(“竹叶石膏汤”等25首方剂).docx
2026-06-29 15:29:39 [INFO] 正在下载正文附件: 《古代医家论医德医风医道》.pdf
2026-06-29 15:29:43 [INFO] 正在下载正文附件: 古代经典名方关键信息表(“异功散”等儿科7首方剂).docx
2026-06-29 15:29:48 [INFO] 正在下载正文附件: 国家中医药管理局2023年度公开遴选公务员拟任职人员.doc
2026-06-29 15:29:52 [INFO] 正在下载正文附件: 国家中医药管理局2023年度拟录用公务员名单.doc
2026-06-29 15:29:58 [INFO] 正在下载正文附件: 高水平中医药重点学科建设项目拟入选名单.doc
2026-06-29 15:30:26 [INFO] 正在下载正文附件: 国家二级公立中医医院绩效考核操作手册(2023版).docx
2026-06-29 15:30:48 [INFO] 正在下载正文附件: 附件1-4.docx
2026-06-29 15:30:48 [INFO] 正在下载正文附件: 附件5.xlsx
2026-06-29 15:30:52 [INFO] 正在下载正文附件: 附件1-3.docx
2026-06-29 15:30:53 [INFO] 正在下载正文附件: 附件4.xlsx
2026-06-29 15:30:56 [INFO] 正在下载正文附件: 2023年度国家级中医药继续教育备案项目.xlsx
2026-06-29 15:30:56 [INFO] 正在下载正文附件: 2023年度国家级中医药继续教育年度项目.xlsx
2026-06-29 15:30:56 [INFO] 正在下载正文附件: 国家级中医药继续教育项目学员信息登记表.docx
2026-06-29 15:30:57 [INFO] 正在下载正文附件: 国家级中医药继续教育项目执行情况抽查评价表.docx
2026-06-29 15:30:57 [INFO] 正在下载正文附件: 国家级中医药继续教育项目执行情况学员调查表.docx
2026-06-29 15:31:04 [INFO] 正在下载正文附件: 中医药传承创新发展示范试点项目实施方案编制提纲.doc
2026-06-29 15:31:09 [INFO] 正在下载正文附件: 国家三级公立中医医院绩效考核操作手册(2023版).pdf
2026-06-29 15:31:15 [INFO] 正在下载正文附件: 第二批全国西医学习中医优秀人才研修项目实施方案.doc
2026-06-29 15:31:15 [INFO] 正在下载正文附件: 第二批全国西医学习中医优秀人才研修项目申报表.doc
2026-06-29 15:31:16 [INFO] 正在下载正文附件: 第二批全国西医学习中医优秀人才研修项目研修学员候选人基本情况汇总表.doc
2026-06-29 15:31:31 [INFO] 正在下载正文附件: 治疗新冠病毒感染中药协定方推荐方案.doc
2026-06-29 15:31:44 [INFO] 正在下载正文附件: 治疗新冠病毒感染中药协定方范例.doc
2026-06-29 15:31:54 [INFO] 正在下载正文附件: 国家中医药管理局2022年度拟录用公务员名单(第二批).doc
2026-06-29 15:31:58 [INFO] 正在下载正文附件: 国家中医药管理局2022年度公开遴选公务员拟任职人员.doc
2026-06-29 15:32:17 [INFO] 正在下载正文附件: 基层医疗卫生机构发展和服务国家级绩效评价方案（2022）.pdf
2026-06-29 15:32:32 [INFO] 正在下载正文附件: 国家中医药管理局机关专项“中医药传统知识保护与发展”项目申报书(模板).doc
2026-06-29 15:32:36 [INFO] 正在下载正文附件: 中医养生保健服务规范(试行)(征求意见稿).doc
2026-06-29 15:32:37 [INFO] 正在下载正文附件: 《中医养生保健服务规范(试行)(征求意见稿)》起草说明.doc
2026-06-29 15:32:45 [INFO] 正在下载正文附件: 中西医结合诊疗方案制修订组织管理.doc
2026-06-29 15:32:46 [INFO] 正在下载正文附件: 重大疑难疾病中西医临床协作项目扩大试点工作方案制定及遴选.doc
2026-06-29 15:32:47 [INFO] 正在下载正文附件: 中西医结合诊疗方案汇编并组织出版推广.doc
2026-06-29 15:32:54 [INFO] 正在下载正文附件: 部分手术操作分类代码调整目录.docx
2026-06-29 15:32:55 [INFO] 正在下载正文附件: 绩效考核手术相关目录修订建议申请表（医院）.docx
2026-06-29 15:32:59 [INFO] 正在下载正文附件: 国家中医药管理局拟推荐申报第六批国家级非遗代表性传承人名单.doc
2026-06-29 15:33:02 [INFO] 正在下载正文附件: 古代经典名方关键信息表(25首方剂).pdf
2026-06-29 15:33:09 [INFO] 正在下载正文附件: 国家中医药管理局直属单位2022年拟接收毕业生情况公示.xls
2026-06-29 15:33:14 [INFO] 正在下载正文附件: 公立医院高质量发展评价指标（试行）.pdf
2026-06-29 15:33:15 [INFO] 正在下载正文附件: 公立中医医院高质量发展评价指标（试行）.pdf
2026-06-29 15:33:18 [INFO] [国家中医药管理局] 爬取完毕！成功 351 条，失败 0 条，数据保存至：D:\LZH\A-Project\Crawler311\corpus_crawler\Crawler_Gov\data\output\natcm_all_documents.jsonl

